segment_key,time_slot,avg_speed,pct_below_20,pct_below_15,mean_slot,std_slot,free_flow,z,relative_drop,is_bottleneck_slot,severity_score
SEG_01_201_202_AB,0,37.933904874697156,0.00039872408293460925,0.0,29.46896061241812,6.389400655762469,40.39419363463858,1.3248416742569864,0.060906990301489654,false,0.000024285083852268603
SEG_01_201_202_AB,30,37.904024097702056,0.00312256049960968,0.0,29.46896061241812,6.389400655762469,40.39419363463858,1.3201650576844834,0.0616467198097791,false,0.00019249561220852177
SEG_01_201_202_AB,100,37.94367214255549,0.0030048076923076925,0.0,29.46896061241812,6.389400655762469,40.39419363463858,1.3263703415584378,0.06066519149380258,false,0.0001822872340558972
SEG_01_201_202_AB,130,38.58190835917039,0.0012004801920768306,0.0,29.46896061241812,6.389400655762469,40.39419363463858,1.4262601827189365,0.04486499450540168,false,0.00005385953722137056
SEG_01_201_202_AB,200,38.4907533983315,0.0024615384615384616,0.0,29.46896061241812,6.389400655762469,40.39419363463858,1.4119935925096214,0.047121629745193315,false,0.00011599170398816817
SEG_01_201_202_AB,230,38.8740023885784,0.0,0.0,29.46896061241812,6.389400655762469,40.39419363463858,1.4719755862669315,0.03763390500650076,false,0.0
SEG_01_201_202_AB,300,38.97825555148056,0.0006002400960384153,0.0,29.46896061241812,6.389400655762469,40.39419363463858,1.4882921656331256,0.03505301024115105,false,0.000021040222233584062
SEG_01_201_202_AB,330,39.79196012749395,0.0,0.0,29.46896061241812,6.389400655762469,40.39419363463858,1.615644419757232,0.014908912716311992,false,0.0
SEG_01_201_202_AB,400,39.88870680134074,0.0005998800239952009,0.0,29.46896061241812,6.389400655762469,40.39419363463858,1.6307861645090709,0.012513848843472949,false,7.5068079444948696e-6
SEG_01_201_202_AB,430,40.39419363463858,0.0,0.0,29.46896061241812,6.389400655762469,40.39419363463858,1.7098995055768214,0.0,false,0.0
SEG_01_201_202_AB,500,40.071251125112056,0.0008022462896109105,0.00040112314480545525,29.46896061241812,6.389400655762469,40.39419363463858,1.6593560310123843,0.007994775497872529,false,6.413778979440456e-6
SEG_01_201_202_AB,530,38.31654310320557,0.0007861635220125787,0.0,29.46896061241812,6.389400655762469,40.39419363463858,1.3847280781817926,0.0514343856006919,false,0.00004043583773639301
SEG_01_201_202_AB,600,34.35046519140735,0.000591715976331361,0.0,29.46896061241812,6.389400655762469,40.39419363463858,0.7640003878277228,0.14961874218597224,false,0.00008853180011004275
SEG_01_201_202_AB,630,32.32611734945124,0.002362204724409449,0.0,29.46896061241812,6.389400655762469,40.39419363463858,0.4471713218447661,0.19973356463461764,false,0.0004718115700030338
SEG_01_201_202_AB,700,30.672291213005142,0.00530035335689046,0.0,29.46896061241812,6.389400655762469,40.39419363463858,0.18833231243712412,0.2406757394284701,false,0.001275666463401785
SEG_01_201_202_AB,730,25.15196287038455,0.12175962293794187,0.0007855459544383347,29.46896061241812,6.389400655762469,40.39419363463858,-0.6756498730659747,0.37733717133007966,false,0.04594443170162007
SEG_01_201_202_AB,800,23.603376728441358,0.19505008839127871,0.00648202710665881,29.46896061241812,6.389400655762469,40.39419363463858,-0.9180178548807565,0.41567402132268005,false,0.08107725460094702
SEG_01_201_202_AB,830,23.285771305791858,0.15981012658227847,0.0031645569620253164,29.46896061241812,6.389400655762469,40.39419363463858,-0.9677260262353041,0.42353667172046267,false,0.06768544911988406
SEG_01_201_202_AB,900,25.985856155776126,0.07113218731475993,0.0,29.46896061241812,6.389400655762469,40.39419363463858,-0.5451379001410175,0.3566932814449626,false,0.02537237330965946
SEG_01_201_202_AB,930,26.46105794932467,0.07867820613690008,0.0007867820613690008,29.46896061241812,6.389400655762469,40.39419363463858,-0.47076444648696186,0.3449291700519566,false,0.027138408343977703
SEG_01_201_202_AB,1000,25.40489134392637,0.12103407755581669,0.002937720329024677,29.46896061241812,6.389400655762469,40.39419363463858,-0.6360642394254067,0.3710756656337528,false,0.04491280089339194
SEG_01_201_202_AB,1030,25.32523070753154,0.1315325895478567,0.0017615971814445098,29.46896061241812,6.389400655762469,40.39419363463858,-0.6485318620846597,0.3730477469956276,false,0.04906793618732858
SEG_01_201_202_AB,1100,24.833263716038136,0.15084134615384615,0.005408653846153846,29.46896061241812,6.389400655762469,40.39419363463858,-0.7255292234959695,0.38522689818609807,false,0.05810814389706166
SEG_01_201_202_AB,1130,24.29267738661249,0.16971125515615793,0.005303476723629935,29.46896061241812,6.389400655762469,40.39419363463858,-0.8101359587048663,0.39860967132213826,false,0.06764854763746365
SEG_01_201_202_AB,1200,24.94148805662311,0.14200831847890671,0.0035650623885918,29.46896061241812,6.389400655762469,40.39419363463858,-0.7085911182783275,0.3825476928140623,false,0.05432495459451033
SEG_01_201_202_AB,1230,25.375794836577132,0.12082111436950146,0.00469208211143695,29.46896061241812,6.389400655762469,40.39419363463858,-0.640618110581224,0.3717959797366264,false,0.04492080458987979
SEG_01_201_202_AB,1300,25.04292396513977,0.12222222222222222,0.0011695906432748538,29.46896061241812,6.389400655762469,40.39419363463858,-0.6927154651487689,0.38003654209190313,false,0.04644891070012149
SEG_01_201_202_AB,1330,24.11526628920507,0.1501766784452297,0.006478209658421673,29.46896061241812,6.389400655762469,40.39419363463858,-0.8379024280445868,0.40300166634528645,false,0.06052145165962783
SEG_01_201_202_AB,1400,23.967985772318105,0.16039952996474735,0.006462984723854289,29.46896061241812,6.389400655762469,40.39419363463858,-0.8609531842613121,0.4066477477157701,false,0.06522610759483269
SEG_01_201_202_AB,1430,23.853666919532102,0.1828206616366802,0.012188044109112013,29.46896061241812,6.389400655762469,40.39419363463858,-0.8788451367221272,0.40947782903438745,false,0.07486100762961813
SEG_01_201_202_AB,1500,23.44023630567263,0.1875,0.009765625,29.46896061241812,6.389400655762469,40.39419363463858,-0.9435508323160647,0.4197127310502294,false,0.07869613707191801
SEG_01_201_202_AB,1530,23.139307263819468,0.20354330708661417,0.00984251968503937,29.46896061241812,6.389400655762469,40.39419363463858,-0.9906489966144267,0.427162540410828,false,0.0869460761387394
SEG_01_201_202_AB,1600,22.704537544257807,0.2371377882909521,0.01655824955647546,29.46896061241812,6.389400655762469,40.39419363463858,-1.0586944586202491,0.43792571403657504,true,0.10384873526236937
SEG_01_201_202_AB,1630,22.491732867115818,0.26920031670625494,0.026128266033254157,29.46896061241812,6.389400655762469,40.39419363463858,-1.0920003488918295,0.44319391369583266,true,0.11930794192920277
SEG_01_201_202_AB,1700,22.009067505357283,0.28994082840236685,0.03964497041420118,29.46896061241812,6.389400655762469,40.39419363463858,-1.1675419196529664,0.45514279343147473,true,0.13196447856888913
SEG_01_201_202_AB,1730,21.45262330157923,0.350197628458498,0.048221343873517786,29.46896061241812,6.389400655762469,40.39419363463858,-1.2546305581274073,0.4689181446319724,true,0.1642140221912757
SEG_01_201_202_AB,1800,21.82290666594356,0.3161676646706587,0.04730538922155689,29.46896061241812,6.389400655762469,40.39419363463858,-1.1966778041346868,0.4597513973585027,true,0.14535852563190985
SEG_01_201_202_AB,1830,22.940307093934784,0.24,0.03137254901960784,29.46896061241812,6.389400655762469,40.39419363463858,-1.0217943544666082,0.43208899522967203,true,0.10370135885512129
SEG_01_201_202_AB,1900,25.814828470615584,0.12910798122065728,0.01643192488262911,29.46896061241812,6.389400655762469,40.39419363463858,-0.5719053067218359,0.36092724850239344,false,0.046598588421670514
SEG_01_201_202_AB,1930,27.696462506505867,0.059665871121718374,0.0015910898965791568,29.46896061241812,6.389400655762469,40.39419363463858,-0.2774122646877172,0.31434545377938267,false,0.018755695332898725
SEG_01_201_202_AB,2000,28.24545608543283,0.028093245666467422,0.001195457262402869,29.46896061241812,6.389400655762469,40.39419363463858,-0.19148971756558011,0.3007545504952979,false,0.008449171472372386
SEG_01_201_202_AB,2030,28.871653670918782,0.023980815347721823,0.002997601918465228,29.46896061241812,6.389400655762469,40.39419363463858,-0.09348403296021794,0.28525238225919336,false,0.006840584706455476
SEG_01_201_202_AB,2100,28.88307992470083,0.021415823914336704,0.000594883997620464,29.46896061241812,6.389400655762469,40.39419363463858,-0.09169571909516976,0.28496951354084743,false,0.006102856922944978
SEG_01_201_202_AB,2130,29.013321888921713,0.018452380952380953,0.0,29.46896061241812,6.389400655762469,40.39419363463858,-0.07131165316507036,0.28174523914639094,false,0.00519887048424888
SEG_01_201_202_AB,2200,29.83223255052834,0.011904761904761904,0.0005952380952380953,29.46896061241812,6.389400655762469,40.39419363463858,0.056855401262494366,0.26147225959359705,false,0.003112764995161869
SEG_01_201_202_AB,2230,31.858706063382943,0.005306603773584905,0.0,29.46896061241812,6.389400655762469,40.39419363463858,0.3740171543021898,0.21130481396554826,false,0.0011213109231662348
SEG_01_201_202_AB,2300,33.1777822570473,0.0017699115044247787,0.0,29.46896061241812,6.389400655762469,40.39419363463858,0.5804647171850569,0.17864971987961933,false,0.00031619419447720236
SEG_01_201_202_AB,2330,34.95660406894246,0.0005963029218843172,0.0,29.46896061241812,6.389400655762469,40.39419363463858,0.8588667000519288,0.13461314799049023,false,0.00008027021347077533
SEG_01_201_202_BA,0,36.33203067434252,0.0035885167464114833,0.0,29.1952539727495,5.163073446595121,36.33203067434252,1.3822729378950613,0.0,false,0.0
SEG_01_201_202_BA,30,35.22437295784504,0.00117096018735363,0.0,29.1952539727495,5.163073446595121,36.33203067434252,1.167738372784828,0.030487085250638073,false,0.000035699163056953246
SEG_01_201_202_BA,100,34.620988808502005,0.0030048076923076925,0.0,29.1952539727495,5.163073446595121,36.33203067434252,1.0508730685074024,0.04709458387220955,false,0.00014151016788524506
SEG_01_201_202_BA,130,35.36842811871366,0.004201680672268907,0.0,29.1952539727495,5.163073446595121,36.33203067434252,1.1956394209412546,0.02652212215347905,false,0.00011143748803982794
SEG_01_201_202_BA,200,35.38184788690028,0.0018461538461538461,0.0,29.1952539727495,5.163073446595121,36.33203067434252,1.1982386030612517,0.02615275749266752,false,0.00004828201383261696
SEG_01_201_202_BA,230,35.99754228530233,0.0018226002430133657,0.0,29.1952539727495,5.163073446595121,36.33203067434252,1.3174881943697154,0.00920643252887053,false,0.000016779646164405582
SEG_01_201_202_BA,300,36.2705699601527,0.0006002400960384153,0.0,29.1952539727495,5.163073446595121,36.33203067434252,1.370369037083743,0.0016916399399944271,false,1.015390120044674e-6
SEG_01_201_202_BA,330,36.16371184616669,0.0018105009052504525,0.0,29.1952539727495,5.163073446595121,36.33203067434252,1.3496724277692895,0.004632794397993655,false,8.387678451406738e-6
SEG_01_201_202_BA,400,36.23209019262465,0.0011997600479904018,0.0,29.1952539727495,5.163073446595121,36.33203067434252,1.3629161569482837,0.002750754082910184,false,3.3002448505221162e-6
SEG_01_201_202_BA,430,36.32565385847022,0.0005927682276229994,0.0,29.1952539727495,5.163073446595121,36.33203067434252,1.381037856516061,0.00017551498647181424,false,1.0403970745217204e-7
SEG_01_201_202_BA,500,35.841886041046614,0.0020056157240272766,0.0,29.1952539727495,5.163073446595121,36.33203067434252,1.287340212578295,0.013490702947194275,false,0.00002705716595907396
SEG_01_201_202_BA,530,34.898868463459614,0.00039308176100628933,0.0,29.1952539727495,5.163073446595121,36.33203067434252,1.104693657703332,0.039446245758429255,false,0.000015505599747810244
SEG_01_201_202_BA,600,32.1208533972235,0.00650887573964497,0.0,29.1952539727495,5.163073446595121,36.33203067434252,0.5666391258492236,0.11590811740927354,false,0.0007544315334331414
SEG_01_201_202_BA,630,30.83845051118246,0.01889763779527559,0.0,29.1952539727495,5.163073446595121,36.33203067434252,0.31825937698341183,0.1512048751802798,false,0.0028574149640367835
SEG_01_201_202_BA,700,31.788875780751322,0.01707891637220259,0.0,29.1952539727495,5.163073446595121,36.33203067434252,0.5023406765038816,0.12504544362832842,false,0.0021356406744531945
SEG_01_201_202_BA,730,33.99391484925136,0.018067556952081697,0.0,29.1952539727495,5.163073446595121,36.33203067434252,0.92941944873289,0.06435411898796846,false,0.0011627217099161623
SEG_01_201_202_BA,800,31.38062781920783,0.03948143783146729,0.004714201532115498,29.1952539727495,5.163073446595121,36.33203067434252,0.42326995133092915,0.1362820289214206,false,0.005380610452407295
SEG_01_201_202_BA,830,30.95719061768173,0.03560126582278481,0.003955696202531646,29.1952539727495,5.163073446595121,36.33203067434252,0.3412573272793877,0.14793668168007115,false,0.005266733129432913
SEG_01_201_202_BA,900,31.109102862187026,0.04030823947836396,0.004149377593360996,29.1952539727495,5.163073446595121,36.33203067434252,0.37068015964398987,0.14375546082107368,false,0.005794529541098406
SEG_01_201_202_BA,930,27.372246893404682,0.0975609756097561,0.015735641227380016,29.1952539727495,5.163073446595121,36.33203067434252,-0.35308563749892674,0.24660839525452638,false,0.02405935563458794
SEG_01_201_202_BA,1000,26.088044686330186,0.11809635722679201,0.041128084606345476,29.1952539727495,5.163073446595121,36.33203067434252,-0.6018138844157678,0.28195467739838115,false,0.03329782030380412
SEG_01_201_202_BA,1030,25.97015119969949,0.13270698766881972,0.051673517322372284,29.1952539727495,5.163073446595121,36.33203067434252,-0.6246478587626643,0.2851995685988598,false,0.037847975633201594
SEG_01_201_202_BA,1100,24.49012076546972,0.16466346153846154,0.06971153846153846,29.1952539727495,5.163073446595121,36.33203067434252,-0.9113047211022468,0.3259358117088537,false,0.053669718995328075
SEG_01_201_202_BA,1130,23.691468960992488,0.19033588685916322,0.07012374779021803,29.1952539727495,5.163073446595121,36.33203067434252,-1.0659900674832703,0.34791784215564714,true,0.06622125104082147
SEG_01_201_202_BA,1200,24.701395232711032,0.1509209744503862,0.055852644087938205,29.1952539727495,5.163073446595121,36.33203067434252,-0.8703844302277015,0.3201207096262026,false,0.04831292943853563
SEG_01_201_202_BA,1230,26.04586408256352,0.12434017595307918,0.03343108504398827,29.1952539727495,5.163073446595121,36.33203067434252,-0.6099835539358641,0.2831156530714655,false,0.03520265011797694
SEG_01_201_202_BA,1300,25.275838058744068,0.12280701754385964,0.03391812865497076,29.1952539727495,5.163073446595121,36.33203067434252,-0.7591245707709545,0.3043097897472126,false,0.03737137768825418
SEG_01_201_202_BA,1330,23.669623796951978,0.17785630153121318,0.06419316843345112,29.1952539727495,5.163073446595121,36.33203067434252,-1.0702211062756617,0.3485191067597734,true,0.061986319341255335
SEG_01_201_202_BA,1400,24.173304266180253,0.16216216216216217,0.07873090481786134,29.1952539727495,5.163073446595121,36.33203067434252,-0.9726667184796802,0.33465584451211783,false,0.05426851532628938
SEG_01_201_202_BA,1430,24.293751503661237,0.17817759721416135,0.09053975623911782,29.1952539727495,5.163073446595121,36.33203067434252,-0.949338125786424,0.3313406640709089,false,0.05903748338349915
SEG_01_201_202_BA,1500,22.733116165601004,0.2203125,0.105078125,29.1952539727495,5.163073446595121,36.33203067434252,-1.251606794671896,0.37429547031471033,true,0.08246197080370962
SEG_01_201_202_BA,1530,23.01129728966068,0.2110236220472441,0.10669291338582677,29.1952539727495,5.163073446595121,36.33203067434252,-1.1977278160098501,0.3666388345887,true,0.07736945485808787
SEG_01_201_202_BA,1600,22.59023005922634,0.22590183323477234,0.11117681845062094,29.1952539727495,5.163073446595121,36.33203067434252,-1.279281416745865,0.37822825644646846,true,0.08544245651244882
SEG_01_201_202_BA,1630,22.347572293091485,0.24623911322248615,0.11797307996832937,29.1952539727495,5.163073446595121,36.33203067434252,-1.3262801218088114,0.38490715001864134,true,0.09477919529358468
SEG_01_201_202_BA,1700,22.152405403784478,0.24023668639053256,0.12603550295857988,29.1952539727495,5.163073446595121,36.33203067434252,-1.3640806472760045,0.3902789083730356,true,0.09375931171565234
SEG_01_201_202_BA,1730,22.932043708677,0.21027667984189724,0.12806324110671938,29.1952539727495,5.163073446595121,36.33203067434252,-1.2130778941761686,0.36882020401707183,true,0.07755428795932104
SEG_01_201_202_BA,1800,21.886070372040358,0.2748502994011976,0.12215568862275449,29.1952539727495,5.163073446595121,36.33203067434252,-1.415665238217619,0.3976094931710993,true,0.10928308824283507
SEG_01_201_202_BA,1830,21.923431895391563,0.28,0.13254901960784313,29.1952539727495,5.163073446595121,36.33203067434252,-1.4084289430655823,0.3965811574943492,true,0.11104272409841778
SEG_01_201_202_BA,1900,23.897945708245317,0.17370892018779344,0.09859154929577464,29.1952539727495,5.163073446595121,36.33203067434252,-1.0259990138233628,0.3422347921465916,true,0.05944923619447835
SEG_01_201_202_BA,1930,26.60462989664754,0.09307875894988067,0.026252983293556086,29.1952539727495,5.163073446595121,36.33203067434252,-0.5017600665375761,0.2677362260558812,false,0.02492055564720613
SEG_01_201_202_BA,2000,27.206671642754305,0.06873879258816497,0.016138673042438732,29.1952539727495,5.163073446595121,36.33203067434252,-0.3851547630620289,0.25116567563707615,false,0.017264825282883298
SEG_01_201_202_BA,2030,27.80096787509873,0.06654676258992806,0.01618705035971223,29.1952539727495,5.163073446595121,36.33203067434252,-0.2700496345970551,0.23480831213952424,false,0.015625733002090643
SEG_01_201_202_BA,2100,27.896474398748612,0.061867935752528254,0.013087447947650209,29.1952539727495,5.163073446595121,36.33203067434252,-0.25155163633346955,0.23217959797526677,false,0.014364472450581643
SEG_01_201_202_BA,2130,29.462449739832966,0.04642857142857143,0.015476190476190477,29.1952539727495,5.163073446595121,36.33203067434252,0.05175130081863765,0.18907781390157236,false,0.008778612788287288
SEG_01_201_202_BA,2200,30.54320121614263,0.033928571428571426,0.005357142857142857,29.1952539727495,5.163073446595121,36.33203067434252,0.26107458228820213,0.1593312939231863,false,0.005405883186679534
SEG_01_201_202_BA,2230,32.203952044327494,0.011202830188679245,0.0,29.1952539727495,5.163073446595121,36.33203067434252,0.5827339282888047,0.11362091667863343,false,0.0012728758354328036
SEG_01_201_202_BA,2300,33.581702982711164,0.00471976401179941,0.0,29.1952539727495,5.163073446595121,36.33203067434252,0.8495809822063219,0.07569980649536392,false,0.0003572852223969979
SEG_01_201_202_BA,2330,35.97921162227435,0.0005963029218843172,0.0,29.1952539727495,5.163073446595121,36.33203067434252,1.3139378549802825,0.009710964279167839,false,5.7906763739820145e-6
SEG_02_202_203_AB,0,36.248607249134686,0.040271132376395534,0.003189792663476874,31.45768137228417,4.358107264949901,38.73717841455015,1.0993134371385396,0.06424244788259352,false,0.0025871161228636147
SEG_02_202_203_AB,30,37.14131481419135,0.02771272443403591,0.00117096018735363,31.45768137228417,4.358107264949901,38.73717841455015,1.3041518017736338,0.04119720810020015,false,0.0011416868755324788
SEG_02_202_203_AB,100,37.18084667710321,0.028846153846153848,0.003605769230769231,31.45768137228417,4.358107264949901,38.73717841455015,1.313222680599816,0.040176693325251644,false,0.0011589430766899514
SEG_02_202_203_AB,130,37.11021124566319,0.027611044417767107,0.005402160864345739,31.45768137228417,4.358107264949901,38.73717841455015,1.2970148575367835,0.04200014651237105,false,0.0011596679109058033
SEG_02_202_203_AB,200,38.51040986887677,0.027692307692307693,0.0043076923076923075,31.45768137228417,4.358107264949901,38.73717841455015,1.6183008053322148,0.005854028479993863,false,0.00016211155790752237
SEG_02_202_203_AB,230,38.43555173700714,0.028554070473876064,0.0006075334143377885,31.45768137228417,4.358107264949901,38.73717841455015,1.6011240523707446,0.007786490650277149,false,0.00022233600277219077
SEG_02_202_203_AB,300,36.57736504910747,0.03481392557022809,0.004801920768307323,31.45768137228417,4.358107264949901,38.73717841455015,1.1747493500213686,0.05575556748943357,false,0.0019410701767029693
SEG_02_202_203_AB,330,36.905299271821534,0.0331925165962583,0.005431502715751358,31.45768137228417,4.358107264949901,38.73717841455015,1.249996287000519,0.047289947737663346,false,0.0015696723751185782
SEG_02_202_203_AB,400,38.24438615101196,0.028794241151769647,0.002999400119976005,31.45768137228417,4.358107264949901,38.73717841455015,1.557259692369184,0.012721428965850882,false,0.0003663038934378178
SEG_02_202_203_AB,430,38.73717841455015,0.023710729104919975,0.005334914048606995,31.45768137228417,4.358107264949901,38.73717841455015,1.6703345282047946,0.0,false,0.0
SEG_02_202_203_AB,500,37.00262434646759,0.04131568391496189,0.004412354592860008,31.45768137228417,4.358107264949901,38.73717841455015,1.2723282464336416,0.04477750159084999,false,0.0018500131022292615
SEG_02_202_203_AB,530,36.01779131271505,0.02869496855345912,0.0023584905660377358,31.45768137228417,4.358107264949901,38.73717841455015,1.0463510104731895,0.07020095972745574,false,0.0020144143318019925
SEG_02_202_203_AB,600,35.634988435557176,0.01301775147928994,0.001183431952662722,31.45768137228417,4.358107264949901,38.73717841455015,0.9585140542246443,0.08008301342432712,false,0.0010425007664705305
SEG_02_202_203_AB,630,33.525896039478575,0.01811023622047244,0.002362204724409449,31.45768137228417,4.358107264949901,38.73717841455015,0.47456717823997374,0.1345292194310713,false,0.0024363559424524723
SEG_02_202_203_AB,700,32.154203591208955,0.01707891637220259,0.0005889281507656066,31.45768137228417,4.358107264949901,38.73717841455015,0.15982218348010094,0.16993945074916844,false,0.002902381667683089
SEG_02_202_203_AB,730,32.24504233514121,0.047918303220738416,0.003927729772191673,31.45768137228417,4.358107264949901,38.73717841455015,0.1806658062754423,0.1675944491860672,false,0.008030841634210605
SEG_02_202_203_AB,800,29.042766796760713,0.06717737183264584,0.011196228638774307,31.45768137228417,4.358107264949901,38.73717841455015,-0.5541200408134559,0.2502611706522254,false,0.01681188771617778
SEG_02_202_203_AB,830,27.814966370192376,0.0981012658227848,0.015822784810126583,31.45768137228417,4.358107264949901,38.73717841455015,-0.8358479451362631,0.28195683039875874,false,0.027660321969498483
SEG_02_202_203_AB,900,28.84872770976013,0.06224066390041494,0.0035566093657379964,31.45768137228417,4.358107264949901,38.73717841455015,-0.5986437469097109,0.25527028837690974,false,0.015888192222629237
SEG_02_202_203_AB,930,28.67959828259761,0.05979543666404406,0.004720692368214005,31.45768137228417,4.358107264949901,38.73717841455015,-0.6374517470070798,0.2596363634005618,false,0.01552506972340102
SEG_02_202_203_AB,1000,28.207470997360907,0.06169212690951821,0.007050528789659225,31.45768137228417,4.358107264949901,38.73717841455015,-0.7457848504700874,0.2718243260906726,false,0.016769420822280036
SEG_02_202_203_AB,1030,27.746412464796816,0.0745742806811509,0.012331180270111567,31.45768137228417,4.358107264949901,38.73717841455015,-0.8515781466269208,0.28372654900505273,false,0.02115870330219712
SEG_02_202_203_AB,1100,27.624305381381358,0.08052884615384616,0.016826923076923076,31.45768137228417,4.358107264949901,38.73717841455015,-0.8795965215754917,0.2868787425414202,false,0.02310201412292687
SEG_02_202_203_AB,1130,27.2155225657843,0.08367707719505009,0.011196228638774307,31.45768137228417,4.358107264949901,38.73717841455015,-0.97339476717736,0.29743146817420696,false,0.0248881959226502
SEG_02_202_203_AB,1200,27.280050805272943,0.0903149138443256,0.015448603683897801,31.45768137228417,4.358107264949901,38.73717841455015,-0.9585882845541326,0.2957656721062,false,0.02671205119438051
SEG_02_202_203_AB,1230,28.195875942425467,0.0656891495601173,0.012903225806451613,31.45768137228417,4.358107264949901,38.73717841455015,-0.7484454217297014,0.2721236523557752,false,0.017875571298443884
SEG_02_202_203_AB,1300,28.473045445182727,0.06140350877192982,0.00760233918128655,31.45768137228417,4.358107264949901,38.73717841455015,-0.6848468258469435,0.264968523507951,false,0.016269997057505765
SEG_02_202_203_AB,1330,27.828494883361497,0.06713780918727916,0.0076560659599528855,31.45768137228417,4.358107264949901,38.73717841455015,-0.8327437275604536,0.28160759192236934,false,0.01890651677217321
SEG_02_202_203_AB,1400,27.309679007457408,0.07873090481786134,0.00763807285546416,31.45768137228417,4.358107264949901,38.73717841455015,-0.9517898740554397,0.2950008202662597,false,0.023225681501573912
SEG_02_202_203_AB,1430,26.556434437845684,0.08879860708067325,0.008705745792222866,31.45768137228417,4.358107264949901,38.73717841455015,-1.1246274211414642,0.3144458237600814,true,0.027922351152230095
SEG_02_202_203_AB,1500,26.594561870081577,0.092578125,0.009765625,31.45768137228417,4.358107264949901,38.73717841455015,-1.115878799338937,0.31346156435357875,true,0.029019683887421155
SEG_02_202_203_AB,1530,26.54017558667971,0.1015748031496063,0.018503937007874015,31.45768137228417,4.358107264949901,38.73717841455015,-1.1283581349989997,0.3148655458934794,true,0.0319824058427235
SEG_02_202_203_AB,1600,26.418700064447037,0.10644589000591366,0.018923713778829097,31.45768137228417,4.358107264949901,38.73717841455015,-1.1562315935551117,0.3180014356821648,true,0.03384994584434634
SEG_02_202_203_AB,1630,26.462729332062963,0.12034837688044339,0.023752969121140142,31.45768137228417,4.358107264949901,38.73717841455015,-1.1461287518995078,0.3168648204350567,true,0.038134166829872224
SEG_02_202_203_AB,1700,25.742612811866444,0.15680473372781065,0.022485207100591716,31.45768137228417,4.358107264949901,38.73717841455015,-1.3113648226103094,0.3354546235562369,true,0.052600872924498686
SEG_02_202_203_AB,1730,26.041304999323977,0.13122529644268774,0.022134387351778657,31.45768137228417,4.358107264949901,38.73717841455015,-1.242827687267229,0.32774388674776195,true,0.04300828869575374
SEG_02_202_203_AB,1800,25.782450097918023,0.14491017964071856,0.02874251497005988,31.45768137228417,4.358107264949901,38.73717841455015,-1.3022238621819209,0.33442622428499275,true,0.04846176423770553
SEG_02_202_203_AB,1830,26.321161552847393,0.13176470588235295,0.02980392156862745,31.45768137228417,4.358107264949901,38.73717841455015,-1.1786125276785324,0.3205193917024982,true,0.042233143377270355
SEG_02_202_203_AB,1900,28.74398392492968,0.06455399061032864,0.004694835680751174,31.45768137228417,4.358107264949901,38.73717841455015,-0.6226779843578923,0.2579742484771918,false,0.016653267213903228
SEG_02_202_203_AB,1930,31.513194091194677,0.046937151949085126,0.0031821797931583136,31.45768137228417,4.358107264949901,38.73717841455015,0.012737804632980878,0.1864871066768781,false,0.008753173662637875
SEG_02_202_203_AB,2000,33.03148486454567,0.03347280334728033,0.0017931858936043037,31.45768137228417,4.358107264949901,38.73717841455015,0.361120871190762,0.14729244058367855,false,0.004930290898198445
SEG_02_202_203_AB,2030,34.17312312753984,0.027577937649880094,0.004196642685851319,31.45768137228417,4.358107264949901,38.73717841455015,0.6230782287289305,0.11782105650978436,false,0.003249261750269832
SEG_02_202_203_AB,2100,32.52772077571606,0.05175490779298037,0.005353955978584176,31.45768137228417,4.358107264949901,38.73717841455015,0.24552846875470208,0.16029710714556694,false,0.008296161999800312
SEG_02_202_203_AB,2130,32.0850579397095,0.048214285714285716,0.002380952380952381,31.45768137228417,4.358107264949901,38.73717841455015,0.14395620146181554,0.17172444527715094,false,0.008279571468719778
SEG_02_202_203_AB,2200,32.94604887839881,0.05178571428571429,0.002976190476190476,31.45768137228417,4.358107264949901,38.73717841455015,0.3415169511968751,0.14949796999092016,false,0.00774185916024408
SEG_02_202_203_AB,2230,33.99696398765756,0.03537735849056604,0.003537735849056604,31.45768137228417,4.358107264949901,38.73717841455015,0.5826572089667413,0.12236860351997425,false,0.00432907795471607
SEG_02_202_203_AB,2300,33.62583323335678,0.03952802359882006,0.00471976401179941,31.45768137228417,4.358107264949901,38.73717841455015,0.4974985077834088,0.1319493414438644,false,0.005215696682441837
SEG_02_202_203_AB,2330,34.926531102148466,0.04531902206320811,0.0011926058437686344,31.45768137228417,4.358107264949901,38.73717841455015,0.7959532703021187,0.09837183471706755,false,0.004458115347941046
SEG_02_202_203_BA,0,22.479699782819146,0.29226475279106856,0.07177033492822966,17.600378151596782,4.470926141120358,24.818889946553572,1.0913447185686829,0.09425039430739136,false,0.027546068192710473
SEG_02_202_203_BA,30,23.360239420940957,0.26736924277907886,0.06869633099141297,17.600378151596782,4.470926141120358,24.818889946553572,1.2882926462079345,0.05877178748742419,false,0.015713768317285548
SEG_02_202_203_BA,100,23.636607189983444,0.24699519230769232,0.06610576923076923,17.600378151596782,4.470926141120358,24.818889946553572,1.3501070802467023,0.047636407555540314,false,0.011765963645028287
SEG_02_202_203_BA,130,24.23674469512012,0.22749099639855944,0.047418967587034816,17.600378151596782,4.470926141120358,24.818889946553572,1.4843382185375014,0.02345573281831208,false,0.005335968030096206
SEG_02_202_203_BA,200,24.12302402354458,0.21723076923076923,0.051076923076923075,17.600378151596782,4.470926141120358,24.818889946553572,1.4589026224247368,0.02803775368308209,false,0.006090662800078755
SEG_02_202_203_BA,230,24.163969062128864,0.19987849331713245,0.04860267314702309,17.600378151596782,4.470926141120358,24.818889946553572,1.4680606888503258,0.026388000665422694,false,0.005274393814656176
SEG_02_202_203_BA,300,24.3476194445827,0.20948379351740695,0.04981992797118848,17.600378151596782,4.470926141120358,24.818889946553572,1.5091372749215548,0.018988379536140892,false,0.0039777577779790945
SEG_02_202_203_BA,330,24.818889946553572,0.18225709112854557,0.04646952323476162,17.600378151596782,4.470926141120358,24.818889946553572,1.6145450779349984,0.0,false,0.0
SEG_02_202_203_BA,400,24.602476682350222,0.1877624475104979,0.046790641871625675,17.600378151596782,4.470926141120358,24.818889946553572,1.5661405064049665,0.008719699578401244,false,0.0016372321343968742
SEG_02_202_203_BA,430,24.410615435445106,0.1819798458802608,0.05275637225844695,17.600378151596782,4.470926141120358,24.818889946553572,1.5232274184117396,0.016450151960368416,false,0.0029935961184547146
SEG_02_202_203_BA,500,23.828326190834375,0.22703569995988768,0.07821901323706378,17.600378151596782,4.470926141120358,24.818889946553572,1.3929883524483693,0.03991168653603503,false,0.009061377689288337
SEG_02_202_203_BA,530,22.711129665720822,0.3081761006289308,0.0915880503144654,17.600378151596782,4.470926141120358,24.818889946553572,1.1431080167303658,0.08492564677033189,false,0.026172054665070832
SEG_02_202_203_BA,600,20.783292615265175,0.4366863905325444,0.04319526627218935,17.600378151596782,4.470926141120358,24.818889946553572,0.7119138995373328,0.16260184641532657,false,0.0710060134050361
SEG_02_202_203_BA,630,20.097541080211574,0.5188976377952756,0.05196850393700787,17.600378151596782,4.470926141120358,24.818889946553572,0.5585337019208808,0.19023207228482913,false,0.09871097294149796
SEG_02_202_203_BA,700,18.101342353312074,0.7526501766784452,0.18021201413427562,17.600378151596782,4.470926141120358,24.818889946553572,0.11204931280518896,0.2706626931223537,false,0.2037143237988033
SEG_02_202_203_BA,730,16.907955833281694,0.8146111547525531,0.2867242733699921,17.600378151596782,4.470926141120358,24.818889946553572,-0.15487223372953693,0.31874649230113594,false,0.2596544481667541
SEG_02_202_203_BA,800,15.708956279030364,0.8951090159104301,0.40954625810253387,17.600378151596782,4.470926141120358,24.818889946553572,-0.4230492325002828,0.367056451241013,false,0.3285555388539179
SEG_02_202_203_BA,830,16.54092638679328,0.8251582278481012,0.3425632911392405,17.600378151596782,4.470926141120358,24.818889946553572,-0.23696472081241232,0.3335348026276169,false,0.2752189866618706
SEG_02_202_203_BA,900,16.420902554316786,0.8672199170124482,0.36218138707765263,17.600378151596782,4.470926141120358,24.818889946553572,-0.2638101279356931,0.3383707897622132,false,0.29344188821702305
SEG_02_202_203_BA,930,14.558688040960885,0.9362706530291109,0.5861526357199056,17.600378151596782,4.470926141120358,24.818889946553572,-0.68032662912067,0.4134029333176301,false,0.38705703434144756
SEG_02_202_203_BA,1000,15.007826986799152,0.9236192714453584,0.5252643948296122,17.600378151596782,4.470926141120358,24.818889946553572,-0.5798689316187114,0.3953062760212938,false,0.36511249465656515
SEG_02_202_203_BA,1030,14.082112402743382,0.9477392836171462,0.6506165590135056,17.600378151596782,4.470926141120358,24.818889946553572,-0.7869210176600607,0.4326050668233505,false,0.40999681612030986
SEG_02_202_203_BA,1100,13.499574152426677,0.9615384615384616,0.7127403846153846,17.600378151596782,4.470926141120358,24.818889946553572,-0.9172157780585694,0.45607663430969564,false,0.43853522529778427
SEG_02_202_203_BA,1130,13.192884663298646,0.9670005892751915,0.7483794932233353,17.600378151596782,4.470926141120358,24.818889946553572,-0.9858121895061488,0.4684337336718538,false,0.45297569649706076
SEG_02_202_203_BA,1200,13.76957325853771,0.9619726678550208,0.6939988116458705,17.600378151596782,4.470926141120358,24.818889946553572,-0.8568258056929389,0.44519785984828886,false,0.4282681729616041
SEG_02_202_203_BA,1230,14.914337502439745,0.9425219941348973,0.5495601173020528,17.600378151596782,4.470926141120358,24.818889946553572,-0.6007794726136876,0.39907314410285316,false,0.3761352155855044
SEG_02_202_203_BA,1300,14.837351217242075,0.9315789473684211,0.5701754385964912,17.600378151596782,4.470926141120358,24.818889946553572,-0.6179987875313744,0.40217506708826695,false,0.3746578256559118
SEG_02_202_203_BA,1330,14.200996331733533,0.9469964664310954,0.6560659599528857,17.600378151596782,4.470926141120358,24.818889946553572,-0.7603305696773168,0.42781500855538757,false,0.40513930138814086
SEG_02_202_203_BA,1400,13.837421938402924,0.9606345475910694,0.6703877790834313,17.600378151596782,4.470926141120358,24.818889946553572,-0.8416502743324024,0.44246410825781385,false,0.42504630846153096
SEG_02_202_203_BA,1430,12.713415357668291,0.9599535693557748,0.7945443993035404,17.600378151596782,4.470926141120358,24.818889946553572,-1.093053796836796,0.48775245850857585,true,0.46821971350736186
SEG_02_202_203_BA,1500,11.996216608669336,0.969921875,0.84453125,17.600378151596782,4.470926141120358,24.818889946553572,-1.2534677080402663,0.5166497520838893,true,0.5011098962594911
SEG_02_202_203_BA,1530,11.364490478555956,0.978740157480315,0.8917322834645669,17.600378151596782,4.470926141120358,24.818889946553572,-1.3947641889423366,0.5421031922447416,true,0.5305781637481998
SEG_02_202_203_BA,1600,11.296900892435,0.976936723832052,0.8840922531046718,17.600378151596782,4.470926141120358,24.818889946553572,-1.4098817695034012,0.5448265044584025,true,0.5322610203224606
SEG_02_202_203_BA,1630,10.6879804829574,0.9833729216152018,0.9152810768012668,17.600378151596782,4.470926141120358,24.818889946553572,-1.5460773563365604,0.5693610590170023,true,0.5598942480594749
SEG_02_202_203_BA,1700,11.206905591109884,0.985207100591716,0.8875739644970414,17.600378151596782,4.470926141120358,24.818889946553572,-1.430010775996576,0.5484525852992024,true,0.540339381374658
SEG_02_202_203_BA,1730,11.425247463708683,0.9715415019762846,0.8450592885375494,17.600378151596782,4.470926141120358,24.818889946553572,-1.381174837824695,0.539655178442208,true,0.5242974026130227
SEG_02_202_203_BA,1800,12.742849954545253,0.9682634730538923,0.7586826347305389,17.600378151596782,4.470926141120358,24.818889946553572,-1.0864702398850843,0.4865664829496226,true,0.47112455265241904
SEG_02_202_203_BA,1830,13.42160613595253,0.9545098039215686,0.6745098039215687,17.600378151596782,4.470926141120358,24.818889946553572,-0.9346546741649159,0.4592181131043576,false,0.4383281910964731
SEG_02_202_203_BA,1900,16.80944430313627,0.8550469483568075,0.2775821596244131,17.600378151596782,4.470926141120358,24.818889946553572,-0.1769060421701159,0.3227157081023891,false,0.27593708139975404
SEG_02_202_203_BA,1930,18.365312805367424,0.7175815433571997,0.11376292760540971,17.600378151596782,4.470926141120358,24.818889946553572,0.171090872366538,0.26002682453097836,false,0.18659045006121122
SEG_02_202_203_BA,2000,18.225483107638034,0.7555289898386133,0.10579796772265392,17.600378151596782,4.470926141120358,24.818889946553572,0.1398155407426633,0.26566082742274777,false,0.20071445658239878
SEG_02_202_203_BA,2030,18.828823377276276,0.6750599520383693,0.08093525179856115,17.600378151596782,4.470926141120358,24.818889946553572,0.27476303273747676,0.24135110724841646,false,0.16292646688352336
SEG_02_202_203_BA,2100,18.317956423963167,0.744794765020821,0.11183819155264724,17.600378151596782,4.470926141120358,24.818889946553572,0.1604987981721767,0.26193490267251635,false,0.19508774428672843
SEG_02_202_203_BA,2130,18.197023164386717,0.731547619047619,0.16666666666666666,17.600378151596782,4.470926141120358,24.818889946553572,0.1334499819405255,0.26680753234438626,false,0.19518241503050637
SEG_02_202_203_BA,2200,18.30829659779854,0.7345238095238096,0.16071428571428573,17.600378151596782,4.470926141120358,24.818889946553572,0.1583382108889779,0.26232411533212474,false,0.19268330852371546
SEG_02_202_203_BA,2230,18.584292203774186,0.6933962264150944,0.14563679245283018,17.600378151596782,4.470926141120358,24.818889946553572,0.22006940421763435,0.2512037305538373,false,0.17418371882742495
SEG_02_202_203_BA,2300,19.098635604809765,0.6371681415929203,0.13156342182890857,17.600378151596782,4.470926141120358,24.818889946553572,0.3351112064753407,0.23047986247822255,false,0.14685442564984091
SEG_02_202_203_BA,2330,20.046245586073287,0.518783542039356,0.10614192009540847,17.600378151596782,4.470926141120358,24.818889946553572,0.5470605769979463,0.19229886472593952,false,0.09976148617266986
SEG_03_203_204_AB,0,27.67751707250827,0.01555023923444976,0.00039872408293460925,22.789963546175652,5.229767657551518,31.417695504071318,0.9345641807385533,0.11904687379373102,false,0.0018512073676058651
SEG_03_203_204_AB,30,29.31069731197345,0.00507416081186573,0.00078064012490242,22.789963546175652,5.229767657551518,31.417695504071318,1.2468496103038516,0.067064059228177,false,0.00034029382122025806
SEG_03_203_204_AB,100,30.01152710909278,0.005408653846153846,0.0,22.789963546175652,5.229767657551518,31.417695504071318,1.3808574368479938,0.04475720998684703,false,0.0002420762559384755
SEG_03_203_204_AB,130,30.32133501867644,0.003601440576230492,0.0006002400960384153,22.789963546175652,5.229767657551518,31.417695504071318,1.4400967625446746,0.03489627319269183,false,0.00012567685423538476
SEG_03_203_204_AB,200,30.783243986444887,0.0018461538461538461,0.0,22.789963546175652,5.229767657551518,31.417695504071318,1.5284198005866179,0.02019408194799693,false,0.00003728138205784049
SEG_03_203_204_AB,230,30.848679885117257,0.001215066828675577,0.0,22.789963546175652,5.229767657551518,31.417695504071318,1.5409320005459952,0.01811130987886507,false,0.00002200645185767323
SEG_03_203_204_AB,300,30.975367978658284,0.0012004801920768306,0.0,22.789963546175652,5.229767657551518,31.417695504071318,1.5651564215598228,0.014078929670564627,false,0.000016901476195155614
SEG_03_203_204_AB,330,30.958785727316556,0.0018105009052504525,0.0,22.789963546175652,5.229767657551518,31.417695504071318,1.5619856781487302,0.014606729404939756,false,0.000026445496810391832
SEG_03_203_204_AB,400,31.417695504071318,0.001799640071985603,0.0,22.789963546175652,5.229767657551518,31.417695504071318,1.64973523162882,0.0,false,0.0
SEG_03_203_204_AB,430,30.832712905862792,0.0005927682276229994,0.0,22.789963546175652,5.229767657551518,31.417695504071318,1.5378789052079243,0.018619525997147703,false,0.000011037063424509603
SEG_03_203_204_AB,500,30.069624859473457,0.002807862013638187,0.0,22.789963546175652,5.229767657551518,31.417695504071318,1.3919664868450408,0.04290800528075552,false,0.00012047975810882016
SEG_03_203_204_AB,530,28.745178528241734,0.004323899371069182,0.0,22.789963546175652,5.229767657551518,31.417695504071318,1.1387150198665241,0.08506406765204218,false,0.00036780846862125157
SEG_03_203_204_AB,600,27.198140217070186,0.01893491124260355,0.0,22.789963546175652,5.229767657551518,31.417695504071318,0.8429010540323625,0.13430505386540312,false,0.002543054274374497
SEG_03_203_204_AB,630,23.908892466586156,0.1188976377952756,0.03700787401574803,22.789963546175652,5.229767657551518,31.417695504071318,0.21395384913416324,0.2389991664573909,false,0.02841643632682364
SEG_03_203_204_AB,700,21.895203299531836,0.22025912838633688,0.06949352179034157,22.789963546175652,5.229767657551518,31.417695504071318,-0.17108986579008498,0.30309327440344863,false,0.06675906043986443
SEG_03_203_204_AB,730,19.33335353755714,0.5404556166535742,0.12254516889238021,22.789963546175652,5.229767657551518,31.417695504071318,-0.6609490583443689,0.38463489357289765,false,0.2078780885924223
SEG_03_203_204_AB,800,17.54514979621148,0.7094873305833824,0.27931644077784323,22.789963546175652,5.229767657551518,31.417695504071318,-1.002877009725457,0.4415519816232906,true,0.3132755367557112
SEG_03_203_204_AB,830,16.432195349060535,0.8314873417721519,0.3512658227848101,22.789963546175652,5.229767657551518,31.417695504071318,-1.2156884614051302,0.4769764272834352,true,0.39659986160988164
SEG_03_203_204_AB,900,18.67630088437061,0.6058091286307054,0.18375815056312983,22.789963546175652,5.229767657551518,31.417695504071318,-0.7865861222085309,0.4055483515030436,false,0.24568489344167785
SEG_03_203_204_AB,930,19.156522797480505,0.5594020456333596,0.1022816679779701,22.789963546175652,5.229767657551518,31.417695504071318,-0.6947614094191439,0.39026327392478316,false,0.21831407376909587
SEG_03_203_204_AB,1000,19.545497135143933,0.4706227967097532,0.10047003525264395,22.789963546175652,5.229767657551518,31.417695504071318,-0.620384426896456,0.3778825333445894,false,0.17784013467039722
SEG_03_203_204_AB,1030,19.70787279920919,0.4351145038167939,0.10510863182618908,22.789963546175652,5.229767657551518,31.417695504071318,-0.5893360754786265,0.372714246445755,false,0.16217337440769494
SEG_03_203_204_AB,1100,18.674570109521078,0.5835336538461539,0.15504807692307693,22.789963546175652,5.229767657551518,31.417695504071318,-0.7869170690044244,0.4056034406756186,false,0.23668325775001542
SEG_03_203_204_AB,1130,17.336204768159348,0.7307012374779022,0.26517383618149676,22.789963546175652,5.229767657551518,31.417695504071318,-1.042830032829729,0.44820253395374576,true,0.3275021462007335
SEG_03_203_204_AB,1200,17.425460193967332,0.7023172905525846,0.2650029708853238,22.789963546175652,5.229767657551518,31.417695504071318,-1.0257632276382778,0.44536160547774034,true,0.31278515607527574
SEG_03_203_204_AB,1230,18.460142255478836,0.5917888563049853,0.18005865102639296,22.789963546175652,5.229767657551518,31.417695504071318,-0.8279184801727808,0.4124285069512293,false,0.24407059443624068
SEG_03_203_204_AB,1300,19.42073781946259,0.47134502923976607,0.12631578947368421,22.789963546175652,5.229767657551518,31.417695504071318,-0.6442400403482689,0.3818535221036209,false,0.17998475954123885
SEG_03_203_204_AB,1330,19.40746366776055,0.46937573616018846,0.11189634864546526,22.789963546175652,5.229767657551518,31.417695504071318,-0.6467782318265987,0.38227602768492047,false,0.17943109191100212
SEG_03_203_204_AB,1400,19.372548035333104,0.4764982373678026,0.10223266745005875,22.789963546175652,5.229767657551518,31.417695504071318,-0.6534545575668118,0.38338736420617875,false,0.18268340327333196
SEG_03_203_204_AB,1430,18.968104510253905,0.567034242600116,0.11723737666860128,22.789963546175652,5.229767657551518,31.417695504071318,-0.7307894511151327,0.3962604765904651,false,0.22469325921583538
SEG_03_203_204_AB,1500,18.54269910917834,0.623828125,0.147265625,22.789963546175652,5.229767657551518,31.417695504071318,-0.8121325296095093,0.40980078864232894,false,0.25564525760226536
SEG_03_203_204_AB,1530,17.76549906028514,0.7153543307086614,0.20669291338582677,22.789963546175652,5.229767657551518,31.417695504071318,-0.9607433474860859,0.43453844162494454,false,0.31084895607579693
SEG_03_203_204_AB,1600,17.443256947475216,0.742755765819042,0.24659964518036664,22.789963546175652,5.229767657551518,31.417695504071318,-1.0223602555230278,0.4447951491154149,true,0.330374161613815
SEG_03_203_204_AB,1630,16.332255125013674,0.8186856690419636,0.3341250989707047,22.789963546175652,5.229767657551518,31.417695504071318,-1.2347983398148437,0.4801574443008645,true,0.39309801853293264
SEG_03_203_204_AB,1700,15.741530135722329,0.8473372781065088,0.3792899408284024,22.789963546175652,5.229767657551518,31.417695504071318,-1.3477526865415799,0.49895974599147686,true,0.422787193053133
SEG_03_203_204_AB,1730,15.564161604634034,0.8743083003952569,0.41027667984189725,22.789963546175652,5.229767657551518,31.417695504071318,-1.3816678702939946,0.5046052437990838,true,0.44118055307651116
SEG_03_203_204_AB,1800,16.881636647813945,0.7281437125748503,0.307185628742515,22.789963546175652,5.229767657551518,31.417695504071318,-1.1297494048001129,0.46267107192421836,true,0.33689103201188597
SEG_03_203_204_AB,1830,17.254801960922695,0.672156862745098,0.29568627450980395,22.789963546175652,5.229767657551518,31.417695504071318,-1.0583953146102898,0.4507935198911486,true,0.30300395807585434
SEG_03_203_204_AB,1900,21.377634080562103,0.2576291079812207,0.09624413145539906,22.789963546175652,5.229767657551518,31.417695504071318,-0.2700558720948563,0.3195670867141785,false,0.08232978349033121
SEG_03_203_204_AB,1930,23.936721053440465,0.08353221957040573,0.011137629276054098,22.789963546175652,5.229767657551518,31.417695504071318,0.21927503903714596,0.23811340490143262,false,0.019890141220883395
SEG_03_203_204_AB,2000,24.18996977730225,0.0502092050209205,0.001195457262402869,22.789963546175652,5.229767657551518,31.417695504071318,0.26769950842941537,0.23005270153670093,false,0.01155076325707285
SEG_03_203_204_AB,2030,25.165250786082943,0.024580335731414868,0.0,22.789963546175652,5.229767657551518,31.417695504071318,0.4541859974367115,0.19901029078272597,false,0.004891739761445902
SEG_03_203_204_AB,2100,23.875010458271653,0.05829863176680547,0.001189767995240928,22.789963546175652,5.229767657551518,31.417695504071318,0.20747516584780745,0.2400776035537754,false,0.01399619580503866
SEG_03_203_204_AB,2130,23.20144795280414,0.11547619047619048,0.007738095238095238,22.789963546175652,5.229767657551518,31.417695504071318,0.0786812022202031,0.26151655681437425,false,0.03019893572737417
SEG_03_203_204_AB,2200,24.862244448410934,0.05357142857142857,0.0035714285714285713,22.789963546175652,5.229767657551518,31.417695504071318,0.3962472212781792,0.20865473900881382,false,0.01117793244690074
SEG_03_203_204_AB,2230,25.76351325825094,0.044221698113207544,0.00294811320754717,22.789963546175652,5.229767657551518,31.417695504071318,0.5685816095064246,0.17996807706942325,false,0.007958493974178504
SEG_03_203_204_AB,2300,25.211716170746044,0.052507374631268436,0.004129793510324484,22.789963546175652,5.229767657551518,31.417695504071318,0.4630707869160314,0.19753133492942096,false,0.010371851804553666
SEG_03_203_204_AB,2330,26.39217610991897,0.022063208109719738,0.0,22.789963546175652,5.229767657551518,31.417695504071318,0.6887901718811364,0.1599582437069933,false,0.0035291920197726605
SEG_03_203_204_BA,0,27.6437875756363,0.06299840510366826,0.001594896331738437,22.980866704449443,6.77318761424575,34.141992787780495,0.6884381677807857,0.19032882036311366,false,0.01199041212813874
SEG_03_203_204_BA,30,31.854085082570766,0.02185792349726776,0.00039032006245121,22.980866704449443,6.77318761424575,34.141992787780495,1.3100505823076078,0.067011545560064,false,0.0014647332362855519
SEG_03_203_204_BA,100,32.41453651962328,0.019831730769230768,0.0,22.980866704449443,6.77318761424575,34.141992787780495,1.3927961769924124,0.050596234346797504,false,0.0010034108975025947
SEG_03_203_204_BA,130,32.981588379549365,0.013805522208883553,0.0006002400960384153,22.980866704449443,6.77318761424575,34.141992787780495,1.4765162645230496,0.033987600414655414,false,0.00046921657235118517
SEG_03_203_204_BA,200,33.169225364994524,0.017846153846153845,0.0,22.980866704449443,6.77318761424575,34.141992787780495,1.5042191713568291,0.028491817359124004,false,0.0005084693559474437
SEG_03_203_204_BA,230,33.44748366337729,0.02551640340218712,0.0,22.980866704449443,6.77318761424575,34.141992787780495,1.5453014968777579,0.020341786395425953,false,0.0005190492275868105
SEG_03_203_204_BA,300,33.36738257475782,0.016206482593037214,0.0006002400960384153,22.980866704449443,6.77318761424575,34.141992787780495,1.5334752943300831,0.022687902778185547,false,0.0003676911014471847
SEG_03_203_204_BA,330,34.05754052073937,0.010259505129752565,0.0,22.980866704449443,6.77318761424575,34.141992787780495,1.635370884012255,0.0024735599812834583,false,0.0000253775013167283
SEG_03_203_204_BA,400,33.799486188200305,0.020395920815836834,0.001799640071985603,22.980866704449443,6.77318761424575,34.141992787780495,1.5972714916380775,0.010031828010425159,false,0.0002046083697387255
SEG_03_203_204_BA,430,34.141992787780495,0.014819205690574985,0.0011855364552459987,22.980866704449443,6.77318761424575,34.141992787780495,1.647839498769581,0.0,false,0.0
SEG_03_203_204_BA,500,33.436877119022874,0.03168872843963097,0.00040112314480545525,22.980866704449443,6.77318761424575,34.141992787780495,1.5437355363642606,0.02065244618673763,false,0.0006544497588256209
SEG_03_203_204_BA,530,32.48550249319437,0.03223270440251572,0.0023584905660377358,22.980866704449443,6.77318761424575,34.141992787780495,1.4032736622789301,0.04851768040847896,false,0.0015638560509022305
SEG_03_203_204_BA,600,29.933135307336272,0.04378698224852071,0.000591715976331361,22.980866704449443,6.77318761424575,34.141992787780495,1.0264396911528666,0.12327509722720649,false,0.005397844493972356
SEG_03_203_204_BA,630,28.63842001145814,0.06220472440944882,0.0015748031496062992,22.980866704449443,6.77318761424575,34.141992787780495,0.8352866669615666,0.16119658892002628,false,0.010027189389513446
SEG_03_203_204_BA,700,25.489485820557917,0.18197879858657243,0.008244994110718492,22.980866704449443,6.77318761424575,34.141992787780495,0.37037496360387306,0.2534271218731946,false,0.04611836316773683
SEG_03_203_204_BA,730,21.768126286763664,0.2655145326001571,0.05577376276512176,22.980866704449443,6.77318761424575,34.141992787780495,-0.17905017353056563,0.3624236750892136,false,0.09622875269454376
SEG_03_203_204_BA,800,17.53990729682107,0.6670595167943429,0.30819092516205066,22.980866704449443,6.77318761424575,34.141992787780495,-0.8033085332207011,0.48626586017267726,false,0.32436826972037164
SEG_03_203_204_BA,830,15.975267063478395,0.7310126582278481,0.4477848101265823,22.980866704449443,6.77318761424575,34.141992787780495,-1.0343135374305115,0.5320933033177846,true,0.3889669400835704
SEG_03_203_204_BA,900,17.752586002188746,0.6040308239478364,0.2951985773562537,22.980866704449443,6.77318761424575,34.141992787780495,-0.771908442527752,0.48003661905340095,false,0.28995691453195943
SEG_03_203_204_BA,930,18.2659448941022,0.5790715971675846,0.23760818253343824,22.980866704449443,6.77318761424575,34.141992787780495,-0.6961156369610304,0.46500062232338035,false,0.26926865305272063
SEG_03_203_204_BA,1000,19.095653918845862,0.48766157461809634,0.18566392479435959,22.980866704449443,6.77318761424575,34.141992787780495,-0.5736165904266379,0.4406989059619202,false,0.21491192241386237
SEG_03_203_204_BA,1030,20.17438458932053,0.38520258367586613,0.1285965942454492,22.980866704449443,6.77318761424575,34.141992787780495,-0.41435174617430703,0.40910348394950774,false,0.1575877190081486
SEG_03_203_204_BA,1100,18.986352087507417,0.5150240384615384,0.1622596153846154,22.980866704449443,6.77318761424575,34.141992787780495,-0.5897540189999371,0.4439002958754452,false,0.2286193230560436
SEG_03_203_204_BA,1130,18.720949587529418,0.5562757807896288,0.1803182086034178,22.980866704449443,6.77318761424575,34.141992787780495,-0.6289383019540647,0.45167378764634697,false,0.25125518888518067
SEG_03_203_204_BA,1200,19.805759672982354,0.44266191325014853,0.11645870469399881,22.980866704449443,6.77318761424575,34.141992787780495,-0.4687758869677587,0.4199003029468483,false,0.18587387147676887
SEG_03_203_204_BA,1230,19.567602536773563,0.46392961876832844,0.11436950146627566,22.980866704449443,6.77318761424575,34.141992787780495,-0.5039376379441949,0.4268757931500455,false,0.19804032397752844
SEG_03_203_204_BA,1300,19.218856219739965,0.4964912280701754,0.17894736842105263,22.980866704449443,6.77318761424575,34.141992787780495,-0.5554268830228482,0.43709037901799214,false,0.21701153905630136
SEG_03_203_204_BA,1330,18.921922557377716,0.5035335689045937,0.16431095406360424,22.980866704449443,6.77318761424575,34.141992787780495,-0.59926645742615,0.4457874010169108,false,0.22446892100674837
SEG_03_203_204_BA,1400,17.190132261526177,0.6674500587544065,0.3172737955346651,22.980866704449443,6.77318761424575,34.141992787780495,-0.8549496592629248,0.4965105766269575,false,0.33139601354184706
SEG_03_203_204_BA,1430,16.223972342400284,0.7394080092861288,0.4190365641323273,22.980866704449443,6.77318761424575,34.141992787780495,-0.9975944484156438,0.5248088638749029,false,0.3880478772934569
SEG_03_203_204_BA,1500,17.190547272078796,0.655859375,0.29453125,22.980866704449443,6.77318761424575,34.141992787780495,-0.854888386701724,0.4964984211984447,false,0.32563314421569867
SEG_03_203_204_BA,1530,16.098515579660003,0.7724409448818897,0.38149606299212596,22.980866704449443,6.77318761424575,34.141992787780495,-1.016117006756773,0.528483422753762,true,0.40822223442633115
SEG_03_203_204_BA,1600,16.518714134981483,0.693672383205204,0.37433471318746303,22.980866704449443,6.77318761424575,34.141992787780495,-0.9540784837963733,0.5161760405241028,false,0.35805706418378036
SEG_03_203_204_BA,1630,14.94258419685733,0.7909738717339667,0.4932699920823436,22.980866704449443,6.77318761424575,34.141992787780495,-1.1867798391831852,0.5623400107387604,true,0.4447962555249577
SEG_03_203_204_BA,1700,13.498836706770215,0.8928994082840237,0.6076923076923076,22.980866704449443,6.77318761424575,34.141992787780495,-1.3999361213228596,0.6046265726000188,true,0.5398707089073541
SEG_03_203_204_BA,1730,13.086748906013307,0.8600790513833992,0.6426877470355731,22.980866704449443,6.77318761424575,34.141992787780495,-1.4607771645991718,0.6166963953346892,true,0.5304076506910212
SEG_03_203_204_BA,1800,14.27484650303338,0.7868263473053893,0.5562874251497006,22.980866704449443,6.77318761424575,34.141992787780495,-1.2853652810539413,0.5818976768063057,true,0.4578524235469974
SEG_03_203_204_BA,1830,13.924428137400842,0.8250980392156863,0.5874509803921568,22.980866704449443,6.77318761424575,34.141992787780495,-1.337101389012256,0.5921612360487514,true,0.4885910747633619
SEG_03_203_204_BA,1900,18.028185833633444,0.5815727699530516,0.2916666666666667,22.980866704449443,6.77318761424575,34.141992787780495,-0.7312186156484491,0.47196445310931656,false,0.27448167431416237
SEG_03_203_204_BA,1930,22.5793166433983,0.24502784407319014,0.06523468575974542,22.980866704449443,6.77318761424575,34.141992787780495,-0.0592852411479907,0.338664360227986,false,0.08298219805108965
SEG_03_203_204_BA,2000,21.650631271473106,0.35206216377764493,0.04423191870890616,22.980866704449443,6.77318761424575,34.141992787780495,-0.19639725174281475,0.36586503880869187,false,0.1288072372135801
SEG_03_203_204_BA,2030,22.55376519012001,0.32673860911270985,0.030575539568345324,22.980866704449443,6.77318761424575,34.141992787780495,-0.06305768253504875,0.3394127480985217,false,0.11089924922883353
SEG_03_203_204_BA,2100,22.632137201757793,0.24925639500297442,0.0148720999405116,22.980866704449443,6.77318761424575,34.141992787780495,-0.051486762592871785,0.33711727541990777,false,0.08402863676439105
SEG_03_203_204_BA,2130,21.482301094909293,0.30833333333333335,0.034523809523809526,22.980866704449443,6.77318761424575,34.141992787780495,-0.22124968255541647,0.37079533615864796,false,0.11432856198224979
SEG_03_203_204_BA,2200,23.480561542603915,0.20833333333333334,0.044642857142857144,22.980866704449443,6.77318761424575,34.141992787780495,0.07377543139414676,0.3122673978477417,false,0.06505570788494619
SEG_03_203_204_BA,2230,24.923620247853247,0.12912735849056603,0.02653301886792453,22.980866704449443,6.77318761424575,34.141992787780495,0.28683002067116736,0.2700010101117041,false,0.034864517225508956
SEG_03_203_204_BA,2300,24.117467902922563,0.15221238938053097,0.024778761061946902,22.980866704449443,6.77318761424575,34.141992787780495,0.16780890523135011,0.29361276440916284,false,0.0446915004233416
SEG_03_203_204_BA,2330,26.030446721949797,0.09302325581395349,0.005963029218843173,22.980866704449443,6.77318761424575,34.141992787780495,0.4502429566673017,0.23758267762079313,false,0.022100714197283083
SEG_04_204_205_AB,0,26.403461967621183,0.11403508771929824,0.01594896331738437,23.520362189636174,3.5965528942998013,29.98320674041767,0.8016286323925479,0.1193916582635224,false,0.013614838223033256
SEG_04_204_205_AB,30,27.470400995784093,0.07533177205308353,0.00819672131147541,23.520362189636174,3.5965528942998013,29.98320674041767,1.0982846414989085,0.08380710463655278,false,0.0063133377029097135
SEG_04_204_205_AB,100,28.231840087529772,0.049879807692307696,0.0030048076923076925,23.520362189636174,3.5965528942998013,29.98320674041767,1.3099982222869149,0.05841158579369161,false,0.0029135586663920697
SEG_04_204_205_AB,130,29.86958658288386,0.011404561824729893,0.0,23.520362189636174,3.5965528942998013,29.98320674041767,1.7653638302694252,0.0037894598305474635,false,0.00004321712891980901
SEG_04_204_205_AB,200,29.98320674041767,0.016,0.0,23.520362189636174,3.5965528942998013,29.98320674041767,1.7969552348373632,0.0,false,0.0
SEG_04_204_205_AB,230,29.272158209082203,0.02976913730255164,0.0006075334143377885,23.520362189636174,3.5965528942998013,29.98320674041767,1.5992524476873637,0.023714892722830984,false,0.0007059718975812383
SEG_04_204_205_AB,300,29.239524510337336,0.02460984393757503,0.0006002400960384153,23.520362189636174,3.5965528942998013,29.98320674041767,1.5901788431265664,0.024803291940012663,false,0.0006104051437818243
SEG_04_204_205_AB,330,29.31374118767432,0.017501508750754374,0.0,23.520362189636174,3.5965528942998013,29.98320674041767,1.6108143459311022,0.022328017097681015,false,0.00039077398662205757
SEG_04_204_205_AB,400,29.96255073566793,0.014997000599880024,0.0,23.520362189636174,3.5965528942998013,29.98320674041767,1.7912119563824624,0.0006889191315850182,false,0.000010331720629649344
SEG_04_204_205_AB,430,29.814469097143828,0.02015411973918198,0.0,23.520362189636174,3.5965528942998013,29.98320674041767,1.750038743343167,0.0056277383781763125,false,0.0001134221131345552
SEG_04_204_205_AB,500,28.661186465267626,0.053750501403931006,0.009626955475330927,23.520362189636174,3.5965528942998013,29.98320674041767,1.4293754121562277,0.04409202413189341,false,0.0023699684050034965
SEG_04_204_205_AB,530,27.30487059234492,0.0809748427672956,0.005110062893081761,23.520362189636174,3.5965528942998013,29.98320674041767,1.0522599038392666,0.08932787514226513,false,0.007233310644381531
SEG_04_204_205_AB,600,25.791776006119267,0.0863905325443787,0.0035502958579881655,23.520362189636174,3.5965528942998013,29.98320674041767,0.6315530129094087,0.13979261026300807,false,0.012076758046390046
SEG_04_204_205_AB,630,24.056883417299723,0.10708661417322834,0.0031496062992125984,23.520362189636174,3.5965528942998013,29.98320674041767,0.14917651524432873,0.1976547530231049,false,0.021166178276489974
SEG_04_204_205_AB,700,23.249377027017246,0.18315665488810365,0.015312131919905771,23.520362189636174,3.5965528942998013,29.98320674041767,-0.0753458021007876,0.22458670854319104,false,0.04113455026910036
SEG_04_204_205_AB,730,22.33372391263031,0.27729772191673213,0.014139827179890024,23.520362189636174,3.5965528942998013,29.98320674041767,-0.3299376686177958,0.2551255739258796,false,0.07074574045234525
SEG_04_204_205_AB,800,22.040914786024565,0.3370654095462581,0.0347672362993518,23.520362189636174,3.5965528942998013,29.98320674041767,-0.4113514932468792,0.2648913447835723,false,0.08928570961473385
SEG_04_204_205_AB,830,21.2133679288088,0.45569620253164556,0.04430379746835443,23.520362189636174,3.5965528942998013,29.98320674041767,-0.6414459424422042,0.2924916900161662,false,0.13328735241243017
SEG_04_204_205_AB,900,21.61017878266371,0.38411381149970364,0.02133965619442798,23.520362189636174,3.5965528942998013,29.98320674041767,-0.5311150602010959,0.2792572532432641,false,0.10726656793220815
SEG_04_204_205_AB,930,21.132300923083985,0.3973249409913454,0.044846577498033044,23.520362189636174,3.5965528942998013,29.98320674041767,-0.6639861380426357,0.2951954370311757,false,0.1172885095993263
SEG_04_204_205_AB,1000,20.926927786377597,0.42420681551116335,0.0481786133960047,23.520362189636174,3.5965528942998013,29.98320674041767,-0.7210889091521293,0.3020450424948082,false,0.1281295656176566
SEG_04_204_205_AB,1030,20.60482827379536,0.47563123899001764,0.06165590135055784,23.520362189636174,3.5965528942998013,29.98320674041767,-0.8106467502428957,0.31278770639233067,false,0.1487716043322301
SEG_04_204_205_AB,1100,20.254911724909764,0.5192307692307693,0.08954326923076923,23.520362189636174,3.5965528942998013,29.98320674041767,-0.907938951739551,0.3244581241670213,false,0.16846864139441492
SEG_04_204_205_AB,1130,19.528919125901457,0.5651149086623453,0.15321154979375368,23.520362189636174,3.5965528942998013,29.98320674041767,-1.1097968474371056,0.3486714314791329,true,0.19703942415349934
SEG_04_204_205_AB,1200,19.43413777534489,0.5710041592394534,0.14200831847890671,23.520362189636174,3.5965528942998013,29.98320674041767,-1.136150234511375,0.35183257936358514,true,0.20089786617255218
SEG_04_204_205_AB,1230,19.289910198285643,0.580058651026393,0.13313782991202347,23.520362189636174,3.5965528942998013,29.98320674041767,-1.1762518488343103,0.35664285794078704,true,0.20687377507533045
SEG_04_204_205_AB,1300,19.784875773137372,0.5339181286549708,0.09824561403508772,23.520362189636174,3.5965528942998013,29.98320674041767,-1.0386296340641052,0.3401347646225193,true,0.18160411701775447
SEG_04_204_205_AB,1330,20.490135690709433,0.4876325088339223,0.052414605418138985,23.520362189636174,3.5965528942998013,29.98320674041767,-0.842536336315077,0.31661293376306815,false,0.15439075922015338
SEG_04_204_205_AB,1400,20.612801550102304,0.4994124559341951,0.04759106933019976,23.520362189636174,3.5965528942998013,29.98320674041767,-0.8084298285010851,0.312521781657329,false,0.15607727051041698
SEG_04_204_205_AB,1430,20.62410417630614,0.4933255948926291,0.05165409170052235,23.520362189636174,3.5965528942998013,29.98320674041767,-0.8052872009529821,0.3121448164347066,false,0.15398902726030214
SEG_04_204_205_AB,1500,20.432865755848287,0.512109375,0.059375,23.520362189636174,3.5965528942998013,29.98320674041767,-0.8584598988329295,0.3185230008001588,false,0.1631186148628938
SEG_04_204_205_AB,1530,20.273648603193728,0.5236220472440944,0.07834645669291339,23.520362189636174,3.5965528942998013,29.98320674041767,-0.9027292749088113,0.32383321174700636,false,0.1695662093005978
SEG_04_204_205_AB,1600,20.451388347119142,0.48432879952690716,0.06623299822590184,23.520362189636174,3.5965528942998013,29.98320674041767,-0.8533098032232662,0.3179052352812396,false,0.15397066096708176
SEG_04_204_205_AB,1630,19.897424666350283,0.5217735550277118,0.0831353919239905,23.520362189636174,3.5965528942998013,29.98320674041767,-1.007336088127025,0.33638103360277505,true,0.17551472774681612
SEG_04_204_205_AB,1700,19.222718209814808,0.5781065088757397,0.11834319526627218,23.520362189636174,3.5965528942998013,29.98320674041767,-1.1949341789558352,0.35888384533925166,true,0.20747308692097569
SEG_04_204_205_AB,1730,19.539594390158875,0.5620553359683794,0.09486166007905138,23.520362189636174,3.5965528942998013,29.98320674041767,-1.1068286541222407,0.34831539003400525,true,0.19577252356851993
SEG_04_204_205_AB,1800,19.679149649577194,0.551497005988024,0.1029940119760479,23.520362189636174,3.5965528942998013,29.98320674041767,-1.0680261497465922,0.34366094260860036,true,0.18952798092366524
SEG_04_204_205_AB,1830,20.294819063904562,0.5066666666666667,0.0792156862745098,23.520362189636174,3.5965528942998013,29.98320674041767,-0.8968429550539337,0.32312713447868346,false,0.16371774813586631
SEG_04_204_205_AB,1900,22.205877533694327,0.2975352112676056,0.022300469483568074,23.520362189636174,3.5965528942998013,29.98320674041767,-0.365484588875415,0.25938950673476247,false,0.07717751168692756
SEG_04_204_205_AB,1930,22.65230137948252,0.2466189339697693,0.011137629276054098,23.520362189636174,3.5965528942998013,29.98320674041767,-0.2413591112560722,0.2445003773079754,false,0.06029842240689926
SEG_04_204_205_AB,2000,24.083247233805434,0.13568439928272563,0.009563658099222952,23.520362189636174,3.5965528942998013,29.98320674041767,0.15650681658578686,0.19677546693693143,false,0.02669936102491538
SEG_04_204_205_AB,2030,24.895806232961387,0.10251798561151079,0.004196642685851319,23.520362189636174,3.5965528942998013,29.98320674041767,0.38243398157862857,0.16967499679073406,false,0.017394738879625615
SEG_04_204_205_AB,2100,23.27582639406608,0.24449732302201072,0.014277215942891136,23.520362189636174,3.5965528942998013,29.98320674041767,-0.06799171394299816,0.22370456917505005,false,0.05469516831109195
SEG_04_204_205_AB,2130,24.280163892989073,0.19285714285714287,0.05476190476190476,23.520362189636174,3.5965528942998013,29.98320674041767,0.21125831474830062,0.19020790193668105,false,0.03668295251635992
SEG_04_204_205_AB,2200,23.618975568072813,0.2261904761904762,0.08928571428571429,23.520362189636174,3.5965528942998013,29.98320674041767,0.02741885948429445,0.2122598569073604,false,0.04801115810999819
SEG_04_204_205_AB,2230,24.04847958338128,0.21580188679245282,0.0695754716981132,23.520362189636174,3.5965528942998013,29.98320674041767,0.14683987953635336,0.1979350377168403,false,0.04271475460162945
SEG_04_204_205_AB,2300,25.52014360282332,0.1486725663716814,0.038348082595870206,23.520362189636174,3.5965528942998013,29.98320674041767,0.5560272494133516,0.14885209498215862,false,0.022130222970798804
SEG_04_204_205_AB,2330,26.097882965020865,0.11091234347048301,0.01490757304710793,23.520362189636174,3.5965528942998013,29.98320674041767,0.7166642201953487,0.12958333006320333,false,0.014372390812018975
SEG_04_204_205_BA,0,27.02293610053129,0.034688995215311005,0.0007974481658692185,23.202346745998966,3.455492970015664,29.022032014720235,1.1056568158826279,0.0688820105075684,false,0.0023894477329180425
SEG_04_204_205_BA,30,27.390027708600325,0.0195160031225605,0.00039032006245121,23.202346745998966,3.455492970015664,29.022032014720235,1.2118910381063157,0.056233288740503866,false,0.0010974490386515196
SEG_04_204_205_BA,100,28.038376927230935,0.01201923076923077,0.0,23.202346745998966,3.455492970015664,29.022032014720235,1.3995196121640634,0.03389339130321341,false,0.0004073724916251612
SEG_04_204_205_BA,130,28.85836973558994,0.004801920768307323,0.0,23.202346745998966,3.455492970015664,29.022032014720235,1.636820864250039,0.005639242594980435,false,0.000027079196134359828
SEG_04_204_205_BA,200,28.699981465859427,0.0043076923076923075,0.0,23.202346745998966,3.455492970015664,29.022032014720235,1.5909842003919747,0.011096760857319067,false,0.00004780143138537444
SEG_04_204_205_BA,230,28.487739549040146,0.00850546780072904,0.0006075334143377885,23.202346745998966,3.455492970015664,29.022032014720235,1.5295625975523897,0.01840989167847003,false,0.00015658474088613635
SEG_04_204_205_BA,300,28.66274383514531,0.00900360144057623,0.0006002400960384153,23.202346745998966,3.455492970015664,29.022032014720235,1.5802078419860284,0.012379842300245924,false,0.00011146316596860075
SEG_04_204_205_BA,330,28.813018803715554,0.007845503922751962,0.0,23.202346745998966,3.455492970015664,29.022032014720235,1.6236965626618407,0.007201880657380144,false,0.0000565023829486674
SEG_04_204_205_BA,400,28.758482690136148,0.0065986802639472104,0.0,23.202346745998966,3.455492970015664,29.022032014720235,1.6079141217619077,0.009081008678179818,false,0.000059922672741438505
SEG_04_204_205_BA,430,29.022032014720235,0.0023710729104919974,0.0005927682276229994,23.202346745998966,3.455492970015664,29.022032014720235,1.6841837964135369,0.0,false,0.0
SEG_04_204_205_BA,500,28.194904339132442,0.010830324909747292,0.0,23.202346745998966,3.455492970015664,29.022032014720235,1.4448177543567235,0.02849999183958815,false,0.0003086641715478861
SEG_04_204_205_BA,530,27.110778606722295,0.01690251572327044,0.0,23.202346745998966,3.455492970015664,29.022032014720235,1.1310779372546698,0.06585525806837146,false,0.001113119534960681
SEG_04_204_205_BA,600,25.582849232758363,0.027810650887573965,0.0,23.202346745998966,3.455492970015664,29.022032014720235,0.6889038720135513,0.11850248046785586,false,0.003295631113603092
SEG_04_204_205_BA,630,24.308767266194938,0.04488188976377953,0.0,23.202346745998966,3.455492970015664,29.022032014720235,0.32019180180562085,0.16240298908548814,false,0.007288953053443168
SEG_04_204_205_BA,700,23.870884096567398,0.05182567726737338,0.002355712603062426,23.202346745998966,3.455492970015664,29.022032014720235,0.19347090454807125,0.17749094603507187,false,0.00919858848709442
SEG_04_204_205_BA,730,22.222313076480265,0.18774548311076197,0.024351924587588374,23.202346745998966,3.455492970015664,29.022032014720235,-0.28361616649859894,0.23429506709906084,false,0.04398784056298157
SEG_04_204_205_BA,800,21.838943499123914,0.20565704183853858,0.030053034767236298,23.202346745998966,3.455492970015664,29.022032014720235,-0.3945611403946429,0.24750467203512813,false,0.050901078691962115
SEG_04_204_205_BA,830,20.71496470649134,0.29193037974683544,0.05775316455696203,23.202346745998966,3.455492970015664,29.022032014720235,-0.7198342063177025,0.2862331384658206,false,0.08356014880845554
SEG_04_204_205_BA,900,21.063764917143235,0.2714878482513337,0.02963841138114997,23.202346745998966,3.455492970015664,29.022032014720235,-0.6188934104085406,0.27421467571741687,false,0.07444595226945876
SEG_04_204_205_BA,930,20.586462097930614,0.33280881195908735,0.03461841070023604,23.202346745998966,3.455492970015664,29.022032014720235,-0.7570221299152272,0.2906608990201315,false,0.09673450848585022
SEG_04_204_205_BA,1000,20.544861743204716,0.3484136310223267,0.02526439482961222,23.202346745998966,3.455492970015664,29.022032014720235,-0.7690610358215265,0.29209430501681694,false,0.1017696374118522
SEG_04_204_205_BA,1030,20.715079134688622,0.29712272460364064,0.008220786846741044,23.202346745998966,3.455492970015664,29.022032014720235,-0.7198010914486302,0.28622919566136,false,0.08504519847601184
SEG_04_204_205_BA,1100,20.45325196438878,0.3557692307692308,0.013822115384615384,23.202346745998966,3.455492970015664,29.022032014720235,-0.7955723844513346,0.2952508647907663,false,0.10504117305056108
SEG_04_204_205_BA,1130,19.94488038229087,0.4614024749558044,0.022981732469063054,23.202346745998966,3.455492970015664,29.022032014720235,-0.9426922271218892,0.31276761144172655,false,0.144311750005228
SEG_04_204_205_BA,1200,19.902988968048625,0.46702317290552586,0.0196078431372549,23.202346745998966,3.455492970015664,29.022032014720235,-0.9548153639957732,0.3142110463542439,false,0.14674383983032424
SEG_04_204_205_BA,1230,20.03277375948943,0.419941348973607,0.03401759530791789,23.202346745998966,3.455492970015664,29.022032014720235,-0.917256383969772,0.3097391061615318,false,0.13007225807135292
SEG_04_204_205_BA,1300,20.00402886836173,0.4263157894736842,0.026900584795321637,23.202346745998966,3.455492970015664,29.022032014720235,-0.9255749918723576,0.3107295568340802,false,0.13246891633452892
SEG_04_204_205_BA,1330,19.947973388654695,0.42402826855123676,0.032391048292108364,23.202346745998966,3.455492970015664,29.022032014720235,-0.9417971286827762,0.3126610370170874,false,0.13257711816978973
SEG_04_204_205_BA,1400,20.340534298217563,0.3396004700352526,0.031139835487661575,23.202346745998966,3.455492970015664,29.022032014720235,-0.8281922355548681,0.2991347301973666,false,0.10158629497889417
SEG_04_204_205_BA,1430,20.467006733893598,0.3441671503192107,0.026697620429483458,23.202346745998966,3.455492970015664,29.022032014720235,-0.7915918324362757,0.29477692245971787,false,0.10145253338282803
SEG_04_204_205_BA,1500,20.141531864346526,0.39140625,0.0296875,23.202346745998966,3.455492970015664,29.022032014720235,-0.8857824073763246,0.305991673700499,false,0.11976705353433595
SEG_04_204_205_BA,1530,20.234896454839753,0.3598425196850394,0.04488188976377953,23.202346745998966,3.455492970015664,29.022032014720235,-0.8587632262339003,0.3027746491156639,false,0.10895119263453418
SEG_04_204_205_BA,1600,20.08335474676635,0.39444115907746896,0.03666469544648137,23.202346745998966,3.455492970015664,29.022032014720235,-0.9026185341127977,0.30799625827096144,false,0.12148640110392152
SEG_04_204_205_BA,1630,19.557138616091375,0.4821852731591449,0.0768012668250198,23.202346745998966,3.455492970015664,29.022032014720235,-1.0549024875866169,0.3261278670572819,true,0.15725405466182477
SEG_04_204_205_BA,1700,19.188830394594955,0.5976331360946746,0.08106508875739644,23.202346745998966,3.455492970015664,29.022032014720235,-1.161488790812333,0.33881850916358275,true,0.20248916819835422
SEG_04_204_205_BA,1730,19.040276027498308,0.5739130434782609,0.08695652173913043,23.202346745998966,3.455492970015664,29.022032014720235,-1.2044795792137848,0.343937184762221,true,0.1973900364722312
SEG_04_204_205_BA,1800,19.09620980803077,0.5568862275449101,0.09461077844311377,23.202346745998966,3.455492970015664,29.022032014720235,-1.1882926614518858,0.342009897916693,true,0.190460601833847
SEG_04_204_205_BA,1830,19.758736516148605,0.4345098039215686,0.08627450980392157,23.202346745998966,3.455492970015664,29.022032014720235,-0.9965612026219086,0.3191814926629949,false,0.1386874877923915
SEG_04_204_205_BA,1900,20.857752161718164,0.2975352112676056,0.05046948356807512,23.202346745998966,3.455492970015664,29.022032014720235,-0.6785123293913615,0.2813131709337608,false,0.08370057374613657
SEG_04_204_205_BA,1930,21.87995574060933,0.18615751789976134,0.022275258552108195,23.202346745998966,3.455492970015664,29.022032014720235,-0.3826924311131336,0.24609153041001336,false,0.04581178847728173
SEG_04_204_205_BA,2000,22.557258624148574,0.15540944411237298,0.005379557680812911,23.202346745998966,3.455492970015664,29.022032014720235,-0.18668483120874882,0.22275398866945878,false,0.03461807355293442
SEG_04_204_205_BA,2030,22.810920167656377,0.12709832134292565,0.011390887290167866,23.202346745998966,3.455492970015664,29.022032014720235,-0.11327662412834098,0.21401367912190045,false,0.02720077936081708
SEG_04_204_205_BA,2100,22.400253889886507,0.1570493753718025,0.010113027959547887,23.202346745998966,3.455492970015664,29.022032014720235,-0.2321211077760703,0.22816383502971477,false,0.035832987773851695
SEG_04_204_205_BA,2130,23.84443536794479,0.0869047619047619,0.01130952380952381,23.202346745998966,3.455492970015664,29.022032014720235,0.18581679300679155,0.17840227879802908,false,0.01550400756220967
SEG_04_204_205_BA,2200,23.66440283996229,0.09702380952380953,0.01488095238095238,23.202346745998966,3.455492970015664,29.022032014720235,0.13371640399002993,0.18460558420032439,false,0.017911137038483856
SEG_04_204_205_BA,2230,24.558931829511735,0.0607311320754717,0.00294811320754717,23.202346745998966,3.455492970015664,29.022032014720235,0.39258800272038163,0.15378317351951012,false,0.009339426221998551
SEG_04_204_205_BA,2300,25.873239683405817,0.038348082595870206,0.00471976401179941,23.202346745998966,3.455492970015664,29.022032014720235,0.7729412157926467,0.10849661835247519,false,0.004160637281953326
SEG_04_204_205_BA,2330,26.562799164437447,0.02623732856290996,0.0005963029218843172,23.202346745998966,3.455492970015664,29.022032014720235,0.9724958052579247,0.08473675616633057,false,0.002223266112891202
SEG_05_205_206_AB,0,32.98887670589356,0.009170653907496013,0.0007974481658692185,25.05649422158667,6.470349713737291,36.50335725493188,1.2259588484785504,0.09627828269312091,false,0.0008829348093866751
SEG_05_205_206_AB,30,32.939693405173365,0.00585480093676815,0.0,25.05649422158667,6.470349713737291,36.50335725493188,1.2183575127090522,0.09762564645412265,false,0.0005715787263121935
SEG_05_205_206_AB,100,33.85156872784337,0.006009615384615385,0.0,25.05649422158667,6.470349713737291,36.50335725493188,1.359288894011981,0.07264505860567741,false,0.0004365688618129652
SEG_05_205_206_AB,130,34.89099637832685,0.004201680672268907,0.0,25.05649422158667,6.470349713737291,36.50335725493188,1.5199336344773458,0.04417020783443663,false,0.00018558910854805303
SEG_05_205_206_AB,200,35.50296038242992,0.005538461538461538,0.0,25.05649422158667,6.470349713737291,36.50335725493188,1.6145133760952992,0.027405612736258602,false,0.00015178493207773994
SEG_05_205_206_AB,230,35.878902945107775,0.007897934386391251,0.0,25.05649422158667,6.470349713737291,36.50335725493188,1.672615732120923,0.017106763782384262,false,0.00013510809791676513
SEG_05_205_206_AB,300,35.81178869645307,0.009603841536614645,0.0012004801920768306,25.05649422158667,6.470349713737291,36.50335725493188,1.6622431476975166,0.01894534120927659,false,0.00018194805483098765
SEG_05_205_206_AB,330,36.50335725493188,0.005431502715751358,0.0,25.05649422158667,6.470349713737291,36.50335725493188,1.769125864872838,0.0,false,0.0
SEG_05_205_206_AB,400,35.57208500408893,0.004199160167966407,0.0,25.05649422158667,6.470349713737291,36.50335725493188,1.6251966659818189,0.025511961662570713,false,0.00010712881322015297
SEG_05_205_206_AB,430,34.887894799697044,0.004742145820983995,0.0,25.05649422158667,6.470349713737291,36.50335725493188,1.5194542819280983,0.0442551747761933,false,0.00020986449212184136
SEG_05_205_206_AB,500,34.11842279406171,0.0036101083032490976,0.0,25.05649422158667,6.470349713737291,36.50335725493188,1.4005314972752596,0.06533466070570666,false,0.00023586520110363416
SEG_05_205_206_AB,530,31.18412973655502,0.005110062893081761,0.00039308176100628933,25.05649422158667,6.470349713737291,36.50335725493188,0.9470331258847844,0.145718857617081,false,0.0007446325271313101
SEG_05_205_206_AB,600,28.30603310489068,0.03372781065088758,0.000591715976331361,25.05649422158667,6.470349713737291,36.50335725493188,0.5022199768282798,0.22456356802451855,false,0.0075740375014186736
SEG_05_205_206_AB,630,25.462039052643632,0.09055118110236221,0.0007874015748031496,25.05649422158667,6.470349713737291,36.50335725493188,0.0626774206958154,0.30247404711785736,false,0.02738938221933354
SEG_05_205_206_AB,700,23.92882940602272,0.1431095406360424,0.010011778563015312,25.05649422158667,6.470349713737291,36.50335725493188,-0.1742818959491152,0.34447592754527373,false,0.049297791751178745
SEG_05_205_206_AB,730,21.496645731784458,0.33935585231736054,0.11861743912018853,25.05649422158667,6.470349713737291,36.50335725493188,-0.5501786838884842,0.41110496819083403,false,0.13951087687230188
SEG_05_205_206_AB,800,20.506088454273872,0.40542133176193285,0.11667648791985857,25.05649422158667,6.470349713737291,36.50335725493188,-0.703270451928088,0.4382410277755111,false,0.1776722611134659
SEG_05_205_206_AB,830,19.496220763630337,0.4778481012658228,0.20727848101265822,25.05649422158667,6.470349713737291,36.50335725493188,-0.8593466665567148,0.46590609111724235,false,0.22263234100855567
SEG_05_205_206_AB,900,20.252721363748915,0.41315945465323056,0.13989330171902786,25.05649422158667,6.470349713737291,36.50335725493188,-0.7424286275653383,0.445181953476002,false,0.18393113311960485
SEG_05_205_206_AB,930,20.41422358179941,0.4075531077891424,0.11644374508261211,25.05649422158667,6.470349713737291,36.50335725493188,-0.7174682737675202,0.44075764211958085,false,0.17963214682764977
SEG_05_205_206_AB,1000,20.470082825245722,0.4095182138660399,0.10869565217391304,25.05649422158667,6.470349713737291,36.50335725493188,-0.7088351633611819,0.4392273926398904,false,0.17987161731492574
SEG_05_205_206_AB,1030,20.398413472574088,0.3992953611274222,0.1092190252495596,25.05649422158667,6.470349713737291,36.50335725493188,-0.7199117443564057,0.4411907559593547,false,0.17616542222687093
SEG_05_205_206_AB,1100,20.261464922196335,0.41646634615384615,0.1171875,25.05649422158667,6.470349713737291,36.50335725493188,-0.7410773005375492,0.44494242596113925,false,0.18530354638886387
SEG_05_205_206_AB,1130,19.895500700889915,0.4619917501473188,0.11962286387743076,25.05649422158667,6.470349713737291,36.50335725493188,-0.7976374924124082,0.45496792084235255,false,0.21019142601084526
SEG_05_205_206_AB,1200,20.077963194339567,0.43969102792632203,0.09566250742721331,25.05649422158667,6.470349713737291,36.50335725493188,-0.7694377039122189,0.4499694081802056,false,0.19784751161815337
SEG_05_205_206_AB,1230,20.381022893737,0.4117302052785924,0.06803519061583578,25.05649422158667,6.470349713737291,36.50335725493188,-0.7225994783439775,0.44166716635403797,false,0.18184771306776226
SEG_05_205_206_AB,1300,19.594027427239954,0.5005847953216375,0.11929824561403508,25.05649422158667,6.470349713737291,36.50335725493188,-0.8442305340543305,0.46322670294681856,false,0.23188424428215013
SEG_05_205_206_AB,1330,18.870074315591634,0.5512367491166078,0.17137809187279152,25.05649422158667,6.470349713737291,36.50335725493188,-0.9561183212184903,0.4830592105869346,false,0.26627998887477666
SEG_05_205_206_AB,1400,18.763171861411617,0.5599294947121034,0.18213866039952997,25.05649422158667,6.470349713737291,36.50335725493188,-0.972640218628927,0.48598777557983186,false,0.27211888961667435
SEG_05_205_206_AB,1430,18.69726148728589,0.5560069645966338,0.1996517701683111,25.05649422158667,6.470349713737291,36.50335725493188,-0.9828267428574077,0.4877933731763878,false,0.27121651277015646
SEG_05_205_206_AB,1500,18.760439972567827,0.558203125,0.183203125,25.05649422158667,6.470349713737291,36.50335725493188,-0.9730624351959837,0.4860626149658289,false,0.2713216706195975
SEG_05_205_206_AB,1530,18.764809270514714,0.5704724409448819,0.19330708661417323,25.05649422158667,6.470349713737291,36.50335725493188,-0.9723871551662797,0.48594291918233223,false,0.2772170432658266
SEG_05_205_206_AB,1600,18.703948997788714,0.5511531638083974,0.19455943228858663,25.05649422158667,6.470349713737291,36.50335725493188,-0.9817931804073555,0.4876101705614579,false,0.2687478882100998
SEG_05_205_206_AB,1630,17.946439223788758,0.6199524940617577,0.2684085510688836,25.05649422158667,6.470349713737291,36.50335725493188,-1.0988671883843395,0.5083619542593152,true,0.31516026142917164
SEG_05_205_206_AB,1700,17.789717033660633,0.6248520710059171,0.2875739644970414,25.05649422158667,6.470349713737291,36.50335725493188,-1.1230887833617156,0.5126553179911388,true,0.3203337371589601
SEG_05_205_206_AB,1730,18.24820464544118,0.6118577075098814,0.22687747035573122,25.05649422158667,6.470349713737291,36.50335725493188,-1.0522289949321773,0.5000951688361291,true,0.3059870835408411
SEG_05_205_206_AB,1800,17.835693951680216,0.6377245508982036,0.2718562874251497,25.05649422158667,6.470349713737291,36.50335725493188,-1.1159829977313083,0.5113957922522187,true,0.32612965194527715
SEG_05_205_206_AB,1830,18.56485027176347,0.5615686274509804,0.2415686274509804,25.05649422158667,6.470349713737291,36.50335725493188,-1.0032910487111233,0.49142074406717157,true,0.275966472746741
SEG_05_205_206_AB,1900,21.90461361229421,0.2746478873239437,0.04988262910798122,25.05649422158667,6.470349713737291,36.50335725493188,-0.4871267781091739,0.3999287939649789,false,0.10983959834249421
SEG_05_205_206_AB,1930,23.890621177713623,0.12569610182975338,0.011933174224343675,25.05649422158667,6.470349713737291,36.50335725493188,-0.18018702163775896,0.34552263204541767,false,0.043430847942065226
SEG_05_205_206_AB,2000,24.783710275173014,0.07172743574417215,0.004781829049611476,25.05649422158667,6.470349713737291,36.50335725493188,-0.0421590730767621,0.32105668796191206,false,0.023028572956024774
SEG_05_205_206_AB,2030,24.95623205653172,0.0803357314148681,0.004796163069544364,25.05649422158667,6.470349713737291,36.50335725493188,-0.015495633078700829,0.31633049852805123,false,0.025412641968080855
SEG_05_205_206_AB,2100,25.606099885637917,0.05889351576442594,0.000594883997620464,25.05649422158667,6.470349713737291,36.50335725493188,0.08494218834638413,0.298527537979309,false,0.017581336264099696
SEG_05_205_206_AB,2130,26.338718346811305,0.06666666666666667,0.004166666666666667,25.05649422158667,6.470349713737291,36.50335725493188,0.19816921525931208,0.27845764533746425,false,0.01856384302249762
SEG_05_205_206_AB,2200,26.99318751812913,0.0744047619047619,0.017261904761904763,25.05649422158667,6.470349713737291,36.50335725493188,0.2993181794224564,0.26052863221280426,false,0.019384570849166984
SEG_05_205_206_AB,2230,28.77543976369256,0.0347877358490566,0.01061320754716981,25.05649422158667,6.470349713737291,36.50335725493188,0.5747673165501616,0.21170429440966604,false,0.0073647130720343726
SEG_05_205_206_AB,2300,29.750808296533375,0.02654867256637168,0.0011799410029498525,25.05649422158667,6.470349713737291,36.50335725493188,0.7255116466085502,0.18498432654399707,false,0.0049110883153273555
SEG_05_205_206_AB,2330,31.69572694656968,0.007751937984496124,0.0,25.05649422158667,6.470349713737291,36.50335725493188,1.0261010638864168,0.13170378479948314,false,0.0010209595720890165
SEG_05_205_206_BA,0,35.29329329829608,0.004784688995215311,0.00039872408293460925,25.460498055981372,7.14458871191517,35.619483711230146,1.37625770198869,0.009157640115688318,false,0.00004381645988367616
SEG_05_205_206_BA,30,34.63609540923224,0.00351288056206089,0.0,25.460498055981372,7.14458871191517,35.619483711230146,1.2842722965912012,0.027608157096557295,false,0.00009698415841881953
SEG_05_205_206_BA,100,34.9418570550232,0.004206730769230769,0.0,25.460498055981372,7.14458871191517,35.619483711230146,1.327068552347818,0.019024044865459513,false,0.00008002903489075516
SEG_05_205_206_BA,130,34.83621134455404,0.006002400960384154,0.0,25.460498055981372,7.14458871191517,35.619483711230146,1.3122817374968843,0.021989997750280627,false,0.0001319927836151298
SEG_05_205_206_BA,200,35.115469146787824,0.003076923076923077,0.0,25.460498055981372,7.14458871191517,35.619483711230146,1.3513683544449058,0.014149968273779772,false,0.00004353836391932237
SEG_05_205_206_BA,230,35.40054161446659,0.00425273390036452,0.0,25.460498055981372,7.14458871191517,35.619483711230146,1.3912688272605551,0.006146694840906054,false,0.000026140257525116876
SEG_05_205_206_BA,300,35.202938934920894,0.004201680672268907,0.0,25.460498055981372,7.14458871191517,35.619483711230146,1.3636111568874305,0.01169429573112883,false,0.00004913569634928079
SEG_05_205_206_BA,330,35.619483711230146,0.006035003017501509,0.0,25.460498055981372,7.14458871191517,35.619483711230146,1.421913291986484,0.0,false,0.0
SEG_05_205_206_BA,400,35.26266537715769,0.004799040191961607,0.0,25.460498055981372,7.14458871191517,35.619483711230146,1.3719708322508546,0.010017504379491029,false,0.00004807440614032887
SEG_05_205_206_BA,430,34.966524331885935,0.004149377593360996,0.0,25.460498055981372,7.14458871191517,35.619483711230146,1.3305211341348702,0.018331522844008675,false,0.00007606441014111483
SEG_05_205_206_BA,500,33.700265055971485,0.003208985158443642,0.0,25.460498055981372,7.14458871191517,35.619483711230146,1.153287800352803,0.05388114748708633,false,0.00017290380260597297
SEG_05_205_206_BA,530,32.877299383898496,0.005110062893081761,0.0,25.460498055981372,7.14458871191517,35.619483711230146,1.0381005299224544,0.07698551583629751,false,0.00039340082777982214
SEG_05_205_206_BA,600,29.461271526383648,0.017159763313609466,0.0,25.460498055981372,7.14458871191517,35.619483711230146,0.5599725374996195,0.1728888670810501,false,0.002966732038668907
SEG_05_205_206_BA,630,27.76731304878358,0.014960629921259842,0.0015748031496062992,25.460498055981372,7.14458871191517,35.619483711230146,0.3228758275413515,0.22044594262243403,false,0.003298010165217517
SEG_05_205_206_BA,700,25.555086483762775,0.06654888103651355,0.00530035335689046,25.460498055981372,7.14458871191517,35.619483711230146,0.013239170454088718,0.28255314729040437,false,0.01880359578552161
SEG_05_205_206_BA,730,22.70652525119459,0.22309505106048705,0.04320502749410841,25.460498055981372,7.14458871191517,35.619483711230146,-0.38546274891848237,0.3625251439555353,false,0.08087756550147057
SEG_05_205_206_BA,800,20.613828601069795,0.37595757218621095,0.1249263406010607,25.460498055981372,7.14458871191517,35.619483711230146,-0.6783692736334412,0.4212766033278959,false,0.15838212900600918
SEG_05_205_206_BA,830,18.47533636558524,0.6083860759493671,0.2231012658227848,25.460498055981372,7.14458871191517,35.619483711230146,-0.9776856264303699,0.481313751895839,false,0.29282458481637674
SEG_05_205_206_BA,900,18.941621059096203,0.5666864256075874,0.18079430942501482,25.460498055981372,7.14458871191517,35.619483711230146,-0.9124215906247354,0.46822303173573876,false,0.26533563624147377
SEG_05_205_206_BA,930,20.139469961914887,0.43273013375295044,0.08497246262785209,25.460498055981372,7.14458871191517,35.619483711230146,-0.7447633878759882,0.4345939956573459,false,0.18806191786903245
SEG_05_205_206_BA,1000,20.68411710842434,0.3601645123384254,0.05464159811985899,25.460498055981372,7.14458871191517,35.619483711230146,-0.6685312675299797,0.419303287040541,false,0.15101816389885525
SEG_05_205_206_BA,1030,20.261288633540975,0.4327657075748679,0.0722254844392249,25.460498055981372,7.14458871191517,35.619483711230146,-0.7277129072201979,0.4311739946092207,false,0.18659731886494166
SEG_05_205_206_BA,1100,19.68926453474156,0.47896634615384615,0.1045673076923077,25.460498055981372,7.14458871191517,35.619483711230146,-0.8077768719723519,0.4472332980914625,false,0.21420969866520168
SEG_05_205_206_BA,1130,19.682857394833665,0.5055981143193872,0.09487330583382439,25.460498055981372,7.14458871191517,35.619483711230146,-0.8086736541618166,0.44741317548552695,false,0.22621125784713147
SEG_05_205_206_BA,1200,19.798653979654773,0.48425430778371953,0.09506833036244801,25.460498055981372,7.14458871191517,35.619483711230146,-0.7924660613261377,0.4441622416494309,false,0.21508747887361032
SEG_05_205_206_BA,1230,20.356595895686983,0.3964809384164223,0.07390029325513196,25.460498055981372,7.14458871191517,35.619483711230146,-0.714373124345494,0.4284982887253659,false,0.16989140362366412
SEG_05_205_206_BA,1300,19.812449274759366,0.47309941520467835,0.08596491228070176,25.460498055981372,7.14458871191517,35.619483711230146,-0.790535188093143,0.4437749453254181,false,0.20994966711594343
SEG_05_205_206_BA,1330,18.717430819922846,0.5959952885747939,0.16666666666666666,25.460498055981372,7.14458871191517,35.619483711230146,-0.9438006172157931,0.4745170656692703,false,0.28280993548722116
SEG_05_205_206_BA,1400,18.279769496146585,0.6433607520564042,0.19858989424206816,25.460498055981372,7.14458871191517,35.619483711230146,-1.0050583524646206,0.48680419838922817,true,0.3131907151799088
SEG_05_205_206_BA,1430,18.12257399815368,0.6645385954730122,0.20313406848520024,25.460498055981372,7.14458871191517,35.619483711230146,-1.027060388457364,0.49121738694825673,true,0.32643291239451766
SEG_05_205_206_BA,1500,18.00898048729313,0.673828125,0.219140625,25.460498055981372,7.14458871191517,35.619483711230146,-1.0429596256900275,0.49440647053468545,true,0.33314498502825485
SEG_05_205_206_BA,1530,17.587611797812116,0.7094488188976378,0.2511811023622047,25.460498055981372,7.14458871191517,35.619483711230146,-1.1019369449552063,0.5062361953251142,true,0.35914867085663615
SEG_05_205_206_BA,1600,17.52679794721348,0.7238320520402128,0.24246008279124778,25.460498055981372,7.14458871191517,35.619483711230146,-1.1104488205929481,0.5079435151473682,true,0.36766579688963846
SEG_05_205_206_BA,1630,16.626741333400425,0.8210609659540776,0.32145684877276326,25.460498055981372,7.14458871191517,35.619483711230146,-1.2364262071305405,0.5332121748817396,true,0.4377997033668756
SEG_05_205_206_BA,1700,16.11855424614892,0.8668639053254438,0.35384615384615387,25.460498055981372,7.14458871191517,35.619483711230146,-1.3075551562895018,0.5474792847413719,true,0.47459003085568624
SEG_05_205_206_BA,1730,16.643505739532632,0.7794466403162056,0.3430830039525692,25.460498055981372,7.14458871191517,35.619483711230146,-1.234079759097185,0.5327415221831177,true,0.41524358962257235
SEG_05_205_206_BA,1800,17.108133230006157,0.7233532934131737,0.31676646706586825,25.460498055981372,7.14458871191517,35.619483711230146,-1.1690476754870176,0.5196973272071238,true,0.37592477321329676
SEG_05_205_206_BA,1830,17.626752967301062,0.6603921568627451,0.29568627450980395,25.460498055981372,7.14458871191517,35.619483711230146,-1.0964585093073056,0.5051373256782022,true,0.3335887280165069
SEG_05_205_206_BA,1900,21.08646091104378,0.352112676056338,0.1396713615023474,25.460498055981372,7.14458871191517,35.619483711230146,-0.6122167869009625,0.4080076768660288,false,0.14366467495282703
SEG_05_205_206_BA,1930,25.358672336998715,0.06841686555290374,0.010342084327764518,25.460498055981372,7.14458871191517,35.619483711230146,-0.01425214565715163,0.2880673806902033,false,0.019708667254858783
SEG_05_205_206_BA,2000,26.82642676921026,0.030484160191273164,0.0005977286312014345,25.460498055981372,7.14458871191517,35.619483711230146,0.1911836731694441,0.24686087573042506,false,0.007525346480724255
SEG_05_205_206_BA,2030,27.530328395550853,0.02158273381294964,0.0005995203836930455,25.460498055981372,7.14458871191517,35.619483711230146,0.28970601710320776,0.22709917362246707,false,0.004901421013434541
SEG_05_205_206_BA,2100,27.697448287922082,0.02379535990481856,0.000594883997620464,25.460498055981372,7.14458871191517,35.619483711230146,0.313097131568974,0.22240736242929868,false,0.005292263234486583
SEG_05_205_206_BA,2130,29.30934834004987,0.01369047619047619,0.0005952380952380953,25.460498055981372,7.14458871191517,35.619483711230146,0.538708446246835,0.17715403800731708,false,0.0024253231393858887
SEG_05_205_206_BA,2200,30.003442330891197,0.019642857142857142,0.0005952380952380953,25.460498055981372,7.14458871191517,35.619483711230146,0.6358580539889537,0.1576676805837115,false,0.0030970437257514757
SEG_05_205_206_BA,2230,32.095182598464085,0.01061320754716981,0.0023584905660377358,25.460498055981372,7.14458871191517,35.619483711230146,0.9286307175972103,0.09894307119490661,false,0.0010501033499459428
SEG_05_205_206_BA,2300,33.405246226008046,0.007669616519174041,0.0,25.460498055981372,7.14458871191517,35.619483711230146,1.1119951743026246,0.06216366029258287,false,0.000476771435872317
SEG_05_205_206_BA,2330,34.62617464517886,0.0035778175313059034,0.0,25.460498055981372,7.14458871191517,35.619483711230146,1.2828837262404913,0.027886677811057588,false,0.00009977344476228117
SEG_06_206_207_AB,0,26.83080974240344,0.12001594896331738,0.012759170653907496,21.95366089474143,3.224447185385259,27.67157216658297,1.5125534912674603,0.03038361604892333,false,0.003646518513048613
SEG_06_206_207_AB,30,26.141724147877472,0.11865729898516784,0.01522248243559719,21.95366089474143,3.224447185385259,27.67157216658297,1.298846906880148,0.055285908928332884,false,0.006560076625375956
SEG_06_206_207_AB,100,26.472513847744935,0.11298076923076923,0.01201923076923077,21.95366089474143,3.224447185385259,27.67157216658297,1.4014349416188656,0.04333177427070997,false,0.004895657189238867
SEG_06_206_207_AB,130,27.26243840915032,0.06422569027611044,0.006602641056422569,21.95366089474143,3.224447185385259,27.67157216658297,1.6464147834304177,0.014785345587509883,false,0.0009495990263286659
SEG_06_206_207_AB,200,27.42007204344277,0.044307692307692305,0.003076923076923077,21.95366089474143,3.224447185385259,27.67157216658297,1.6953018097110526,0.009088754394805203,false,0.0004027017331852151
SEG_06_206_207_AB,230,27.41062397437211,0.037059538274605106,0.0,21.95366089474143,3.224447185385259,27.67157216658297,1.6923716736202894,0.009430190328180443,false,0.000349478499404014
SEG_06_206_207_AB,300,27.67157216658297,0.04201680672268908,0.0024009603841536613,21.95366089474143,3.224447185385259,27.67157216658297,1.773299714058849,0.0,false,0.0
SEG_06_206_207_AB,330,27.663779667612896,0.04767652383826192,0.006035003017501509,21.95366089474143,3.224447185385259,27.67157216658297,1.7708830210500777,0.00028160665838434265,false,0.000013426026561474393
SEG_06_206_207_AB,400,27.616063752055123,0.05578884223155369,0.0023995200959808036,21.95366089474143,3.224447185385259,27.67157216658297,1.7560848516850946,0.002005972562515983,false,0.00011191088681102964
SEG_06_206_207_AB,430,27.2537535804744,0.05394190871369295,0.006520450503852994,21.95366089474143,3.224447185385259,27.67157216658297,1.643721351602697,0.015099199409173453,false,0.0008144796361794808
SEG_06_206_207_AB,500,26.719763206435346,0.08543922984356198,0.010429201764941836,21.95366089474143,3.224447185385259,27.67157216658297,1.4781145534949922,0.0343966347274282,false,0.002938821980321784
SEG_06_206_207_AB,530,25.744470192730745,0.10809748427672956,0.008647798742138365,21.95366089474143,3.224447185385259,27.67157216658297,1.1756462674194452,0.06964194019230505,false,0.007528118534938635
SEG_06_206_207_AB,600,22.8914425160902,0.22485207100591717,0.010650887573964497,21.95366089474143,3.224447185385259,27.67157216658297,0.29083485243586826,0.17274514153790646,false,0.03884210283100856
SEG_06_206_207_AB,630,21.575402560053135,0.3543307086614173,0.005511811023622047,21.95366089474143,3.224447185385259,27.67157216658297,-0.11730951476046557,0.2203044181888499,false,0.07806062061809642
SEG_06_206_207_AB,700,20.965371968792653,0.40694935217903416,0.03651354534746761,21.95366089474143,3.224447185385259,27.67157216658297,-0.30649871718419686,0.24234980786125798,false,0.09862409730985233
SEG_06_206_207_AB,730,20.454706452633197,0.47368421052631576,0.09269442262372349,21.95366089474143,3.224447185385259,27.67157216658297,-0.4648717612439777,0.2608043254826366,false,0.12353889101809101
SEG_06_206_207_AB,800,20.086551479987378,0.4614024749558044,0.14142604596346495,21.95366089474143,3.224447185385259,27.67157216658297,-0.5790479134583708,0.27410877274821027,false,0.12647446615312236
SEG_06_206_207_AB,830,19.936311403390476,0.45806962025316456,0.14240506329113925,21.95366089474143,3.224447185385259,27.67157216658297,-0.6256419706592025,0.2795381742904304,false,0.12804794534348038
SEG_06_206_207_AB,900,20.143573957114004,0.46354475400118555,0.13515115589804386,21.95366089474143,3.224447185385259,27.67157216658297,-0.5613634938204622,0.27204808473296666,false,0.1261064625140367
SEG_06_206_207_AB,930,19.622805339411002,0.5169158143194336,0.16129032258064516,21.95366089474143,3.224447185385259,27.67157216658297,-0.7228698196376054,0.2908677099630755,false,0.150354119154792
SEG_06_206_207_AB,1000,19.991730004194462,0.4788484136310223,0.13866039952996476,21.95366089474143,3.224447185385259,27.67157216658297,-0.6084549622767519,0.27753544743160335,false,0.13289740872899924
SEG_06_206_207_AB,1030,19.918687464720524,0.4768056371109806,0.1456253669994128,21.95366089474143,3.224447185385259,27.67157216658297,-0.6311076947528805,0.28017507119545104,false,0.1335890533239614
SEG_06_206_207_AB,1100,19.66717303068458,0.4921875,0.17848557692307693,21.95366089474143,3.224447185385259,27.67157216658297,-0.7091100373485129,0.2892643427598503,false,0.14237229370211382
SEG_06_206_207_AB,1130,19.457426871893837,0.5138479670005893,0.19210371243370655,21.95366089474143,3.224447185385259,27.67157216658297,-0.7741587563169653,0.29684418526131967,false,0.15253278111247542
SEG_06_206_207_AB,1200,19.30139077174016,0.5311942959001783,0.21093285799168152,21.95366089474143,3.224447185385259,27.67157216658297,-0.8225503382479419,0.3024830444925314,false,0.16067726784095251
SEG_06_206_207_AB,1230,19.63467582244539,0.5149560117302053,0.1689149560117302,21.95366089474143,3.224447185385259,27.67157216658297,-0.7191884186556968,0.29043873242024093,false,0.14956317129910357
SEG_06_206_207_AB,1300,19.25102578340284,0.5248683440608543,0.20947922761849033,21.95366089474143,3.224447185385259,27.67157216658297,-0.8381700663568705,0.30430314304111117,false,0.15971908678050128
SEG_06_206_207_AB,1330,19.297356822426725,0.5082449941107184,0.21967020023557127,21.95366089474143,3.224447185385259,27.67157216658297,-0.8238013896938203,0.3026288240416351,false,0.1538095848927745
SEG_06_206_207_AB,1400,19.384814976569924,0.518801410105758,0.16686251468860164,21.95366089474143,3.224447185385259,27.67157216658297,-0.796677932829772,0.29946824633333935,false,0.15536454847963493
SEG_06_206_207_AB,1430,19.573779342624892,0.5124782356355194,0.138711549622751,21.95366089474143,3.224447185385259,27.67157216658297,-0.7380742853855077,0.2926394198063389,false,0.14997133353975464
SEG_06_206_207_AB,1500,19.684148504972484,0.49921875,0.133203125,21.95366089474143,3.224447185385259,27.67157216658297,-0.7038454219549519,0.2886508801713963,false,0.14409993158556422
SEG_06_206_207_AB,1530,19.486962297384313,0.525984251968504,0.14566929133858267,21.95366089474143,3.224447185385259,27.67157216658297,-0.7649989147092799,0.2957768290116396,false,0.15557395415730335
SEG_06_206_207_AB,1600,19.11242418590911,0.5582495564754583,0.17563571850975754,21.95366089474143,3.224447185385259,27.67157216658297,-0.8811546741128732,0.3093119512381789,false,0.17267325959127194
SEG_06_206_207_AB,1630,19.234694735656618,0.5336500395882818,0.19873317498020585,21.95366089474143,3.224447185385259,27.67157216658297,-0.8432348253084961,0.30489331723316326,false,0.16270633081168015
SEG_06_206_207_AB,1700,19.24029880735232,0.5224852071005918,0.22781065088757396,21.95366089474143,3.224447185385259,27.67157216658297,-0.8414968307396584,0.30469079633330376,false,0.15919643382385043
SEG_06_206_207_AB,1730,18.967480998195725,0.5533596837944664,0.2482213438735178,21.95366089474143,3.224447185385259,27.67157216658297,-0.9261060035594636,0.31454993290545913,false,0.1740592514101355
SEG_06_206_207_AB,1800,19.2078314474569,0.525748502994012,0.23353293413173654,21.95366089474143,3.224447185385259,27.67157216658297,-0.8515659551596764,0.30586410732915054,false,0.1608075965479007
SEG_06_206_207_AB,1830,19.17046241835075,0.5301960784313725,0.21490196078431373,21.95366089474143,3.224447185385259,27.67157216658297,-0.8631552375878477,0.3072145556839166,false,0.1628839526606491
SEG_06_206_207_AB,1900,19.661452401754953,0.5046948356807511,0.12910798122065728,21.95366089474143,3.224447185385259,27.67157216658297,-0.7108841798916302,0.289471075824932,false,0.14609455704779428
SEG_06_206_207_AB,1930,19.896149919196915,0.4797136038186158,0.13762927605409706,21.95366089474143,3.224447185385259,27.67157216658297,-0.6380972790840364,0.2809895368639694,false,0.13479450336433854
SEG_06_206_207_AB,2000,19.858169503783998,0.474596533173939,0.14106395696353854,21.95366089474143,3.224447185385259,27.67157216658297,-0.6498761711636036,0.28236207960148624,false,0.13400806407864918
SEG_06_206_207_AB,2030,20.022888659623778,0.459832134292566,0.13069544364508393,21.95366089474143,3.224447185385259,27.67157216658297,-0.5987917072634454,0.27640943062121975,false,0.12710193842114842
SEG_06_206_207_AB,2100,20.37961756941121,0.42058298631766805,0.11183819155264724,21.95366089474143,3.224447185385259,27.67157216658297,-0.4881591276993273,0.2635179003662736,false,0.11083114548420905
SEG_06_206_207_AB,2130,21.06300317864203,0.39345238095238094,0.0869047619047619,21.95366089474143,3.224447185385259,27.67157216658297,-0.2762202836307214,0.2388215945287578,false,0.09396492499018387
SEG_06_206_207_AB,2200,21.511919067382294,0.37083333333333335,0.06369047619047619,21.95366089474143,3.224447185385259,27.67157216658297,-0.13699769354614344,0.2225985954870775,false,0.08254697915979124
SEG_06_206_207_AB,2230,22.3918869733505,0.294811320754717,0.031839622641509434,21.95366089474143,3.224447185385259,27.67157216658297,0.13590735199364418,0.19079816504276467,false,0.05624945903383393
SEG_06_206_207_AB,2300,23.70648223698813,0.23716814159292035,0.02536873156342183,21.95366089474143,3.224447185385259,27.67157216658297,0.5436036757529563,0.14329109693243966,false,0.033984083166277726
SEG_06_206_207_AB,2330,25.81803874311854,0.16815742397137745,0.015503875968992248,21.95366089474143,3.224447185385259,27.67157216658297,1.1984621320182645,0.06698330735623376,false,0.011263740414107286
SEG_06_206_207_BA,0,22.531997222528105,0.33532695374800636,0.030303030303030304,19.178486772128835,2.944475546069321,24.469566092130595,1.138916047333449,0.07918280456250558,false,0.026552128643168735
SEG_06_206_207_BA,30,22.690890356875997,0.34270101483216237,0.04020296643247463,19.178486772128835,2.944475546069321,24.469566092130595,1.1928791833357173,0.07268930427935213,false,0.02491069834397782
SEG_06_206_207_BA,100,22.88594565419474,0.3215144230769231,0.0234375,19.178486772128835,2.944475546069321,24.469566092130595,1.2591236789230988,0.06471796156798824,false,0.02080775807624622
SEG_06_206_207_BA,130,23.704618071637245,0.22028811524609843,0.015606242496998799,19.178486772128835,2.944475546069321,24.469566092130595,1.5371604310147844,0.031261200857147876,false,0.006886471017150822
SEG_06_206_207_BA,200,24.01461695158912,0.18953846153846154,0.022153846153846152,19.178486772128835,2.944475546069321,24.469566092130595,1.6424419574196145,0.01859244822031347,false,0.0035239840319117224
SEG_06_206_207_BA,230,24.21981158645325,0.15856622114216282,0.019441069258809233,19.178486772128835,2.944475546069321,24.469566092130595,1.7121299652341309,0.010206740272262763,false,0.0016184442351522364
SEG_06_206_207_BA,300,24.469566092130595,0.1326530612244898,0.013805522208883553,19.178486772128835,2.944475546069321,24.469566092130595,1.7969513542284292,0.0,false,0.0
SEG_06_206_207_BA,330,24.46904269961492,0.10138805069402534,0.009656004828002414,19.178486772128835,2.944475546069321,24.469566092130595,1.7967736001572931,0.000021389529904364828,false,2.168642742265112e-6
SEG_06_206_207_BA,400,24.38573863436711,0.11997600479904019,0.007798440311937612,19.178486772128835,2.944475546069321,24.469566092130595,1.7684819523088284,0.003425784398785981,false,0.0004110119254692239
SEG_06_206_207_BA,430,23.672726829981308,0.2086544161232958,0.014819205690574985,19.178486772128835,2.944475546069321,24.469566092130595,1.5263295576871012,0.032564503152573296,false,0.006794727391645407
SEG_06_206_207_BA,500,23.67839026535905,0.22904131568391498,0.014039310068190935,19.178486772128835,2.944475546069321,24.469566092130595,1.5282529682534758,0.03233305501996573,false,0.007405605461853363
SEG_06_206_207_BA,530,22.642038000404145,0.36556603773584906,0.029874213836477988,19.178486772128835,2.944475546069321,24.469566092130595,1.1762879922364853,0.07468575800836051,false,0.02730257663041481
SEG_06_206_207_BA,600,20.704845255323868,0.5633136094674556,0.026627218934911243,19.178486772128835,2.944475546069321,24.469566092130595,0.5183804243959912,0.15385319145554693,false,0.08666759660691163
SEG_06_206_207_BA,630,19.786276029025625,0.6763779527559055,0.046456692913385826,19.178486772128835,2.944475546069321,24.469566092130595,0.20641681256553435,0.1913924442089357,false,0.12945362958698878
SEG_06_206_207_BA,700,19.344892588619015,0.6872791519434629,0.07832744405182568,19.178486772128835,2.944475546069321,24.469566092130595,0.05651458600575586,0.2094305017186093,false,0.14393721761225975
SEG_06_206_207_BA,730,18.466400918989656,0.7274155538098979,0.16182246661429694,19.178486772128835,2.944475546069321,24.469566092130595,-0.24183792393513548,0.24533190129070392,false,0.1784582408446126
SEG_06_206_207_BA,800,17.747691602725638,0.7572186210960519,0.2769593400117855,19.178486772128835,2.944475546069321,24.469566092130595,-0.4859253021520975,0.2747034607845666,false,0.20801057578560286
SEG_06_206_207_BA,830,17.062825301433868,0.7840189873417721,0.33939873417721517,19.178486772128835,2.944475546069321,24.469566092130595,-0.7185189476337251,0.30269195468401594,false,0.23731623978786376
SEG_06_206_207_BA,900,16.946199003020528,0.7966804979253111,0.34499110847658565,19.178486772128835,2.944475546069321,24.469566092130595,-0.758127460792895,0.3074581323094887,false,0.24494589793950966
SEG_06_206_207_BA,930,16.71806598045824,0.8033044846577498,0.35247836349331235,19.178486772128835,2.944475546069321,24.469566092130595,-0.8356057821417789,0.31678126544978813,false,0.2544718111913719
SEG_06_206_207_BA,1000,17.144605495966083,0.7755581668625147,0.3172737955346651,19.178486772128835,2.944475546069321,24.469566092130595,-0.690744835316377,0.29934983597932363,false,0.23216321004271867
SEG_06_206_207_BA,1030,17.134314184107673,0.7827363476218439,0.2924251321197886,19.178486772128835,2.944475546069321,24.469566092130595,-0.6942399609159589,0.2997704119641883,false,0.23464119738594424
SEG_06_206_207_BA,1100,17.0465004039193,0.7770432692307693,0.30228365384615385,19.178486772128835,2.944475546069321,24.469566092130595,-0.7240631938871407,0.3033591057668387,false,0.23572315129598706
SEG_06_206_207_BA,1130,16.7679754656345,0.8002357100766058,0.33647613435474366,19.178486772128835,2.944475546069321,24.469566092130595,-0.8186555699918131,0.31474160994513606,false,0.25186747572510004
SEG_06_206_207_BA,1200,17.29092184582845,0.7730243612596553,0.2667855020796197,19.178486772128835,2.944475546069321,24.469566092130595,-0.6410530149656561,0.2933703123003393,false,0.22678239827851537
SEG_06_206_207_BA,1230,18.020375237102996,0.7448680351906158,0.2064516129032258,19.178486772128835,2.944475546069321,24.469566092130595,-0.39331674415562407,0.2635596737083808,false,0.1963171763106414
SEG_06_206_207_BA,1300,17.54399222515258,0.7596491228070176,0.23684210526315788,19.178486772128835,2.944475546069321,24.469566092130595,-0.5551054920996705,0.2830280619158702,false,0.21500201896416107
SEG_06_206_207_BA,1330,16.66388576571221,0.7997644287396938,0.3309776207302709,19.178486772128835,2.944475546069321,24.469566092130595,-0.8540064154288702,0.3189954532511588,false,0.2551212164399727
SEG_06_206_207_BA,1400,16.505790044823488,0.8143360752056404,0.34136310223266747,19.178486772128835,2.944475546069321,24.469566092130595,-0.9076987346263476,0.32545636556539737,false,0.2650308593852178
SEG_06_206_207_BA,1430,16.21809671148425,0.8067324434126524,0.3894370284387696,19.178486772128835,2.944475546069321,24.469566092130595,-1.005404872387719,0.33721355538462183,true,0.27204111548730375
SEG_06_206_207_BA,1500,16.11413517051392,0.8125,0.40234375,19.178486772128835,2.944475546069321,24.469566092130595,-1.0407121926027274,0.34146216120700973,true,0.2774380059806954
SEG_06_206_207_BA,1530,15.964254246066444,0.837007874015748,0.4220472440944882,19.178486772128835,2.944475546069321,24.469566092130595,-1.0916146104025817,0.347587358682239,true,0.29093335612537014
SEG_06_206_207_BA,1600,15.752466155350136,0.8444707273802484,0.4500295683027794,19.178486772128835,2.944475546069321,24.469566092130595,-1.1635418814573646,0.35624252199485773,true,0.30083638167277166
SEG_06_206_207_BA,1630,15.483389262463469,0.8558986539984165,0.5003958828186856,19.178486772128835,2.944475546069321,24.469566092130595,-1.2549255213201127,0.36723891203600373,true,0.31431929050745844
SEG_06_206_207_BA,1700,15.702250022909372,0.8485207100591716,0.47218934911242605,19.178486772128835,2.944475546069321,24.469566092130595,-1.1805962368612666,0.3582947092813709,true,0.30402048112987334
SEG_06_206_207_BA,1730,16.339898302302917,0.8134387351778656,0.383399209486166,19.178486772128835,2.944475546069321,24.469566092130595,-0.9640387313167688,0.33223587861013104,false,0.2702535328773319
SEG_06_206_207_BA,1800,16.174610755700495,0.8179640718562874,0.4245508982035928,19.178486772128835,2.944475546069321,24.469566092130595,-1.0201735315609308,0.3389906999249061,true,0.27728221323198904
SEG_06_206_207_BA,1830,16.69879019265496,0.7890196078431373,0.36705882352941177,19.178486772128835,2.944475546069321,24.469566092130595,-0.8421522069640225,0.3175690108364739,false,0.2505681763933276
SEG_06_206_207_BA,1900,17.708594603481345,0.7681924882629108,0.23650234741784038,19.178486772128835,2.944475546069321,24.469566092130595,-0.49920338805655856,0.2763012414357268,false,0.21225253816864226
SEG_06_206_207_BA,1930,17.92570382445733,0.7549721559268099,0.2092283214001591,19.178486772128835,2.944475546069321,24.469566092130595,-0.42546895977583765,0.26742861900513104,false,0.20190116104683323
SEG_06_206_207_BA,2000,17.86675345719224,0.7501494321578004,0.2301255230125523,19.178486772128835,2.944475546069321,24.469566092130595,-0.44548962774972706,0.2698377490666587,false,0.20241863423709305
SEG_06_206_207_BA,2030,18.392098361847875,0.7134292565947242,0.20203836930455635,19.178486772128835,2.944475546069321,24.469566092130595,-0.26707248811447465,0.24836843070287346,false,0.1771933048779493
SEG_06_206_207_BA,2100,18.641350949252242,0.6954193932183225,0.1748958953004164,19.178486772128835,2.944475546069321,24.469566092130595,-0.18242156012931857,0.23818220237067075,false,0.16563652264801554
SEG_06_206_207_BA,2130,19.297169587041456,0.6398809523809523,0.125,19.178486772128835,2.944475546069321,24.469566092130595,0.040306945347552414,0.21138080199765294,false,0.13525854889730768
SEG_06_206_207_BA,2200,19.588065062908317,0.6232142857142857,0.07976190476190476,19.178486772128835,2.944475546069321,24.469566092130595,0.1391005917254914,0.1994927499262918,false,0.12432673165049256
SEG_06_206_207_BA,2230,20.190443802196768,0.5854952830188679,0.05601415094339623,19.178486772128835,2.944475546069321,24.469566092130595,0.34367988941827965,0.17487528278280307,false,0.10238865318592183
SEG_06_206_207_BA,2300,20.628104425748912,0.5486725663716814,0.05368731563421829,19.178486772128835,2.944475546069321,24.469566092130595,0.49231777643907426,0.15698936597069843,false,0.08613575832020622
SEG_06_206_207_BA,2330,21.620250455632387,0.42993440667859273,0.0345855694692904,19.178486772128835,2.944475546069321,24.469566092130595,0.8292694727124307,0.11644324324224722,false,0.05006295669508661
SEG_07_207_208_AB,0,29.762602650548047,0.023923444976076555,0.0035885167464114833,22.848910212163698,4.1442236215016655,29.762602650548047,1.6682720504061896,0.0,false,0.0
SEG_07_207_208_AB,30,28.061823781525963,0.02185792349726776,0.00078064012490242,22.848910212163698,4.1442236215016655,29.762602650548047,1.2578745853181923,0.057144830006685125,false,0.0012490673225504945
SEG_07_207_208_AB,100,28.113388704286578,0.024639423076923076,0.001201923076923077,22.848910212163698,4.1442236215016655,29.762602650548047,1.2703171867485492,0.05541228922837836,false,0.001365326837958842
SEG_07_207_208_AB,130,28.35854667130096,0.0234093637454982,0.003001200480192077,22.848910212163698,4.1442236215016655,29.762602650548047,1.3294737355753108,0.04717517468927511,false,0.001104340824058661
SEG_07_207_208_AB,200,28.53269029338804,0.012307692307692308,0.0006153846153846154,22.848910212163698,4.1442236215016655,29.762602650548047,1.3714945428463186,0.04132408618966525,false,0.000508604137718957
SEG_07_207_208_AB,230,28.792966941419717,0.009113001215066828,0.0,22.848910212163698,4.1442236215016655,29.762602650548047,1.434299225171199,0.0325789958799344,false,0.0002968924290394994
SEG_07_207_208_AB,300,29.13991434877866,0.008403361344537815,0.0,22.848910212163698,4.1442236215016655,29.762602650548047,1.5180175374646911,0.020921836342088863,false,0.00017581375077385599
SEG_07_207_208_AB,330,28.920972151467108,0.013277006638503319,0.0,22.848910212163698,4.1442236215016655,29.762602650548047,1.46518684653006,0.028278121673792563,false,0.00037544880918734844
SEG_07_207_208_AB,400,28.60296686381193,0.011397720455908818,0.0,22.848910212163698,4.1442236215016655,29.762602650548047,1.3884522596208841,0.03896284879221624,false,0.0004440876586995252
SEG_07_207_208_AB,430,28.037544907259363,0.024303497332542976,0.0011855364552459987,22.848910212163698,4.1442236215016655,29.762602650548047,1.2520160997527339,0.057960581053448916,false,0.0014086448270251367
SEG_07_207_208_AB,500,27.879952381547024,0.02125952667468913,0.001604492579221821,22.848910212163698,4.1442236215016655,29.762602650548047,1.2139890674046978,0.06325556575497793,false,0.0013447833874905054
SEG_07_207_208_AB,530,27.556955236811397,0.02790880503144654,0.004323899371069182,22.848910212163698,4.1442236215016655,29.762602650548047,1.1360499467791103,0.07410801533837078,false,0.00206826615134604
SEG_07_207_208_AB,600,25.301207945456316,0.042011834319526625,0.002366863905325444,22.848910212163698,4.1442236215016655,29.762602650548047,0.5917387567044521,0.1498993470925359,false,0.006297546534656834
SEG_07_207_208_AB,630,23.737275596785757,0.08976377952755905,0.003937007874015748,22.848910212163698,4.1442236215016655,29.762602650548047,0.21436231867723354,0.20244624183266244,false,0.018172339818050012
SEG_07_207_208_AB,700,22.17570917210437,0.25618374558303886,0.034746760895170786,22.848910212163698,4.1442236215016655,29.762602650548047,-0.16244322255356325,0.2549136433907931,false,0.06530473196407244
SEG_07_207_208_AB,730,21.522905531348762,0.44147682639434405,0.031421838177533384,22.848910212163698,4.1442236215016655,29.762602650548047,-0.3199645583638791,0.2768473313958502,false,0.1222216812603832
SEG_07_207_208_AB,800,19.778585365641455,0.5527401296405421,0.08780200353565115,22.848910212163698,4.1442236215016655,29.762602650548047,-0.740868526155861,0.3354551146662823,false,0.1854195035692238
SEG_07_207_208_AB,830,18.00666210328772,0.6669303797468354,0.22705696202531644,22.848910212163698,4.1442236215016655,29.762602650548047,-1.168433113443184,0.3949903402363857,true,0.2634310576101844
SEG_07_207_208_AB,900,18.712877367707858,0.6390041493775933,0.14641375222288086,22.848910212163698,4.1442236215016655,29.762602650548047,-0.9980235677912436,0.3712620637576103,false,0.23723799924760158
SEG_07_207_208_AB,930,19.670850287326,0.5995279307631786,0.08654602675059009,22.848910212163698,4.1442236215016655,29.762602650548047,-0.766864970400927,0.3390749284164575,false,0.20328489020719165
SEG_07_207_208_AB,1000,20.151825273625047,0.5875440658049353,0.07638072855464159,22.848910212163698,4.1442236215016655,29.762602650548047,-0.6508058408202786,0.32291454782251805,false,0.18972652633520448
SEG_07_207_208_AB,1030,20.350740627005873,0.5954198473282443,0.06694069289489137,22.848910212163698,4.1442236215016655,29.762602650548047,-0.6028076217211005,0.31623114866833946,false,0.188290302260538
SEG_07_207_208_AB,1100,20.314657791277963,0.5841346153846154,0.05829326923076923,22.848910212163698,4.1442236215016655,29.762602650548047,-0.6115143998835288,0.3174435035202175,false,0.18542973883512706
SEG_07_207_208_AB,1130,20.076329303285718,0.5886859163229228,0.05480259281084266,22.848910212163698,4.1442236215016655,29.762602650548047,-0.6690229973336554,0.32545115294491783,false,0.19158851018973064
SEG_07_207_208_AB,1200,20.11112344610156,0.5953654188948306,0.06417112299465241,22.848910212163698,4.1442236215016655,29.762602650548047,-0.6606271804102354,0.32428209715956297,false,0.19306634661549738
SEG_07_207_208_AB,1230,20.430569817570454,0.5818181818181818,0.04574780058651026,22.848910212163698,4.1442236215016655,29.762602650548047,-0.5835448603801343,0.31354895076038497,false,0.18242848044240578
SEG_07_207_208_AB,1300,20.89480349245957,0.45380116959064326,0.03976608187134503,22.848910212163698,4.1442236215016655,29.762602650548047,-0.47152540455721237,0.2979510650398441,false,0.13521054179585906
SEG_07_207_208_AB,1330,20.81754886836465,0.4010600706713781,0.019434628975265017,22.848910212163698,4.1442236215016655,29.762602650548047,-0.4901669237296084,0.3005467595428414,false,0.12053730462230565
SEG_07_207_208_AB,1400,20.38106252550101,0.45417156286721505,0.03055229142185664,22.848910212163698,4.1442236215016655,29.762602650548047,-0.5954909561005924,0.3152123567686136,false,0.1431604887086594
SEG_07_207_208_AB,1430,20.05259559153179,0.502031340684852,0.05513639001741149,22.848910212163698,4.1442236215016655,29.762602650548047,-0.6747499353373838,0.32624858696077297,false,0.16378701550845537
SEG_07_207_208_AB,1500,20.195005348900896,0.44921875,0.060546875,22.848910212163698,4.1442236215016655,29.762602650548047,-0.640386500741279,0.3214637313135306,false,0.14440753555100008
SEG_07_207_208_AB,1530,20.025510715001612,0.47244094488188976,0.05590551181102362,22.848910212163698,4.1442236215016655,29.762602650548047,-0.6812855084637115,0.3271586174728283,false,0.15456312636511574
SEG_07_207_208_AB,1600,19.679730168009982,0.4997043169722058,0.07628622117090479,22.848910212163698,4.1442236215016655,29.762602650548047,-0.7647222576771471,0.3387765714216663,false,0.16928811522844944
SEG_07_207_208_AB,1630,18.42728367765816,0.6476642913697546,0.16785431512272367,22.848910212163698,4.1442236215016655,29.762602650548047,-1.0669372452694421,0.38085778673261156,true,0.24666798855682998
SEG_07_207_208_AB,1700,16.855306231280995,0.7562130177514793,0.3739644970414201,22.848910212163698,4.1442236215016655,29.762602650548047,-1.446254963121636,0.4336749904171898,true,0.327950673226727
SEG_07_207_208_AB,1730,16.846178326960878,0.7968379446640316,0.3367588932806324,22.848910212163698,4.1442236215016655,29.762602650548047,-1.4484575238793995,0.4339816808107448,true,0.3458130705590757
SEG_07_207_208_AB,1800,16.833106782403693,0.8167664670658683,0.31077844311377245,22.848910212163698,4.1442236215016655,29.762602650548047,-1.4516116839226378,0.43442087440918986,true,0.3548204028108593
SEG_07_207_208_AB,1830,16.83462503551351,0.8384313725490196,0.2917647058823529,22.848910212163698,4.1442236215016655,29.762602650548047,-1.4512453298721613,0.43436986230088587,true,0.36418931984286035
SEG_07_207_208_AB,1900,18.560773836903742,0.7112676056338029,0.12323943661971831,22.848910212163698,4.1442236215016655,29.762602650548047,-1.034726107204163,0.3763726225548368,true,0.2677016540706938
SEG_07_207_208_AB,1930,20.513337258058325,0.5513126491646778,0.06841686555290374,22.848910212163698,4.1442236215016655,29.762602650548047,-0.5635731001550237,0.31076802996996655,false,0.17133034587843024
SEG_07_207_208_AB,2000,20.970862299330314,0.5194261805140467,0.03347280334728033,22.848910212163698,4.1442236215016655,29.762602650548047,-0.4531724357463295,0.29539554905343074,false,0.15343618178567323
SEG_07_207_208_AB,2030,21.745918116738792,0.4940047961630695,0.01498800959232614,22.848910212163698,4.1442236215016655,29.762602650548047,-0.2661516839251148,0.2693542842316458,false,0.13306230827750368
SEG_07_207_208_AB,2100,22.669613247611654,0.2361689470553242,0.021415823914336704,22.848910212163698,4.1442236215016655,29.762602650548047,-0.043264307365507425,0.2383188555858969,false,0.05628351318715114
SEG_07_207_208_AB,2130,24.74264083444573,0.07916666666666666,0.007142857142857143,22.848910212163698,4.1442236215016655,29.762602650548047,0.45695666914707556,0.16866676194428445,false,0.013352785320589186
SEG_07_207_208_AB,2200,25.609019496027994,0.08452380952380953,0.015476190476190477,22.848910212163698,4.1442236215016655,29.762602650548047,0.6660135977083607,0.13955712150877939,false,0.01179589955609921
SEG_07_207_208_AB,2230,26.586196578063987,0.05011792452830189,0.012971698113207548,22.848910212163698,4.1442236215016655,29.762602650548047,0.9018061541153221,0.1067247414407681,false,0.005348822536830949
SEG_07_207_208_AB,2300,27.062494275767897,0.04660766961651917,0.007669616519174041,22.848910212163698,4.1442236215016655,29.762602650548047,1.0167366552670245,0.09072151405853045,false,0.004228318354350387
SEG_07_207_208_AB,2330,28.342432916652633,0.03697078115682767,0.00655933214072749,22.848910212163698,4.1442236215016655,29.762602650548047,1.3255854910885212,0.04771658414991682,false,0.0017641193901579268
SEG_07_207_208_BA,0,27.465413580824634,0.030303030303030304,0.0007974481658692185,25.808049370830815,2.2158746273184358,28.347216465225895,0.7479503531296335,0.031107212430645022,false,0.000942642800928637
SEG_07_207_208_BA,30,26.966506949219472,0.06088992974238876,0.0039032006245121,25.808049370830815,2.2158746273184358,28.347216465225895,0.5227992432904817,0.04870705798222437,false,0.0029657693384960975
SEG_07_207_208_BA,100,27.210941922163542,0.04447115384615385,0.0,25.808049370830815,2.2158746273184358,28.347216465225895,0.633110074928044,0.04008416644562769,false,0.001782589132798347
SEG_07_207_208_BA,130,27.406084684537362,0.030012004801920768,0.0,25.808049370830815,2.2158746273184358,28.347216465225895,0.7211758706946456,0.03320014795255253,false,0.0009964029997764864
SEG_07_207_208_BA,200,27.604118964007224,0.029538461538461538,0.0006153846153846154,25.808049370830815,2.2158746273184358,28.347216465225895,0.8105465765226715,0.02621412589593209,false,0.0007743249495413786
SEG_07_207_208_BA,230,27.764171968144353,0.03523693803159174,0.0,25.808049370830815,2.2158746273184358,28.347216465225895,0.8827767479249313,0.02056796291786793,false,0.000724752034772989
SEG_07_207_208_BA,300,28.024793144169507,0.03361344537815126,0.0006002400960384153,25.808049370830815,2.2158746273184358,28.347216465225895,1.0003922360992543,0.01137407341041441,false,0.00038232179530804737
SEG_07_207_208_BA,330,28.273218328005754,0.023536511768255886,0.0,25.808049370830815,2.2158746273184358,28.347216465225895,1.1125038062998127,0.002610419873532049,false,0.00006144017807347611
SEG_07_207_208_BA,400,28.347216465225895,0.01919616076784643,0.0,25.808049370830815,2.2158746273184358,28.347216465225895,1.1458983568343302,0.0,false,0.0
SEG_07_207_208_BA,430,27.60864758965478,0.03734439834024896,0.0005927682276229994,25.808049370830815,2.2158746273184358,28.347216465225895,0.8125902957799455,0.02605437032863994,false,0.0009729847840570931
SEG_07_207_208_BA,500,27.25266923669581,0.05054151624548736,0.0012033694344163659,25.808049370830815,2.2158746273184358,28.347216465225895,0.6519411559006908,0.0386121589706273,false,0.0019515170598873002
SEG_07_207_208_BA,530,26.947800032533404,0.05345911949685535,0.0011792452830188679,25.808049370830815,2.2158746273184358,28.347216465225895,0.5143570162549631,0.04936697874407467,false,0.0026391152158782055
SEG_07_207_208_BA,600,25.722256042309997,0.10532544378698225,0.002366863905325444,25.808049370830815,2.2158746273184358,28.347216465225895,-0.03871759144814165,0.09260028850225877,false,0.009753166481302995
SEG_07_207_208_BA,630,25.20988314274308,0.14960629921259844,0.003937007874015748,25.808049370830815,2.2158746273184358,28.347216465225895,-0.26994588083334464,0.11067518132975927,false,0.016557704293428555
SEG_07_207_208_BA,700,25.649875665691653,0.12897526501766785,0.001177856301531213,25.808049370830815,2.2158746273184358,28.347216465225895,-0.07138206430504523,0.09515363890642048,false,0.01227246579535105
SEG_07_207_208_BA,730,26.332416413540457,0.08641005498821681,0.0007855459544383347,25.808049370830815,2.2158746273184358,28.347216465225895,0.23664111509061783,0.0710757634407256,false,0.006141660627242589
SEG_07_207_208_BA,800,26.64950862746291,0.08014142604596347,0.0035356511490866236,25.808049370830815,2.2158746273184358,28.347216465225895,0.3797413654446671,0.059889754602382085,false,0.004799650339377705
SEG_07_207_208_BA,830,27.149332389630672,0.07674050632911393,0.0023734177215189874,25.808049370830815,2.2158746273184358,28.347216465225895,0.6053063662825656,0.042257555589794556,false,0.0032428662121915127
SEG_07_207_208_BA,900,27.732579505553673,0.04386484884410195,0.0011855364552459987,25.808049370830815,2.2158746273184358,28.347216465225895,0.8685194148605097,0.02168244492104575,false,0.0009510971690322379
SEG_07_207_208_BA,930,28.151071182651606,0.04799370574350905,0.0,25.808049370830815,2.2158746273184358,28.347216465225895,1.0573801346587117,0.006919384230014409,false,0.0003320868906615885
SEG_07_207_208_BA,1000,28.15613572751236,0.03231492361927144,0.0005875440658049354,25.808049370830815,2.2158746273184358,28.347216465225895,1.0596657083993541,0.006740723130538647,false,0.00021782595310201267
SEG_07_207_208_BA,1030,27.629940171464536,0.049911920140927775,0.0017615971814445098,25.808049370830815,2.2158746273184358,28.347216465225895,0.8221994052246997,0.025303235491966405,false,0.0012629330691821166
SEG_07_207_208_BA,1100,27.16561271535796,0.06490384615384616,0.004807692307692308,25.808049370830815,2.2158746273184358,28.347216465225895,0.6126534993408058,0.04168323727013666,false,0.002705402418975216
SEG_07_207_208_BA,1130,26.89114987551267,0.06717737183264584,0.002357100766057749,25.808049370830815,2.2158746273184358,28.347216465225895,0.488791419572587,0.05136541683023482,false,0.0034505937057435292
SEG_07_207_208_BA,1200,27.033694385549715,0.0784313725490196,0.0035650623885918,25.808049370830815,2.2158746273184358,28.347216465225895,0.553120198953732,0.04633689806149057,false,0.003634266514626711
SEG_07_207_208_BA,1230,26.010478166353074,0.09912023460410557,0.004105571847507331,25.808049370830815,2.2158746273184358,28.347216465225895,0.09135390289081037,0.08243272498163424,false,0.008170751039235301
SEG_07_207_208_BA,1300,23.941580941025045,0.2584795321637427,0.005847953216374269,25.808049370830815,2.2158746273184358,28.347216465225895,-0.8423168020405998,0.1554168653421521,false,0.04017207864399487
SEG_07_207_208_BA,1330,22.378971952589428,0.4004711425206125,0.012956419316843345,25.808049370830815,2.2158746273184358,28.347216465225895,-1.5475051593469988,0.21054076049963613,true,0.08431549890444792
SEG_07_207_208_BA,1400,21.920583577184345,0.43595769682726204,0.01410105757931845,25.808049370830815,2.2158746273184358,28.347216465225895,-1.7543708230239217,0.22671125032418016,true,0.09883651453615845
SEG_07_207_208_BA,1430,21.71036018983934,0.461404526987812,0.020313406848520024,25.808049370830815,2.2158746273184358,28.347216465225895,-1.849242340010156,0.23412726549459,true,0.10802738019048118
SEG_07_207_208_BA,1500,21.48317258403563,0.493359375,0.016796875,25.808049370830815,2.2158746273184358,28.347216465225895,-1.9517696233694335,0.24214172455382094,true,0.11946288988729525
SEG_07_207_208_BA,1530,21.40851782966612,0.48385826771653545,0.02716535433070866,25.808049370830815,2.2158746273184358,28.347216465225895,-1.9854604980466946,0.24477530780038373,true,0.11843655641207544
SEG_07_207_208_BA,1600,20.97725161636896,0.514488468361916,0.03134240094618569,25.808049370830815,2.2158746273184358,28.347216465225895,-2.1800862264070853,0.25998901366198757,true,0.13376134942988124
SEG_07_207_208_BA,1630,20.781467566209727,0.5455265241488519,0.035629453681710214,25.808049370830815,2.2158746273184358,28.347216465225895,-2.2684414283420264,0.2668956547566928,true,0.14559865884985063
SEG_07_207_208_BA,1700,21.419293869726133,0.47810650887573963,0.022485207100591716,25.808049370830815,2.2158746273184358,28.347216465225895,-1.980597388948752,0.24439516324286673,true,0.11684691828416349
SEG_07_207_208_BA,1730,23.91520044628919,0.21027667984189724,0.006324110671936759,25.808049370830815,2.2158746273184358,28.347216465225895,-0.8542220309784745,0.1563474856296225,false,0.03287623017982576
SEG_07_207_208_BA,1800,24.45132509558586,0.1754491017964072,0.006586826347305389,25.808049370830815,2.2158746273184358,28.347216465225895,-0.6122748365447047,0.13743470631125995,false,0.02411279577796357
SEG_07_207_208_BA,1830,24.82166199440139,0.12862745098039216,0.01019607843137255,25.808049370830815,2.2158746273184358,28.347216465225895,-0.4451458418579909,0.12437039365573602,false,0.01599744671336526
SEG_07_207_208_BA,1900,25.628904037584366,0.10211267605633803,0.0011737089201877935,25.808049370830815,2.2158746273184358,28.347216465225895,-0.08084633085186947,0.09589345151317194,false,0.009791936950288684
SEG_07_207_208_BA,1930,26.42786515337944,0.06841686555290374,0.005568814638027049,25.808049370830815,2.2158746273184358,28.347216465225895,0.27971608813387644,0.06770863425694591,false,0.004632412526728201
SEG_07_207_208_BA,2000,26.805495591567844,0.05140466228332337,0.0041841004184100415,25.808049370830815,2.2158746273184358,28.347216465225895,0.45013657742184576,0.054387028636455746,false,0.0027957468396504447
SEG_07_207_208_BA,2030,26.799821493742815,0.05155875299760192,0.004796163069544364,25.808049370830815,2.2158746273184358,28.347216465225895,0.4475759190907851,0.05458719283359974,false,0.0028144475921400344
SEG_07_207_208_BA,2100,25.81806825027494,0.10826888756692445,0.00297441998810232,25.808049370830815,2.2158746273184358,28.347216465225895,0.004521410787689561,0.08922033731437129,false,0.00965978666937274
SEG_07_207_208_BA,2130,25.588941457804022,0.1005952380952381,0.0011904761904761906,25.808049370830815,2.2158746273184358,28.347216465225895,-0.09888100631936418,0.09730320473636289,false,0.009788239047884124
SEG_07_207_208_BA,2200,25.85266161307896,0.09047619047619047,0.004166666666666667,25.808049370830815,2.2158746273184358,28.347216465225895,0.020133017318824505,0.08799999305776827,false,0.007961904133798083
SEG_07_207_208_BA,2230,26.260845447823108,0.07959905660377359,0.003537735849056604,25.808049370830815,2.2158746273184358,28.347216465225895,0.20434192052654565,0.07360056039231154,false,0.005858535172737062
SEG_07_207_208_BA,2300,26.676228721770716,0.05309734513274336,0.0011799410029498525,25.808049370830815,2.2158746273184358,28.347216465225895,0.3917998519575709,0.058947154317779776,false,0.003129937397404236
SEG_07_207_208_BA,2330,27.362633493415544,0.028622540250447227,0.0,25.808049370830815,2.2158746273184358,28.347216465225895,0.7015668230589494,0.034732968332822335,false,0.0009941457841237161
SEG_08_208_209_AB,0,29.507435483496874,0.02033492822966507,0.003987240829346092,24.557158393363945,4.38232894865039,32.02493775151183,1.1295996143003935,0.07861068419707104,false,0.0015985426212323057
SEG_08_208_209_AB,30,29.911708170518665,0.01522248243559719,0.00312256049960968,24.557158393363945,4.38232894865039,32.02493775151183,1.2218502627019228,0.0659870004241742,false,0.001004485954934736
SEG_08_208_209_AB,100,30.46427896168111,0.019230769230769232,0.004206730769230769,24.557158393363945,4.38232894865039,32.02493775151183,1.347940932215132,0.048732609628789766,false,0.0009371655697844187
SEG_08_208_209_AB,130,30.502458922686348,0.012004801920768308,0.003601440576230492,24.557158393363945,4.38232894865039,32.02493775151183,1.3566531857799848,0.04754041493034933,false,0.0005707132644699799
SEG_08_208_209_AB,200,30.396391355638134,0.014153846153846154,0.0036923076923076922,24.557158393363945,4.38232894865039,32.02493775151183,1.3324497158234725,0.050852445319642024,false,0.0007197576876010871
SEG_08_208_209_AB,230,30.160498069236848,0.03402187120291616,0.0036452004860267314,24.557158393363945,4.38232894865039,32.02493775151183,1.2786214228848667,0.05821837021953194,false,0.001980697893252605
SEG_08_208_209_AB,300,30.7997262786583,0.028211284513805522,0.003001200480192077,24.557158393363945,4.38232894865039,32.02493775151183,1.4244863766369837,0.038258043851956816,false,0.0010793085600492019
SEG_08_208_209_AB,330,31.353213467051727,0.012673506336753168,0.0,24.557158393363945,4.38232894865039,32.02493775151183,1.550786158072579,0.02097503794299773,false,0.0002658272762842199
SEG_08_208_209_AB,400,31.871174188581893,0.010797840431913617,0.0005998800239952009,24.557158393363945,4.38232894865039,32.02493775151183,1.6689791845658732,0.0048013696114889825,false,0.00005184442291949711
SEG_08_208_209_AB,430,32.02493775151183,0.011855364552459988,0.0,24.557158393363945,4.38232894865039,32.02493775151183,1.7040663641755394,0.0,false,0.0
SEG_08_208_209_AB,500,30.907172631527626,0.02045728038507822,0.0020056157240272766,24.557158393363945,4.38232894865039,32.02493775151183,1.4490044705839054,0.034902959957554804,false,0.0007140196381208565
SEG_08_208_209_AB,530,30.094689489651433,0.020440251572327043,0.003537735849056604,24.557158393363945,4.38232894865039,32.02493775151183,1.263604617812376,0.06027328692525788,false,0.0012320011478433213
SEG_08_208_209_AB,600,28.87760056915604,0.021893491124260357,0.0017751479289940828,24.557158393363945,4.38232894865039,32.02493775151183,0.9858781087445859,0.0982776986727229,false,0.0021516419236039925
SEG_08_208_209_AB,630,28.214199771591602,0.02283464566929134,0.0031496062992125984,24.557158393363945,4.38232894865039,32.02493775151183,0.8344972321974833,0.11899283019653425,false,0.0027171591147240105
SEG_08_208_209_AB,700,25.95149331329231,0.07773851590106007,0.002355712603062426,24.557158393363945,4.38232894865039,32.02493775151183,0.3181721263434078,0.18964734561998653,false,0.014742903193073158
SEG_08_208_209_AB,730,21.710676810867866,0.28043990573448546,0.012568735271013355,24.557158393363945,4.38232894865039,32.02493775151183,-0.6495362661839202,0.32206966398106573,false,0.09032118620678749
SEG_08_208_209_AB,800,20.65456326630814,0.4348850913376547,0.019446081319976428,24.557158393363945,4.38232894865039,32.02493775151183,-0.8905299380270558,0.35504751245509963,false,0.1544048698832431
SEG_08_208_209_AB,830,20.264869784110573,0.46677215189873417,0.028481012658227847,24.557158393363945,4.38232894865039,32.02493775151183,-0.9794537697986486,0.36721595085211645,false,0.1714061795907822
SEG_08_208_209_AB,900,20.544440354132007,0.4179016004742146,0.023710729104919975,24.557158393363945,4.38232894865039,32.02493775151183,-0.9156587938173196,0.3584861736956179,false,0.149811945735276
SEG_08_208_209_AB,930,20.99880431301645,0.34539732494099135,0.014162077104642014,24.557158393363945,4.38232894865039,32.02493775151183,-0.811977859727611,0.3442983566135069,false,0.11891973135588475
SEG_08_208_209_AB,1000,21.073596225660435,0.31492361927144535,0.011163337250293772,24.557158393363945,4.38232894865039,32.02493775151183,-0.7949111553518434,0.3419629293529042,false,0.10769220336848216
SEG_08_208_209_AB,1030,21.232810962781898,0.2953611274221961,0.011743981209630064,24.557158393363945,4.38232894865039,32.02493775151183,-0.7585800768346783,0.3369913431984878,false,0.09953414305862557
SEG_08_208_209_AB,1100,21.244688461257056,0.3251201923076923,0.010216346153846154,24.557158393363945,4.38232894865039,32.02493775151183,-0.7558697603307527,0.33662046040185856,false,0.10944210882055617
SEG_08_208_209_AB,1130,21.195532718076873,0.30819092516205066,0.011196228638774307,24.557158393363945,4.38232894865039,32.02493775151183,-0.7670865685065337,0.3381553812051898,false,0.10421641978215336
SEG_08_208_209_AB,1200,20.98641596884139,0.31788472964943554,0.0112893642305407,24.557158393363945,4.38232894865039,32.02493775151183,-0.8148047456871593,0.3446851909071809,false,0.10957015872569328
SEG_08_208_209_AB,1230,21.093244080437188,0.32668621700879763,0.008797653958944282,24.557158393363945,4.38232894865039,32.02493775151183,-0.7904277277025329,0.3413494120081023,false,0.11151414808710439
SEG_08_208_209_AB,1300,21.144395332159874,0.3146198830409357,0.00935672514619883,24.557158393363945,4.38232894865039,32.02493775151183,-0.7787555660911962,0.3397521801221396,false,0.10689279117293048
SEG_08_208_209_AB,1330,21.602360044541957,0.2479387514723204,0.004122497055359246,24.557158393363945,4.38232894865039,32.02493775151183,-0.6742529790539725,0.3254519271150759,false,0.08069214447317254
SEG_08_208_209_AB,1400,21.584549877198043,0.24265569917743832,0.005875440658049354,24.557158393363945,4.38232894865039,32.02493775151183,-0.6783170663355533,0.32600806144645567,false,0.07910771408777097
SEG_08_208_209_AB,1430,21.534559876792308,0.24260011607661056,0.004062681369704005,24.557158393363945,4.38232894865039,32.02493775151183,-0.6897242429741602,0.3275690324870122,false,0.07946828530445217
SEG_08_208_209_AB,1500,21.591513629238428,0.251171875,0.00234375,24.557158393363945,4.38232894865039,32.02493775151183,-0.6767280135460477,0.32579061365328843,false,0.08182943928869706
SEG_08_208_209_AB,1530,21.255583137859563,0.2909448818897638,0.005118110236220472,24.557158393363945,4.38232894865039,32.02493775151183,-0.7533837131329807,0.3362802668724584,false,0.09783902252706565
SEG_08_208_209_AB,1600,20.980505682543466,0.3264340626848019,0.011827321111768185,24.557158393363945,4.38232894865039,32.02493775151183,-0.8161534090045816,0.34486974353125727,false,0.112577231477974
SEG_08_208_209_AB,1630,20.641648204434997,0.388756927949327,0.012668250197941409,24.557158393363945,4.38232894865039,32.02493775151183,-0.8934770152602977,0.3554507938595275,false,0.13818395865797942
SEG_08_208_209_AB,1700,20.129567201319425,0.4710059171597633,0.022485207100591716,24.557158393363945,4.38232894865039,32.02493775151183,-1.010328353696057,0.37144086406946564,true,0.17495084485165363
SEG_08_208_209_AB,1730,19.312738643912812,0.6474308300395257,0.045059288537549404,24.557158393363945,4.38232894865039,32.02493775151183,-1.1967197832253642,0.39694687952980956,true,0.25699564769558425
SEG_08_208_209_AB,1800,19.506276803503734,0.6107784431137725,0.029940119760479042,24.557158393363945,4.38232894865039,32.02493775151183,-1.152556471466094,0.3909035216599949,true,0.23875544436718255
SEG_08_208_209_AB,1830,19.65190706848279,0.5529411764705883,0.0203921568627451,24.557158393363945,4.38232894865039,32.02493775151183,-1.1193252223550698,0.3863561196912845,true,0.21363220735871027
SEG_08_208_209_AB,1900,20.331255427117778,0.4536384976525822,0.018779342723004695,24.557158393363945,4.38232894865039,32.02493775151183,-0.9643052851036213,0.3651430149568992,false,0.1656429287333821
SEG_08_208_209_AB,1930,21.4164703769229,0.30867143993635643,0.023070803500397773,24.557158393363945,4.38232894865039,32.02493775151183,-0.7166709877879599,0.3312564557315377,false,0.10224940717886766
SEG_08_208_209_AB,2000,22.069003483384403,0.23132098027495518,0.01315002988643156,24.557158393363945,4.38232894865039,32.02493775151183,-0.5677700006399132,0.3108806750969384,false,0.07191322251196364
SEG_08_208_209_AB,2030,22.68779940354742,0.2068345323741007,0.0077937649880095924,24.557158393363945,4.38232894865039,32.02493775151183,-0.4265674739894242,0.2915583605630466,false,0.0603043371668172
SEG_08_208_209_AB,2100,22.911963387228937,0.19095776323616895,0.009518143961927425,24.557158393363945,4.38232894865039,32.02493775151183,-0.37541568088850863,0.2845586909486713,false,0.054338691132970546
SEG_08_208_209_AB,2130,26.66416885765992,0.042261904761904764,0.0017857142857142857,24.557158393363945,4.38232894865039,32.02493775151183,0.4807969664040997,0.16739357732549653,false,0.007074371422684676
SEG_08_208_209_AB,2200,27.460001587620546,0.02142857142857143,0.0005952380952380953,24.557158393363945,4.38232894865039,32.02493775151183,0.6623973755212007,0.1425431705538844,false,0.0030544965118689516
SEG_08_208_209_AB,2230,27.706229642920793,0.03125,0.005306603773584905,24.557158393363945,4.38232894865039,32.02493775151183,0.7185839507841272,0.13485453561536304,false,0.004214204237980095
SEG_08_208_209_AB,2300,27.818225907676805,0.03480825958702065,0.0035398230088495575,24.557158393363945,4.38232894865039,32.02493775151183,0.744140285342377,0.13135737769346434,false,0.004572321701424423
SEG_08_208_209_AB,2330,28.706257935631797,0.02385211687537269,0.0029815146094215863,24.557158393363945,4.38232894865039,32.02493775151183,0.9467795756285331,0.10362798646574617,false,0.002471746844740517
SEG_08_208_209_BA,0,23.84985954242677,0.18899521531100477,0.013556618819776715,23.303198180993558,1.7839456996726542,27.335532293146933,0.30643385700221837,0.12751435433338998,false,0.024099602852482794
SEG_08_208_209_BA,30,23.30953421768252,0.24746291959406713,0.01600312256049961,23.303198180993558,1.7839456996726542,27.335532293146933,0.003551698176756763,0.14728076381646826,false,0.03644652781406748
SEG_08_208_209_BA,100,23.968712799850266,0.22235576923076922,0.0234375,23.303198180993558,1.7839456996726542,27.335532293146933,0.37305766592493644,0.12316641421834448,false,0.027386762776915537
SEG_08_208_209_BA,130,24.738304241262195,0.14945978391356543,0.009603841536614645,23.303198180993558,1.7839456996726542,27.335532293146933,0.8044561336883588,0.09501289472002956,false,0.01420060671385796
SEG_08_208_209_BA,200,24.73767435735621,0.1723076923076923,0.011692307692307693,23.303198180993558,1.7839456996726542,27.335532293146933,0.8041030490030445,0.09503593739939763,false,0.016375423059588515
SEG_08_208_209_BA,230,25.124622792289795,0.15370595382746052,0.011543134872417983,23.303198180993558,1.7839456996726542,27.335532293146933,1.0210089979927417,0.08088042614818285,false,0.012431803047077923
SEG_08_208_209_BA,300,25.943455460398468,0.10744297719087635,0.008403361344537815,23.303198180993558,1.7839456996726542,27.335532293146933,1.4800098903735608,0.050925543275316475,false,0.0054715919845628146
SEG_08_208_209_BA,330,27.335532293146933,0.05612552806276403,0.007845503922751962,23.303198180993558,1.7839456996726542,27.335532293146933,2.2603457677513896,0.0,false,0.0
SEG_08_208_209_BA,400,26.423886876792025,0.08638272345530894,0.0065986802639472104,23.303198180993558,1.7839456996726542,27.335532293146933,1.7493182087162737,0.03335019807108198,false,0.002880880937154052
SEG_08_208_209_BA,430,25.225553827670996,0.12033195020746888,0.014819205690574985,23.303198180993558,1.7839456996726542,27.335532293146933,1.0775864125405732,0.07718812433752797,false,0.009288197534391333
SEG_08_208_209_BA,500,24.8362292775125,0.16566385880465304,0.008824709185720016,23.303198180993558,1.7839456996726542,27.335532293146933,0.8593485198569931,0.09143055964053831,false,0.015146739322720548
SEG_08_208_209_BA,530,23.871191320182927,0.20872641509433962,0.02122641509433962,23.303198180993558,1.7839456996726542,27.335532293146933,0.31839149548867607,0.1267339862202911,false,0.0264527306143768
SEG_08_208_209_BA,600,22.80082195515543,0.24260355029585798,0.022485207100591716,23.303198180993558,1.7839456996726542,27.335532293146933,-0.2816095949166561,0.16589069089129688,false,0.04024567057126137
SEG_08_208_209_BA,630,22.14304496867647,0.26614173228346455,0.014960629921259842,23.303198180993558,1.7839456996726542,27.335532293146933,-0.650329890943413,0.18995376672332914,false,0.050554624529515944
SEG_08_208_209_BA,700,22.546997616406934,0.23733804475853945,0.020023557126030624,23.303198180993558,1.7839456996726542,27.335532293146933,-0.4238921424152,0.17517620017008023,false,0.04157597683659737
SEG_08_208_209_BA,730,24.74473277271435,0.10526315789473684,0.004713275726630008,23.303198180993558,1.7839456996726542,27.335532293146933,0.8080596802836023,0.09477772346441928,false,0.00997660246993887
SEG_08_208_209_BA,800,23.055912518380136,0.2262816735415439,0.02828520919269299,23.303198180993558,1.7839456996726542,27.335532293146933,-0.13861725873091174,0.15655886005335645,false,0.03542640086062986
SEG_08_208_209_BA,830,23.189491845557882,0.20332278481012658,0.015031645569620253,23.303198180993558,1.7839456996726542,27.335532293146933,-0.06373867514944026,0.15167220462827685,false,0.03083841502331262
SEG_08_208_209_BA,900,24.03789589917065,0.14997036158861884,0.011262596324836989,23.303198180993558,1.7839456996726542,27.335532293146933,0.4118386105092242,0.12063552882791335,false,0.018091753878756417
SEG_08_208_209_BA,930,24.715694963330368,0.06451612903225806,0.0007867820613690008,23.303198180993558,1.7839456996726542,27.335532293146933,0.7917823858629757,0.09583999688469075,false,0.006183225605463919
SEG_08_208_209_BA,1000,25.053216807295655,0.043478260869565216,0.0017626321974148062,23.303198180993558,1.7839456996726542,27.335532293146933,0.9809820033329588,0.08349263008218276,false,0.0036301143513992502
SEG_08_208_209_BA,1030,24.82094026100348,0.06341749853200235,0.004110393423370522,23.303198180993558,1.7839456996726542,27.335532293146933,0.8507781824796682,0.0919898689067733,false,0.005833767376354384
SEG_08_208_209_BA,1100,24.427540011648087,0.07932692307692307,0.0078125,23.303198180993558,1.7839456996726542,27.335532293146933,0.6302556355055207,0.10638140316103831,false,0.008438909385370827
SEG_08_208_209_BA,1130,23.981306429123023,0.11373011196228638,0.013553329404832056,23.303198180993558,1.7839456996726542,27.335532293146933,0.3801170900290828,0.12270570874761492,false,0.013955333994277948
SEG_08_208_209_BA,1200,23.518479485133973,0.1384432560903149,0.014854426619132501,23.303198180993558,1.7839456996726542,27.335532293146933,0.12067704985634835,0.13963703969905505,false,0.01933180644674975
SEG_08_208_209_BA,1230,23.385932042286804,0.1343108504398827,0.008211143695014663,23.303198180993558,1.7839456996726542,27.335532293146933,0.046376894379928195,0.1444859462952657,false,0.019406030323528355
SEG_08_208_209_BA,1300,23.035078401394898,0.12573099415204678,0.005847953216374269,23.303198180993558,1.7839456996726542,27.335532293146933,-0.1502959308951268,0.1573210225297192,false,0.019780128563678143
SEG_08_208_209_BA,1330,22.44546030986227,0.15783274440518258,0.004711425206124852,23.303198180993558,1.7839456996726542,27.335532293146933,-0.48080940540324696,0.17889068084877255,false,0.028234807106873407
SEG_08_208_209_BA,1400,22.255312878720414,0.2109283196239718,0.009400705052878966,23.303198180993558,1.7839456996726542,27.335532293146933,-0.5873975325961022,0.1858467345704528,false,0.03920033943054792
SEG_08_208_209_BA,1430,22.320057191196184,0.20719674985490424,0.006384213580963436,23.303198180993558,1.7839456996726542,27.335532293146933,-0.5511047729635354,0.1834782307571211,false,0.03801609308200362
SEG_08_208_209_BA,1500,22.18615079021342,0.21015625,0.00625,23.303198180993558,1.7839456996726542,27.335532293146933,-0.6261666994601404,0.18837685133442494,false,0.03958857266325024
SEG_08_208_209_BA,1530,21.88977775186292,0.24803149606299213,0.00826771653543307,23.303198180993558,1.7839456996726542,27.335532293146933,-0.7923001408563024,0.19921889513193325,false,0.04941256060358974
SEG_08_208_209_BA,1600,21.492476154022462,0.31105854523950327,0.013601419278533412,23.303198180993558,1.7839456996726542,27.335532293146933,-1.0150096089266365,0.21375315016599605,true,0.06648974393099583
SEG_08_208_209_BA,1630,21.13240498655167,0.33650039588281866,0.022169437846397466,23.303198180993558,1.7839456996726542,27.335532293146933,-1.2168493664578572,0.22692542585499234,true,0.07636049563608213
SEG_08_208_209_BA,1700,20.396453043084694,0.43609467455621304,0.03964497041420118,23.303198180993558,1.7839456996726542,27.335532293146933,-1.6293910394482511,0.2538483310164726,true,0.11070190530126645
SEG_08_208_209_BA,1730,19.467108199705898,0.5446640316205533,0.11383399209486166,23.303198180993558,1.7839456996726542,27.335532293146933,-2.1503401039569563,0.2878460170103826,true,0.15677937211079335
SEG_08_208_209_BA,1800,18.891440777372562,0.611377245508982,0.14011976047904193,23.303198180993558,1.7839456996726542,27.335532293146933,-2.4730334586027665,0.30890532605034804,true,0.18885768736371575
SEG_08_208_209_BA,1830,19.893431394124885,0.46901960784313723,0.1003921568627451,23.303198180993558,1.7839456996726542,27.335532293146933,-1.9113624296380485,0.2722500816597523,true,0.1276906265353191
SEG_08_208_209_BA,1900,22.807329738808725,0.18896713615023475,0.01056338028169014,23.303198180993558,1.7839456996726542,27.335532293146933,-0.2779616230896614,0.16565262039815615,false,0.031302901272421524
SEG_08_208_209_BA,1930,24.033306344442437,0.13842482100238662,0.00477326968973747,23.303198180993558,1.7839456996726542,27.335532293146933,0.4092659118396094,0.12080342585947632,false,0.01672219260107309
SEG_08_208_209_BA,2000,25.140791901654133,0.08009563658099222,0.001195457262402869,23.303198180993558,1.7839456996726542,27.335532293146933,1.030072675977618,0.0802889209530054,false,0.006430792234131932
SEG_08_208_209_BA,2030,25.55894417347666,0.05995203836930456,0.001199040767386091,23.303198180993558,1.7839456996726542,27.335532293146933,1.2644700973224812,0.06499189774752132,false,0.0038963967474533166
SEG_08_208_209_BA,2100,23.919104211429577,0.1802498512790006,0.010113027959547887,23.303198180993558,1.7839456996726542,27.335532293146933,0.3452493147908228,0.12498121657480439,false,0.022527845700277056
SEG_08_208_209_BA,2130,21.460052541740406,0.34523809523809523,0.007738095238095238,23.303198180993558,1.7839456996726542,27.335532293146933,-1.0331848326949415,0.21493928445942573,true,0.07420522915861126
SEG_08_208_209_BA,2200,21.56515714633467,0.33154761904761904,0.013095238095238096,23.303198180993558,1.7839456996726542,27.335532293146933,-0.9742679023121672,0.21109430337520468,false,0.06998781367856488
SEG_08_208_209_BA,2230,21.749967137557025,0.3107311320754717,0.012382075471698114,23.303198180993558,1.7839456996726542,27.335532293146933,-0.8706717047057787,0.2043335061373661,false,0.06349278168301412
SEG_08_208_209_BA,2300,22.290380448541914,0.26194690265486725,0.008259587020648967,23.303198180993558,1.7839456996726542,27.335532293146933,-0.5677402247374972,0.18456387790443166,false,0.04834593615903696
SEG_08_208_209_BA,2330,22.836762583137997,0.20989862850327967,0.0035778175313059034,23.303198180993558,1.7839456996726542,27.335532293146933,-0.26146288978479,0.16457589564249261,false,0.034544254780058084
SEG_09_209_210_AB,0,31.48322268674251,0.01555023923444976,0.003189792663476874,26.41928814091618,4.114749167990623,32.722653662813705,1.2306787945227848,0.037876847912236826,false,0.0005889940464821516
SEG_09_209_210_AB,30,31.104308260754166,0.00936768149882904,0.00039032006245121,26.41928814091618,4.114749167990623,32.722653662813705,1.1385919113329201,0.04945642302533185,false,0.0004632920189726637
SEG_09_209_210_AB,100,31.370360183477334,0.01201923076923077,0.001201923076923077,26.41928814091618,4.114749167990623,32.722653662813705,1.2032500258038663,0.041325911195066935,false,0.0004967056634022468
SEG_09_209_210_AB,130,32.594092878711855,0.006002400960384154,0.0,26.41928814091618,4.114749167990623,32.722653662813705,1.5006515551010002,0.003928800684277874,false,0.00002358223700046743
SEG_09_209_210_AB,200,32.532784327183045,0.011076923076923076,0.0012307692307692308,26.41928814091618,4.114749167990623,32.722653662813705,1.4857518494261706,0.005802381970213802,false,0.00006427253874698365
SEG_09_209_210_AB,230,32.498653955313934,0.004860267314702308,0.0,26.41928814091618,4.114749167990623,32.722653662813705,1.4774572072801517,0.006845401653788453,false,0.00003327048191391714
SEG_09_209_210_AB,300,32.722653662813705,0.006002400960384154,0.0,26.41928814091618,4.114749167990623,32.722653662813705,1.5318954484352398,0.0,false,0.0
SEG_09_209_210_AB,330,32.532168034185375,0.012673506336753168,0.0012070006035003018,26.41928814091618,4.114749167990623,32.722653662813705,1.485602072860818,0.005821215803313653,false,0.00007377521537090326
SEG_09_209_210_AB,400,32.527635990641016,0.010197960407918417,0.001799640071985603,26.41928814091618,4.114749167990623,32.722653662813705,1.4845006585681524,0.005959714459047946,false,0.00006077693209586988
SEG_09_209_210_AB,430,31.87415098785735,0.008298755186721992,0.0005927682276229994,26.41928814091618,4.114749167990623,32.722653662813705,1.3256853879151456,0.02593013035249642,false,0.000215187803755157
SEG_09_209_210_AB,500,31.498156334177573,0.01363818692338548,0.0,26.41928814091618,4.114749167990623,32.722653662813705,1.234308091674415,0.037420477607158796,false,0.0005103474683687923
SEG_09_209_210_AB,530,30.862341959075106,0.010220125786163521,0.0,26.41928814091618,4.114749167990623,32.722653662813705,1.0797872814999865,0.05685088143852688,false,0.0005810231593560137
SEG_09_209_210_AB,600,29.273279177486035,0.018343195266272188,0.001183431952662722,26.41928814091618,4.114749167990623,32.722653662813705,0.6936002463458932,0.10541243142659815,false,0.0019336008131506167
SEG_09_209_210_AB,630,27.855332232110214,0.029921259842519685,0.002362204724409449,26.41928814091618,4.114749167990623,32.722653662813705,0.34899918137544833,0.14874470392463174,false,0.004450628936327564
SEG_09_209_210_AB,700,26.657914172148615,0.04652532391048292,0.0035335689045936395,26.41928814091618,4.114749167990623,32.722653662813705,0.05799284998676233,0.18533764263615057,false,0.008622893856452235
SEG_09_209_210_AB,730,26.225299480456115,0.05577376276512176,0.007069913589945012,26.41928814091618,4.114749167990623,32.722653662813705,-0.04714471102373318,0.19855829081922036,false,0.01107434300719925
SEG_09_209_210_AB,800,23.728645958765203,0.17678255745433116,0.01708898055391868,26.41928814091618,4.114749167990623,32.722653662813705,-0.6539018716090811,0.27485569467336224,false,0.048589692635243764
SEG_09_209_210_AB,830,23.457856746766616,0.17325949367088608,0.014240506329113924,26.41928814091618,4.114749167990623,32.722653662813705,-0.7197112808690924,0.2831309774419573,false,0.04905512979413659
SEG_09_209_210_AB,900,23.995119858479292,0.16538233550681683,0.013040901007705987,26.41928814091618,4.114749167990623,32.722653662813705,-0.5891412048381784,0.2667122872816533,false,0.0441095009790049
SEG_09_209_210_AB,930,24.690281703212044,0.1054287962234461,0.011801730920535013,26.41928814091618,4.114749167990623,32.722653662813705,-0.4201972871528572,0.24546823256971104,false,0.02587942027092154
SEG_09_209_210_AB,1000,24.902064641096757,0.0863689776733255,0.004700352526439483,26.41928814091618,4.114749167990623,32.722653662813705,-0.36872806527848123,0.23899617379150184,false,0.020641855198208447
SEG_09_209_210_AB,1030,25.27335130331299,0.07633587786259542,0.007046388725778039,26.41928814091618,4.114749167990623,32.722653662813705,-0.27849494363292926,0.22764970213788516,false,0.01737783985785383
SEG_09_209_210_AB,1100,24.864547112804605,0.09795673076923077,0.005408653846153846,26.41928814091618,4.114749167990623,32.722653662813705,-0.37784588188417084,0.2401427045306878,false,0.02352359425390752
SEG_09_209_210_AB,1130,24.379191696339625,0.12139068945197407,0.011196228638774307,26.41928814091618,4.114749167990623,32.722653662813705,-0.49580092522937586,0.254975102338832,false,0.030951603465998463
SEG_09_209_210_AB,1200,23.92761175933074,0.1657754010695187,0.013071895424836602,26.41928814091618,4.114749167990623,32.722653662813705,-0.6055475752856674,0.26877532592895187,false,0.04455633745346261
SEG_09_209_210_AB,1230,23.732592313413555,0.16422287390029325,0.00997067448680352,26.41928814091618,4.114749167990623,32.722653662813705,-0.6529427962226512,0.2747350945933988,false,0.045117786795396866
SEG_09_209_210_AB,1300,23.547269008191286,0.1584795321637427,0.010526315789473684,26.41928814091618,4.114749167990623,32.722653662813705,-0.69798158173695,0.2803985504711497,false,0.0444374310980594
SEG_09_209_210_AB,1330,22.894367324169814,0.22673733804475854,0.014723203769140165,26.41928814091618,4.114749167990623,32.722653662813705,-0.8566550894930273,0.3003511402198055,false,0.06810081801214672
SEG_09_209_210_AB,1400,22.80747821609585,0.22267920094007052,0.013513513513513514,26.41928814091618,4.114749167990623,32.722653662813705,-0.8777715912593782,0.3030064599554633,false,0.06747323638256204
SEG_09_209_210_AB,1430,22.572897231609,0.2501450957632037,0.016831108531630876,26.41928814091618,4.114749167990623,32.722653662813705,-0.9347813808989739,0.3101752240448326,false,0.07758881112206782
SEG_09_209_210_AB,1500,22.117418142193312,0.276953125,0.023828125,26.41928814091618,4.114749167990623,32.722653662813705,-1.045475634866857,0.3240946052206112,true,0.08975901371148959
SEG_09_209_210_AB,1530,21.71345942989258,0.32598425196850395,0.024803149606299212,26.41928814091618,4.114749167990623,32.722653662813705,-1.1436489853697744,0.33643953043551794,true,0.10967398866165703
SEG_09_209_210_AB,1600,20.84204996593386,0.4222353636901242,0.03015966883500887,26.41928814091618,4.114749167990623,32.722653662813705,-1.3554260411226675,0.3630696892526495,true,0.15330086228645284
SEG_09_209_210_AB,1630,19.45489486802801,0.6033254156769596,0.06096595407759303,26.41928814091618,4.114749167990623,32.722653662813705,-1.692543819454523,0.40546096693445394,true,0.2446249064165114
SEG_09_209_210_AB,1700,19.26892961778939,0.6289940828402367,0.06863905325443787,26.41928814091618,4.114749167990623,32.722653662813705,-1.7377386156975791,0.41114404056762793,true,0.25860716871206424
SEG_09_209_210_AB,1730,20.29764179643174,0.509090909090909,0.04031620553359684,26.41928814091618,4.114749167990623,32.722653662813705,-1.4877325675416213,0.37970673144097267,true,0.19330524509722244
SEG_09_209_210_AB,1800,20.21017608966282,0.5203592814371257,0.04910179640718563,26.41928814091618,4.114749167990623,32.722653662813705,-1.508989199039194,0.38237967195705064,true,0.19897481133573472
SEG_09_209_210_AB,1830,21.906410606618348,0.36,0.02588235294117647,26.41928814091618,4.114749167990623,32.722653662813705,-1.0967564121294007,0.33054296780603176,true,0.11899546841017143
SEG_09_209_210_AB,1900,24.119637213178517,0.1602112676056338,0.009976525821596244,26.41928814091618,4.114749167990623,32.722653662813705,-0.5588799787911891,0.2629070532690852,false,0.04212067226670203
SEG_09_209_210_AB,1930,25.626809831828382,0.06762132060461416,0.008750994431185362,26.41928814091618,4.114749167990623,32.722653662813705,-0.1925945608671921,0.21684805590963116,false,0.014663551911152466
SEG_09_209_210_AB,2000,26.419721790720246,0.04004781829049611,0.012552301255230125,26.41928814091618,4.114749167990623,32.722653662813705,0.00010538912248630718,0.19261677054193693,false,0.007713881426365674
SEG_09_209_210_AB,2030,26.96981364300191,0.03477218225419664,0.009592326139088728,26.41928814091618,4.114749167990623,32.722653662813705,0.13379321062104274,0.1758060357540431,false,0.006113159516627398
SEG_09_209_210_AB,2100,26.996864493840906,0.03866745984533016,0.009518143961927425,26.41928814091618,4.114749167990623,32.722653662813705,0.14036732965834156,0.17497936530372638,false,0.006766007581643197
SEG_09_209_210_AB,2130,26.859999497821523,0.058333333333333334,0.006547619047619048,26.41928814091618,4.114749167990623,32.722653662813705,0.10710527881838246,0.17916194161400031,false,0.010451113260816686
SEG_09_209_210_AB,2200,27.36212225442272,0.05952380952380952,0.008333333333333333,26.41928814091618,4.114749167990623,32.722653662813705,0.22913525831441092,0.16381713609256388,false,0.009751020005509753
SEG_09_209_210_AB,2230,28.63177675967216,0.03773584905660377,0.003537735849056604,26.41928814091618,4.114749167990623,32.722653662813705,0.5376970815055578,0.12501666109648227,false,0.004717609852697444
SEG_09_209_210_AB,2300,29.752492067901326,0.01592920353982301,0.0011799410029498525,26.41928814091618,4.114749167990623,32.722653662813705,0.810062482766809,0.09076774840812181,false,0.0014458579392444182
SEG_09_209_210_AB,2330,31.189983498317464,0.018485390578413835,0.0005963029218843172,26.41928814091618,4.114749167990623,32.722653662813705,1.1594134083587366,0.04683819901311919,false,0.0008658224027469856
SEG_09_209_210_BA,0,32.049412114933666,0.001594896331738437,0.0,28.306892664002174,4.1604220599527055,36.53745455272234,0.899552833102235,0.12283402039713999,false,0.00019590752854408292
SEG_09_209_210_BA,30,32.5338689941073,0.0,0.0,28.306892664002174,4.1604220599527055,36.53745455272234,1.0159969996296911,0.10957483512810108,false,0.0
SEG_09_209_210_BA,100,33.2955694720987,0.0006009615384615385,0.0,28.306892664002174,4.1604220599527055,36.53745455272234,1.19907950111995,0.08872772119211825,false,0.000053321947831801835
SEG_09_209_210_BA,130,33.8222903001034,0.0006002400960384153,0.0,28.306892664002174,4.1604220599527055,36.53745455272234,1.325682240076364,0.07431180649711239,false,0.00004460492586861488
SEG_09_209_210_BA,200,34.15510216449245,0.0,0.0,28.306892664002174,4.1604220599527055,36.53745455272234,1.4056769760894774,0.06520302022660704,false,0.0
SEG_09_209_210_BA,230,34.32153759907535,0.0,0.0,28.306892664002174,4.1604220599527055,36.53745455272234,1.445681435296867,0.060647819635314064,false,0.0
SEG_09_209_210_BA,300,34.70547911556752,0.0,0.0,28.306892664002174,4.1604220599527055,36.53745455272234,1.5379657062096446,0.050139656951508134,false,0.0
SEG_09_209_210_BA,330,36.53745455272234,0.0006035003017501509,0.0,28.306892664002174,4.1604220599527055,36.53745455272234,1.9782997422174342,0.0,false,0.0
SEG_09_209_210_BA,400,35.56865998025916,0.0,0.0,28.306892664002174,4.1604220599527055,36.53745455272234,1.7454400567089434,0.026515108518718404,false,0.0
SEG_09_209_210_BA,430,35.11921942408132,0.0,0.0,28.306892664002174,4.1604220599527055,36.53745455272234,1.6374124216033479,0.03881592590404865,false,0.0
SEG_09_209_210_BA,500,35.11044360441943,0.00040112314480545525,0.0,28.306892664002174,4.1604220599527055,36.53745455272234,1.6353030635777845,0.039056112851095795,false,0.000015666310810708302
SEG_09_209_210_BA,530,34.2270200530504,0.0,0.0,28.306892664002174,4.1604220599527055,36.53745455272234,1.4229631762685941,0.06323468692483912,false,0.0
SEG_09_209_210_BA,600,32.623416545682346,0.000591715976331361,0.0,28.306892664002174,4.1604220599527055,36.53745455272234,1.0375206696527424,0.1071239924880964,false,0.00006338697780360734
SEG_09_209_210_BA,630,30.781116518760914,0.0,0.0,28.306892664002174,4.1604220599527055,36.53745455272234,0.5947050128820024,0.15754622494720363,false,0.0
SEG_09_209_210_BA,700,29.274675468687928,0.010011778563015312,0.0,28.306892664002174,4.1604220599527055,36.53745455272234,0.2326164967735883,0.19877627418063457,false,0.001990104040677731
SEG_09_209_210_BA,730,27.72917541665046,0.015710919088766692,0.0007855459544383347,28.306892664002174,4.1604220599527055,36.53745455272234,-0.13886025000028035,0.241075336087297,false,0.0037875150995647605
SEG_09_209_210_BA,800,27.269139856517654,0.016499705362404242,0.005303476723629935,28.306892664002174,4.1604220599527055,36.53745455272234,-0.24943450268512332,0.25366612999356075,false,0.004185416405315086
SEG_09_209_210_BA,830,26.841430681712044,0.01977848101265823,0.004746835443037975,28.306892664002174,4.1604220599527055,36.53745455272234,-0.3522387779827291,0.2653721773918118,false,0.005248658571831721
SEG_09_209_210_BA,900,26.5547123829293,0.018375815056312982,0.002963841138114997,28.306892664002174,4.1604220599527055,36.53745455272234,-0.4211544540009464,0.2732194207833573,false,0.005020629546107929
SEG_09_209_210_BA,930,26.364528224392203,0.01730920535011802,0.0023603461841070024,28.306892664002174,4.1604220599527055,36.53745455272234,-0.46686716194175054,0.27842460436456895,false,0.0048193086514716895
SEG_09_209_210_BA,1000,25.978128108842462,0.02408930669800235,0.004112808460634548,28.306892664002174,4.1604220599527055,36.53745455272234,-0.559742382287576,0.2890000568770634,false,0.006961811005851705
SEG_09_209_210_BA,1030,25.939014037422886,0.020551967116852612,0.0011743981209630064,28.306892664002174,4.1604220599527055,36.53745455272234,-0.5691438494598802,0.2900705767558671,false,0.005961520955053053
SEG_09_209_210_BA,1100,25.98307128633472,0.022235576923076924,0.001201923076923077,28.306892664002174,4.1604220599527055,36.53745455272234,-0.5585542390124405,0.28886476618555873,false,0.006423074728885621
SEG_09_209_210_BA,1130,25.808440719174467,0.025338833235120803,0.0005892751915144372,28.306892664002174,4.1604220599527055,36.53745455272234,-0.6005284821646457,0.2936442607972665,false,0.0074406029547922576
SEG_09_209_210_BA,1200,25.525998746396095,0.03208556149732621,0.004753416518122401,28.306892664002174,4.1604220599527055,36.53745455272234,-0.6684162994842142,0.30137446467260265,false,0.009669768919976557
SEG_09_209_210_BA,1230,25.340945557469222,0.02873900293255132,0.002346041055718475,28.306892664002174,4.1604220599527055,36.53745455272234,-0.712895726393362,0.3064392178469062,false,0.00880675758035097
SEG_09_209_210_BA,1300,25.130392274189262,0.027485380116959064,0.004093567251461989,28.306892664002174,4.1604220599527055,36.53745455272234,-0.7635043618264589,0.3122018875746547,false,0.008580987553221503
SEG_09_209_210_BA,1330,24.855379822433342,0.026501766784452298,0.002355712603062426,28.306892664002174,4.1604220599527055,36.53745455272234,-0.8296064177700441,0.31972875158646175,false,0.008473376808828492
SEG_09_209_210_BA,1400,24.685698020015725,0.03407755581668625,0.002937720329024677,28.306892664002174,4.1604220599527055,36.53745455272234,-0.8703911746943322,0.3243728025882296,false,0.011053832285615343
SEG_09_209_210_BA,1430,24.642306274160223,0.028438769587928032,0.0023215322112594312,28.306892664002174,4.1604220599527055,36.53745455272234,-0.8808208246746025,0.32556039888870225,false,0.009258537170949745
SEG_09_209_210_BA,1500,24.557972395270003,0.03125,0.004296875,28.306892664002174,4.1604220599527055,36.53745455272234,-0.9010913351360288,0.32786854760684925,false,0.010245892112714039
SEG_09_209_210_BA,1530,24.415916959896627,0.03661417322834646,0.0066929133858267716,28.306892664002174,4.1604220599527055,36.53745455272234,-0.9352358121449288,0.3317564877250749,false,0.012146989511193687
SEG_09_209_210_BA,1600,23.873456220896294,0.0579538734476641,0.004730928444707274,28.306892664002174,4.1604220599527055,36.53745455272234,-1.0656217997162234,0.34660319080389995,true,0.020086997456405794
SEG_09_209_210_BA,1630,23.859146271639208,0.0625494853523357,0.007125890736342043,28.306892664002174,4.1604220599527055,36.53745455272234,-1.0690613423998445,0.34699484231417244,true,0.021704348806666367
SEG_09_209_210_BA,1700,22.952840064182883,0.1378698224852071,0.004733727810650888,28.306892664002174,4.1604220599527055,36.53745455272234,-1.2869013101714382,0.37179969581453204,true,0.05125995806200353
SEG_09_209_210_BA,1730,22.4535907918849,0.15968379446640316,0.0031620553359683794,28.306892664002174,4.1604220599527055,36.53745455272234,-1.4069009797010386,0.38546373668463657,true,0.06155231210300125
SEG_09_209_210_BA,1800,22.19031363517634,0.1718562874251497,0.0017964071856287425,28.306892664002174,4.1604220599527055,36.53745455272234,-1.4701823374370253,0.39266941534866767,true,0.06748270790722612
SEG_09_209_210_BA,1830,22.73343704789191,0.1349019607843137,0.002352941176470588,28.306892664002174,4.1604220599527055,36.53745455272234,-1.3396370694596356,0.37780457543673945,true,0.050966578019701315
SEG_09_209_210_BA,1900,23.65290600445355,0.08274647887323944,0.002347417840375587,28.306892664002174,4.1604220599527055,36.53745455272234,-1.1186333002958673,0.35263946834820725,true,0.02917967431754532
SEG_09_209_210_BA,1930,25.24637701857084,0.05091487669053302,0.0031821797931583136,28.306892664002174,4.1604220599527055,36.53745455272234,-0.7356262420803827,0.30902748076932524,false,0.015734096077356256
SEG_09_209_210_BA,2000,26.864848132253393,0.023311416616855946,0.001195457262402869,28.306892664002174,4.1604220599527055,36.53745455272234,-0.34661015420276226,0.2647312610820136,false,0.006171260718588482
SEG_09_209_210_BA,2030,27.913689812377218,0.013189448441247002,0.0005995203836930455,28.306892664002174,4.1604220599527055,36.53745455272234,-0.09451032754821653,0.23602532923855746,false,0.0031130439108203022
SEG_09_209_210_BA,2100,28.42521392502139,0.013682331945270671,0.001189767995240928,28.306892664002174,4.1604220599527055,36.53745455272234,0.02843972542068486,0.2220253361107916,false,0.0030378243489281418
SEG_09_209_210_BA,2130,28.317667497164866,0.019642857142857142,0.002380952380952381,28.306892664002174,4.1604220599527055,36.53745455272234,0.0025898413688381213,0.2249687931516026,false,0.004419029865477908
SEG_09_209_210_BA,2200,28.653211460236985,0.01369047619047619,0.0,28.306892664002174,4.1604220599527055,36.53745455272234,0.08324126524767739,0.21578523159320392,false,0.002954202575383149
SEG_09_209_210_BA,2230,29.130077773239,0.011202830188679245,0.0,28.306892664002174,4.1604220599527055,36.53745455272234,0.19786096155018124,0.20273379386061874,false,0.0022711922661272145
SEG_09_209_210_BA,2300,29.88612673010279,0.0035398230088495575,0.0,28.306892664002174,4.1604220599527055,36.53745455272234,0.37958506212674253,0.18204135739729488,false,0.00064439418547715
SEG_09_209_210_BA,2330,30.83042881516374,0.008348240906380441,0.0,28.306892664002174,4.1604220599527055,36.53745455272234,0.6065577277489611,0.15619658806071315,false,0.0013039667458855004
SEG_10_210_211_AB,0,34.56988215996369,0.0,0.0,28.70750059848258,5.389086299650027,38.28825467990905,1.0878247694533711,0.09711522635416701,false,0.0
SEG_10_210_211_AB,30,35.79369349653196,0.0,0.0,28.70750059848258,5.389086299650027,38.28825467990905,1.3149154613667189,0.06515212574278195,false,0.0
SEG_10_210_211_AB,100,36.38709123911863,0.0006009615384615385,0.0,28.70750059848258,5.389086299650027,38.28825467990905,1.4250264726944109,0.04965395933254735,false,0.00002984011979119432
SEG_10_210_211_AB,130,36.87715708954859,0.0006002400960384153,0.0,28.70750059848258,5.389086299650027,38.28825467990905,1.5159631961352256,0.03685458118050249,false,0.00002212159734724039
SEG_10_210_211_AB,200,37.04948523528672,0.0,0.0,28.70750059848258,5.389086299650027,38.28825467990905,1.5479404435118946,0.032353771541128847,false,0.0
SEG_10_210_211_AB,230,37.45999509914173,0.0,0.0,28.70750059848258,5.389086299650027,38.28825467990905,1.6241147411626244,0.021632210391714063,false,0.0
SEG_10_210_211_AB,300,38.093407349835665,0.0,0.0,28.70750059848258,5.389086299650027,38.28825467990905,1.7416508531256247,0.005088958264154794,false,0.0
SEG_10_210_211_AB,330,38.16550141651998,0.0006035003017501509,0.0,28.70750059848258,5.389086299650027,38.28825467990905,1.7550286434736837,0.0032060292226765807,false,1.934839603305118e-6
SEG_10_210_211_AB,400,38.28825467990905,0.0,0.0,28.70750059848258,5.389086299650027,38.28825467990905,1.7778067651372844,0.0,false,0.0
SEG_10_210_211_AB,430,37.296679713049734,0.0,0.0,28.70750059848258,5.389086299650027,38.28825467990905,1.5938099033828694,0.025897627749003293,false,0.0
SEG_10_210_211_AB,500,36.14728879296438,0.0,0.0,28.70750059848258,5.389086299650027,38.28825467990905,1.3805286797810141,0.05591704048260253,false,0.0
SEG_10_210_211_AB,530,35.1891582995284,0.0,0.0,28.70750059848258,5.389086299650027,38.28825467990905,1.2027377816285383,0.08094117651194051,false,0.0
SEG_10_210_211_AB,600,31.5729408615632,0.0,0.0,28.70750059848258,5.389086299650027,38.28825467990905,0.531711704684838,0.1753883501477431,false,0.0
SEG_10_210_211_AB,630,29.652908578198424,0.0,0.0,28.70750059848258,5.389086299650027,38.28825467990905,0.17543010580054014,0.22553511968363088,false,0.0
SEG_10_210_211_AB,700,28.78692719035992,0.0,0.0,28.70750059848258,5.389086299650027,38.28825467990905,0.014738415282475222,0.24815253578363689,false,0.0
SEG_10_210_211_AB,730,26.818048297169426,0.021209740769835034,0.0054988216810683424,28.70750059848258,5.389086299650027,38.28825467990905,-0.35060717091055965,0.29957506495479863,false,0.006353909468797771
SEG_10_210_211_AB,800,24.591555778359172,0.04419563936358279,0.0029463759575721863,28.70750059848258,5.389086299650027,38.28825467990905,-0.7637555962669775,0.35772586178332466,false,0.01580992317840268
SEG_10_210_211_AB,830,23.920679660645398,0.05933544303797468,0.0007911392405063291,28.70750059848258,5.389086299650027,38.28825467990905,-0.8882435113625926,0.3752475828260392,false,0.022265481575912134
SEG_10_210_211_AB,900,24.74999248496028,0.02963841138114997,0.0,28.70750059848258,5.389086299650027,38.28825467990905,-0.7343560472912268,0.353587864166937,false,0.010479782577561854
SEG_10_210_211_AB,930,25.049130693643907,0.01809598741148702,0.0,28.70750059848258,5.389086299650027,38.28825467990905,-0.6788478976624015,0.34577507115288003,false,0.006257141334788545
SEG_10_210_211_AB,1000,25.241060383300184,0.0099882491186839,0.0005875440658049354,28.70750059848258,5.389086299650027,38.28825467990905,-0.6432333836271111,0.34076231485827185,false,0.0034036188910638197
SEG_10_210_211_AB,1030,25.517068294975502,0.007633587786259542,0.0,28.70750059848258,5.389086299650027,38.28825467990905,-0.5920172968308685,0.3335536313081139,false,0.0025462109260161363
SEG_10_210_211_AB,1100,25.6248617799396,0.007211538461538462,0.0,28.70750059848258,5.389086299650027,38.28825467990905,-0.5720151148336905,0.3307383166413772,false,0.0023851320911637782
SEG_10_210_211_AB,1130,25.377483408560604,0.011196228638774307,0.0,28.70750059848258,5.389086299650027,38.28825467990905,-0.6179186980431598,0.3371992633062771,false,0.003775360048803338
SEG_10_210_211_AB,1200,25.845307744437033,0.0029708853238265003,0.0,28.70750059848258,5.389086299650027,38.28825467990905,-0.5311091147735785,0.3249807816912895,false,0.0009654806348523159
SEG_10_210_211_AB,1230,26.16907124556719,0.002346041055718475,0.0,28.70750059848258,5.389086299650027,38.28825467990905,-0.4710314906406747,0.3165248334158503,false,0.0007425802543480359
SEG_10_210_211_AB,1300,25.56140323135969,0.0035087719298245615,0.0,28.70750059848258,5.389086299650027,38.28825467990905,-0.583790496605556,0.33239570607086216,false,0.0011663007230556567
SEG_10_210_211_AB,1330,24.7504760909087,0.014134275618374558,0.0,28.70750059848258,5.389086299650027,38.28825467990905,-0.7342663092685774,0.3535752335063738,false,0.00499752980221023
SEG_10_210_211_AB,1400,24.76824834265419,0.012338425381903642,0.0,28.70750059848258,5.389086299650027,38.28825467990905,-0.7309684864545978,0.3531110637004094,false,0.004356834510992125
SEG_10_210_211_AB,1430,24.808450807746688,0.012188044109112013,0.0,28.70750059848258,5.389086299650027,38.28825467990905,-0.7235085084811314,0.35206106898457307,false,0.004290935837885104
SEG_10_210_211_AB,1500,24.764048284169107,0.01015625,0.0,28.70750059848258,5.389086299650027,38.28825467990905,-0.7317478502004252,0.353220759441837,false,0.003587398338081157
SEG_10_210_211_AB,1530,24.375100910814826,0.026771653543307086,0.0003937007874015748,28.70750059848258,5.389086299650027,38.28825467990905,-0.8039210075275846,0.3633791585803167,false,0.009728260938370684
SEG_10_210_211_AB,1600,23.63421402838275,0.05558840922531047,0.0005913660555884093,28.70750059848258,5.389086299650027,38.28825467990905,-0.941400135015335,0.3827293976712837,false,0.021275318380307908
SEG_10_210_211_AB,1630,22.812743435668935,0.12114014251781473,0.000791765637371338,28.70750059848258,5.389086299650027,38.28825467990905,-1.0938323929227958,0.4041842955134897,true,0.04896294316196669
SEG_10_210_211_AB,1700,22.03190565687542,0.2017751479289941,0.000591715976331361,28.70750059848258,5.389086299650027,38.28825467990905,-1.2387248172367695,0.4245779589311969,true,0.08566928047073263
SEG_10_210_211_AB,1730,21.06246936824482,0.31067193675889326,0.011067193675889328,28.70750059848258,5.389086299650027,38.28825467990905,-1.418613621150256,0.4498973759883366,true,0.13977048914104054
SEG_10_210_211_AB,1800,20.630233360913838,0.4101796407185629,0.01976047904191617,28.70750059848258,5.389086299650027,38.28825467990905,-1.49881942660545,0.4611863733830857,true,0.1891692609385711
SEG_10_210_211_AB,1830,21.10931409061559,0.35843137254901963,0.01568627450980392,28.70750059848258,5.389086299650027,38.28825467990905,-1.409921104503452,0.44867390098895643,true,0.16081880215839459
SEG_10_210_211_AB,1900,23.428415036164616,0.10211267605633803,0.002347417840375587,28.70750059848258,5.389086299650027,38.28825467990905,-0.9795882397839486,0.38810438783311324,false,0.03963037763084607
SEG_10_210_211_AB,1930,26.718587891064185,0.0031821797931583136,0.0,28.70750059848258,5.389086299650027,38.28825467990905,-0.3690630650222757,0.30217273901794756,false,0.0009615679841462134
SEG_10_210_211_AB,2000,28.32885679197604,0.0005977286312014345,0.0,28.70750059848258,5.389086299650027,38.28825467990905,-0.07026122527136516,0.2601162672781477,false,0.0001554789403933937
SEG_10_210_211_AB,2030,29.13532755541002,0.001199040767386091,0.0,28.70750059848258,5.389086299650027,38.28825467990905,0.0793876611245256,0.23905313002689144,false,0.0002866344484734909
SEG_10_210_211_AB,2100,28.492339883598177,0.000594883997620464,0.0,28.70750059848258,5.389086299650027,38.28825467990905,-0.039925268017766614,0.25584646984316767,false,0.00015219897075738708
SEG_10_210_211_AB,2130,28.57570641845396,0.0,0.0,28.70750059848258,5.389086299650027,38.28825467990905,-0.024455756078201222,0.25366913019807985,false,0.0
SEG_10_210_211_AB,2200,29.27331002486146,0.0,0.0,28.70750059848258,5.389086299650027,38.28825467990905,0.10499171750425015,0.2354493494261569,false,0.0
SEG_10_210_211_AB,2230,30.389352951461344,0.0005896226415094339,0.0,28.70750059848258,5.389086299650027,38.28825467990905,0.31208488034195825,0.20630090858104558,false,0.00012163968666335234
SEG_10_210_211_AB,2300,31.00753395369504,0.0005899705014749262,0.0,28.70750059848258,5.389086299650027,38.28825467990905,0.4267946786010514,0.19015546117421783,false,0.00011218611278714917
SEG_10_210_211_AB,2330,32.06735963904602,0.0,0.0,28.70750059848258,5.389086299650027,38.28825467990905,0.6234561581954313,0.16247528368346642,false,0.0
SEG_10_210_211_BA,0,36.03297499504423,0.009569377990430622,0.0,29.494557095462657,5.369894913685114,37.85133607887073,1.217606304160346,0.048039548195540266,false,0.00045970859517263413
SEG_10_210_211_BA,30,36.316453463196275,0.00858704137392662,0.00039032006245121,29.494557095462657,5.369894913685114,37.85133607887073,1.2703966236560973,0.04055028896407314,false,0.0003482070090591761
SEG_10_210_211_BA,100,36.63249999812582,0.01141826923076923,0.0,29.494557095462657,5.369894913685114,37.85133607887073,1.3292518787420222,0.03220060919924258,false,0.0003676752252317362
SEG_10_210_211_BA,130,37.31347152469849,0.011404561824729893,0.0006002400960384153,29.494557095462657,5.369894913685114,37.85133607887073,1.4560647005045526,0.014209922552046533,false,0.00016205794026943828
SEG_10_210_211_BA,200,37.576946779317936,0.00676923076923077,0.0,29.494557095462657,5.369894913685114,37.85133607887073,1.50512995389489,0.007249131153020598,false,0.000049071041651216355
SEG_10_210_211_BA,230,37.85133607887073,0.006682867557715674,0.0,29.494557095462657,5.369894913685114,37.85133607887073,1.5562276576606595,0.0,false,0.0
SEG_10_210_211_BA,300,37.79131634459329,0.003001200480192077,0.0,29.494557095462657,5.369894913685114,37.85133607887073,1.5450505796652447,0.0015856701637262257,false,4.758914056801398e-6
SEG_10_210_211_BA,330,37.793246087955325,0.0030175015087507543,0.0,29.494557095462657,5.369894913685114,37.85133607887073,1.5454099430034576,0.0015346879907848854,false,4.630923327655055e-6
SEG_10_210_211_BA,400,37.67882132663479,0.0011997600479904018,0.0,29.494557095462657,5.369894913685114,37.85133607887073,1.5241013767913096,0.0045576925442333705,false,5.468137425594925e-6
SEG_10_210_211_BA,430,36.80984148225809,0.008298755186721992,0.0,29.494557095462657,5.369894913685114,37.85133607887073,1.3622770099564743,0.027515398517042496,false,0.00022834355615802902
SEG_10_210_211_BA,500,36.4949575915538,0.00681909346169274,0.0,29.494557095462657,5.369894913685114,37.85133607887073,1.303638266412012,0.035834362213546404,false,0.00024435786507432365
SEG_10_210_211_BA,530,35.56755054822564,0.01218553459119497,0.0,29.494557095462657,5.369894913685114,37.85133607887073,1.1309333888985482,0.06033566492570758,false,0.0007352223320349588
SEG_10_210_211_BA,600,33.9901044716223,0.011834319526627219,0.0,29.494557095462657,5.369894913685114,37.85133607887073,0.8371760431852766,0.10201044420737988,false,0.0012072241918033122
SEG_10_210_211_BA,630,31.98449716964424,0.007874015748031496,0.0,29.494557095462657,5.369894913685114,37.85133607887073,0.46368506538852367,0.15499687770602796,false,0.001220447855952976
SEG_10_210_211_BA,700,30.789470771430224,0.01060070671378092,0.0005889281507656066,29.494557095462657,5.369894913685114,37.85133607887073,0.2411432061114446,0.18656845541002082,false,0.001977757477844744
SEG_10_210_211_BA,730,27.950626680604127,0.046347211311861744,0.009426551453260016,29.494557095462657,5.369894913685114,37.85133607887073,-0.28751594578207496,0.2615682938545821,false,0.012122960987761463
SEG_10_210_211_BA,800,25.9875097694471,0.07719505008839128,0.009428403064230996,29.494557095462657,5.369894913685114,37.85133607887073,-0.6530942192328358,0.31343216748552827,false,0.0241954118683584
SEG_10_210_211_BA,830,24.540230159443155,0.18354430379746836,0.028481012658227847,29.494557095462657,5.369894913685114,37.85133607887073,-0.9226115251144782,0.35166805979295573,false,0.06454666920250454
SEG_10_210_211_BA,900,25.098491900656356,0.16538233550681683,0.021932424422050976,29.494557095462657,5.369894913685114,37.85133607887073,-0.8186501347732115,0.33691926096456165,false,0.05572049425554991
SEG_10_210_211_BA,930,26.040170628241604,0.06923682140047208,0.003147128245476003,29.494557095462657,5.369894913685114,37.85133607887073,-0.6432875359287925,0.3120409125326047,false,0.02160472093066028
SEG_10_210_211_BA,1000,25.906105952302216,0.0846063454759107,0.0005875440658049354,29.494557095462657,5.369894913685114,37.85133607887073,-0.6682535134934048,0.3155827868712024,false,0.026700306292275645
SEG_10_210_211_BA,1030,26.157565544392714,0.06928948913681739,0.002348796241926013,29.494557095462657,5.369894913685114,37.85133607887073,-0.621425857434502,0.30893943902301724,false,0.02140625590411981
SEG_10_210_211_BA,1100,26.198512899728698,0.0546875,0.0006009615384615385,29.494557095462657,5.369894913685114,37.85133607887073,-0.6138005023774356,0.3078576448361314,false,0.016835964951975937
SEG_10_210_211_BA,1130,26.16031676253061,0.0648202710665881,0.0,29.494557095462657,5.369894913685114,37.85133607887073,-0.6209135162840479,0.30886675418747633,false,0.02002082672988945
SEG_10_210_211_BA,1200,26.547279412052703,0.058229352346999406,0.0005941770647653001,29.494557095462657,5.369894913685114,37.85133607887073,-0.5488520223922543,0.2986435311890654,false,0.017389819403760196
SEG_10_210_211_BA,1230,26.813042461027475,0.06099706744868035,0.0,29.494557095462657,5.369894913685114,37.85133607887073,-0.49936072819625826,0.29162229821538643,false,0.017788104993783103
SEG_10_210_211_BA,1300,26.937309330100415,0.05321637426900585,0.0,29.494557095462657,5.369894913685114,37.85133607887073,-0.4762193313774401,0.2883392735735612,false,0.0153443706989439
SEG_10_210_211_BA,1330,26.47071854129987,0.053003533568904596,0.0,29.494557095462657,5.369894913685114,37.85133607887073,-0.5631094467894651,0.3006662040636319,false,0.015936371240121833
SEG_10_210_211_BA,1400,26.46261529325871,0.06345475910693302,0.0005875440658049354,29.494557095462657,5.369894913685114,37.85133607887073,-0.5646184610572318,0.3008802849622368,false,0.019092286002304098
SEG_10_210_211_BA,1430,25.928522959728728,0.06094022054556007,0.0023215322112594312,29.494557095462657,5.369894913685114,37.85133607887073,-0.6640789425219352,0.3149905486638165,false,0.01919559350533995
SEG_10_210_211_BA,1500,25.64779103781383,0.073046875,0.00234375,29.494557095462657,5.369894913685114,37.85133607887073,-0.7163577908843971,0.32240724648737384,false,0.023550841833257386
SEG_10_210_211_BA,1530,24.906424604902504,0.10866141732283464,0.005905511811023622,29.494557095462657,5.369894913685114,37.85133607887073,-0.8544175564529859,0.34199351502401254,false,0.037161500057727344
SEG_10_210_211_BA,1600,24.088780026190115,0.16558249556475457,0.007096392667060911,29.494557095462657,5.369894913685114,37.85133607887073,-1.0066820964216605,0.3635949870832462,true,0.060204965336078616
SEG_10_210_211_BA,1630,23.284279812214287,0.18448139350752177,0.010292953285827395,29.494557095462657,5.369894913685114,37.85133607887073,-1.1564988483148062,0.3848491962424551,true,0.07099751601305783
SEG_10_210_211_BA,1700,22.08677637921449,0.257396449704142,0.033136094674556214,29.494557095462657,5.369894913685114,37.85133607887073,-1.3795019893908025,0.4164862150917914,true,0.10720207311534274
SEG_10_210_211_BA,1730,20.644219752089136,0.37628458498023715,0.06482213438735178,29.494557095462657,5.369894913685114,37.85133607887073,-1.648139765420463,0.45459733022177,true,0.17105796773562254
SEG_10_210_211_BA,1800,19.870741894720723,0.4485029940119761,0.08802395209580838,29.494557095462657,5.369894913685114,37.85133607887073,-1.7921794291012576,0.47503195519132774,true,0.21305325415467335
SEG_10_210_211_BA,1830,21.312647939728198,0.35294117647058826,0.05568627450980392,29.494557095462657,5.369894913685114,37.85133607887073,-1.5236628066748494,0.4369380278857505,true,0.15421342160673548
SEG_10_210_211_BA,1900,24.362814291347746,0.17312206572769953,0.008802816901408451,29.494557095462657,5.369894913685114,37.85133607887073,-0.955650508362226,0.3563552356359888,false,0.06169295452618351
SEG_10_210_211_BA,1930,27.192924847102805,0.07239459029435164,0.0015910898965791568,29.494557095462657,5.369894913685114,37.85133607887073,-0.42861774491976906,0.28158612973552694,false,0.02038531249477562
SEG_10_210_211_BA,2000,28.451090818201273,0.038852361028093245,0.0005977286312014345,29.494557095462657,5.369894913685114,37.85133607887073,-0.19431782074582551,0.24834645839402317,false,0.009648846261572926
SEG_10_210_211_BA,2030,29.23119383581838,0.02817745803357314,0.0,29.494557095462657,5.369894913685114,37.85133607887073,-0.04904439730712378,0.22773680234405944,false,0.006417044190749876
SEG_10_210_211_BA,2100,29.833986436149804,0.03509815585960738,0.000594883997620464,29.494557095462657,5.369894913685114,37.85133607887073,0.06320968029041225,0.21181153621671892,false,0.007434194310997273
SEG_10_210_211_BA,2130,30.239156240881016,0.05,0.002976190476190476,29.494557095462657,5.369894913685114,37.85133607887073,0.13866177222961235,0.2011072957141654,false,0.010055364785708272
SEG_10_210_211_BA,2200,30.91708002807172,0.04523809523809524,0.002976190476190476,29.494557095462657,5.369894913685114,37.85133607887073,0.26490703365233087,0.18319712774075186,false,0.008287489112081632
SEG_10_210_211_BA,2230,32.31855914330117,0.028891509433962265,0.0011792452830188679,29.494557095462657,5.369894913685114,37.85133607887073,0.5258952164299491,0.14617124542290727,false,0.004223107916109939
SEG_10_210_211_BA,2300,33.372714640750054,0.020058997050147492,0.0017699115044247787,29.494557095462657,5.369894913685114,37.85133607887073,0.7222036199263339,0.11832135670953818,false,0.0023734077452060754
SEG_10_210_211_BA,2330,34.155051925724756,0.0172927847346452,0.0,29.494557095462657,5.369894913685114,37.85133607887073,0.8678931161920661,0.09765267322252606,false,0.001688686656799795
SEG_11_211_212_AB,0,45.21103222873091,0.00039872408293460925,0.0,36.39624981979398,6.9186199254791365,45.91437203109739,1.2740665774217212,0.015318510768047097,false,6.107859157913515e-6
SEG_11_211_212_AB,30,45.4448254440391,0.00039032006245121,0.0,36.39624981979398,6.9186199254791365,45.91437203109739,1.3078584633507635,0.010226571034016902,false,3.991635844659213e-6
SEG_11_211_212_AB,100,45.307602078307056,0.0,0.0,36.39624981979398,6.9186199254791365,45.91437203109739,1.2880245416712839,0.013215251041207257,false,0.0
SEG_11_211_212_AB,130,45.81034502676511,0.0,0.0,36.39624981979398,6.9186199254791365,45.91437203109739,1.3606897485872773,0.002265674117503427,false,0.0
SEG_11_211_212_AB,200,45.68671340342914,0.0,0.0,36.39624981979398,6.9186199254791365,45.91437203109739,1.3428203433203862,0.004958330422423374,false,0.0
SEG_11_211_212_AB,230,45.89928134345662,0.0,0.0,36.39624981979398,6.9186199254791365,45.91437203109739,1.3735443811078445,0.0003286702392564776,false,0.0
SEG_11_211_212_AB,300,45.54359407543741,0.0,0.0,36.39624981979398,6.9186199254791365,45.91437203109739,1.3221342340192144,0.008075422558515167,false,0.0
SEG_11_211_212_AB,330,45.461032868839744,0.0006035003017501509,0.0,36.39624981979398,6.9186199254791365,45.91437203109739,1.3102010439485154,0.009873578624806329,false,5.958707679424459e-6
SEG_11_211_212_AB,400,45.91437203109739,0.0005998800239952009,0.0,36.39624981979398,6.9186199254791365,45.91437203109739,1.3757255513127864,0.0,false,0.0
SEG_11_211_212_AB,430,45.661827117666185,0.0011855364552459987,0.0,36.39624981979398,6.9186199254791365,45.91437203109739,1.339223341890765,0.005500345583734912,false,6.520860205969072e-6
SEG_11_211_212_AB,500,45.61332077610437,0.00040112314480545525,0.0,36.39624981979398,6.9186199254791365,45.91437203109739,1.3322123567399293,0.006556797832040923,false,2.630083366241846e-6
SEG_11_211_212_AB,530,44.73908093114623,0.0,0.0,36.39624981979398,6.9186199254791365,45.91437203109739,1.205851918621543,0.0255974556105253,false,0.0
SEG_11_211_212_AB,600,42.882124847527095,0.0,0.0,36.39624981979398,6.9186199254791365,45.91437203109739,0.9374521360607835,0.06604135152968192,false,0.0
SEG_11_211_212_AB,630,40.91473435737299,0.0,0.0,36.39624981979398,6.9186199254791365,45.91437203109739,0.6530904409040932,0.10889047268986257,false,0.0
SEG_11_211_212_AB,700,37.55463883034179,0.0035335689045936395,0.0,36.39624981979398,6.9186199254791365,45.91437203109739,0.16743064701123692,0.18207225387061013,false,0.0006433648546664668
SEG_11_211_212_AB,730,32.61260615476345,0.046347211311861744,0.0,36.39624981979398,6.9186199254791365,45.91437203109739,-0.5468783812067118,0.28970810854877377,false,0.013427162925669797
SEG_11_211_212_AB,800,32.33516084185673,0.04890984089569829,0.002357100766057749,36.39624981979398,6.9186199254791365,45.91437203109739,-0.5869796320190271,0.29575077668586186,false,0.014465123432484699
SEG_11_211_212_AB,830,32.955997153235344,0.04430379746835443,0.0007911392405063291,36.39624981979398,6.9186199254791365,45.91437203109739,-0.4972455061289389,0.2822291649570086,false,0.012503823763918103
SEG_11_211_212_AB,900,33.00202645542068,0.024303497332542976,0.002963841138114997,36.39624981979398,6.9186199254791365,45.91437203109739,-0.4905925460471418,0.28122666181585354,false,0.006834791425281562
SEG_11_211_212_AB,930,32.20534730742943,0.046420141620771044,0.0015735641227380016,36.39624981979398,6.9186199254791365,45.91437203109739,-0.6057425552357277,0.29857807299167605,false,0.013860036433130517
SEG_11_211_212_AB,1000,32.91568510543598,0.029964747356051705,0.0023501762632197414,36.39624981979398,6.9186199254791365,45.91437203109739,-0.5030721085776302,0.28310714816827975,false,0.0084832341695548
SEG_11_211_212_AB,1030,33.273064507314444,0.01644157369348209,0.0,36.39624981979398,6.9186199254791365,45.91437203109739,-0.45141738469803927,0.27532354172722007,false,0.00452675230085858
SEG_11_211_212_AB,1100,33.428980123525534,0.01622596153846154,0.0,36.39624981979398,6.9186199254791365,45.91437203109739,-0.4288817319391848,0.27192775062055985,false,0.004412289222809565
SEG_11_211_212_AB,1130,33.04651895969074,0.020035356511490868,0.0017678255745433118,36.39624981979398,6.9186199254791365,45.91437203109739,-0.48416171088792154,0.28025762963046463,false,0.005615061524711726
SEG_11_211_212_AB,1200,33.71843939348756,0.009506833036244802,0.0011883541295306002,36.39624981979398,6.9186199254791365,45.91437203109739,-0.387044013856705,0.2656234224296837,false,0.002525237527554925
SEG_11_211_212_AB,1230,33.08988492885418,0.01818181818181818,0.0,36.39624981979398,6.9186199254791365,45.91437203109739,-0.4778937022921982,0.27931313301110383,false,0.0050784206002018875
SEG_11_211_212_AB,1300,32.696629710723606,0.029239766081871343,0.0,36.39624981979398,6.9186199254791365,45.91437203109739,-0.53473382682084,0.28787810299183725,false,0.008417488391574189
SEG_11_211_212_AB,1330,31.213973333536646,0.07656065959952886,0.0088339222614841,36.39624981979398,6.9186199254791365,45.91437203109739,-0.7490332670497786,0.32016987377295064,false,0.024512416719954997
SEG_11_211_212_AB,1400,30.9966037818773,0.07755581668625147,0.010575793184488837,36.39624981979398,6.9186199254791365,45.91437203109739,-0.7804513177594065,0.32490411148640824,false,0.025198203711049288
SEG_11_211_212_AB,1430,30.542465582618583,0.09808473592571097,0.016831108531630876,36.39624981979398,6.9186199254791365,45.91437203109739,-0.8460913159310458,0.33479509287565895,false,0.03283828827393289
SEG_11_211_212_AB,1500,30.38913066269094,0.0984375,0.019140625,36.39624981979398,6.9186199254791365,45.91437203109739,-0.8682539613110817,0.3381346772616502,false,0.03328513229294369
SEG_11_211_212_AB,1530,29.43843204795783,0.13307086614173227,0.04015748031496063,36.39624981979398,6.9186199254791365,45.91437203109739,-1.0056655585621435,0.3588405820290988,true,0.0477512270574155
SEG_11_211_212_AB,1600,29.004230935445,0.1596688350088705,0.03784742755765819,36.39624981979398,6.9186199254791365,45.91437203109739,-1.0684239001374334,0.36829734019228894,true,0.05880560724536843
SEG_11_211_212_AB,1630,26.880404348446547,0.2620744259699129,0.09897070467141726,36.39624981979398,6.9186199254791365,45.91437203109739,-1.3753964770204414,0.41455358835702494,true,0.1086438937024349
SEG_11_211_212_AB,1700,26.056118977409625,0.31301775147928995,0.11538461538461539,36.39624981979398,6.9186199254791365,45.91437203109739,-1.4945366205628454,0.4325062540382334,true,0.1353821351397784
SEG_11_211_212_AB,1730,24.67330291089369,0.3794466403162055,0.1826086956521739,36.39624981979398,6.9186199254791365,45.91437203109739,-1.6944053922847104,0.46262353551993085,true,0.17554094628424252
SEG_11_211_212_AB,1800,24.608809732321934,0.3562874251497006,0.21317365269461078,36.39624981979398,6.9186199254791365,45.91437203109739,-1.7037270748263755,0.4640281758475406,true,0.16532740396963272
SEG_11_211_212_AB,1830,24.161273119124576,0.3984313725490196,0.2415686274509804,36.39624981979398,6.9186199254791365,45.91437203109739,-1.7684128962788908,0.47377537685236415,true,0.18876697367921647
SEG_11_211_212_AB,1900,29.393508295825896,0.15082159624413147,0.05046948356807512,36.39624981979398,6.9186199254791365,45.91437203109739,-1.0121587252074873,0.3598190066518184,true,0.054268476942205005
SEG_11_211_212_AB,1930,33.85033631222785,0.021479713603818614,0.002386634844868735,36.39624981979398,6.9186199254791365,45.91437203109739,-0.36797996348813944,0.2627507506952001,false,0.005643810874121242
SEG_11_211_212_AB,2000,35.084220203735335,0.007172743574417215,0.0,36.39624981979398,6.9186199254791365,45.91437203109739,-0.18963747542003945,0.23587716325569896,false,0.0016918864070940751
SEG_11_211_212_AB,2030,35.98554257545896,0.002398081534772182,0.0,36.39624981979398,6.9186199254791365,45.91437203109739,-0.059362596696851955,0.2162466569054615,false,0.0005185771148812026
SEG_11_211_212_AB,2100,36.246358836131634,0.000594883997620464,0.0,36.39624981979398,6.9186199254791365,45.91437203109739,-0.021664867455768646,0.21056616408513004,false,0.00012526244145456874
SEG_11_211_212_AB,2130,38.71646790999273,0.0,0.0,36.39624981979398,6.9186199254791365,45.91437203109739,0.3353585129968052,0.15676799665755176,false,0.0
SEG_11_211_212_AB,2200,39.62144471288198,0.0,0.0,36.39624981979398,6.9186199254791365,45.91437203109739,0.4661615940500803,0.13705789799222928,false,0.0
SEG_11_211_212_AB,2230,41.08762021832725,0.0,0.0,36.39624981979398,6.9186199254791365,45.91437203109739,0.6780789303451122,0.10512507520523258,false,0.0
SEG_11_211_212_AB,2300,42.04260765403619,0.0005899705014749262,0.0,36.39624981979398,6.9186199254791365,45.91437203109739,0.8161104230409335,0.0843257613202004,false,0.00004974971169333357
SEG_11_211_212_AB,2330,44.1022731971716,0.0,0.0,36.39624981979398,6.9186199254791365,45.91437203109739,1.1138093233014172,0.03946691969779041,false,0.0
SEG_11_211_212_BA,0,46.50944085979978,0.00039872408293460925,0.0,39.44221147320955,6.157248581128347,48.35326485250826,1.1477901685260739,0.03813235772874256,false,0.000015204289365527335
SEG_11_211_212_BA,30,47.0866944298851,0.00039032006245121,0.0,39.44221147320955,6.157248581128347,48.35326485250826,1.2415420387777591,0.026194103469260554,false,0.000010224084101975236
SEG_11_211_212_BA,100,47.26995314760591,0.0,0.0,39.44221147320955,6.157248581128347,48.35326485250826,1.2713051245629408,0.022404106696968046,false,0.0
SEG_11_211_212_BA,130,47.869056235761406,0.0,0.0,39.44221147320955,6.157248581128347,48.35326485250826,1.3686055795083063,0.010013979784484758,false,0.0
SEG_11_211_212_BA,200,48.25077027113147,0.0,0.0,39.44221147320955,6.157248581128347,48.35326485250826,1.430599833977746,0.002119703430356302,false,0.0
SEG_11_211_212_BA,230,48.35326485250826,0.0006075334143377885,0.0,39.44221147320955,6.157248581128347,48.35326485250826,1.4472459998790106,0.0,false,0.0
SEG_11_211_212_BA,300,48.212298188292266,0.0,0.0,39.44221147320955,6.157248581128347,48.35326485250826,1.4243515751439024,0.002915349452534069,false,0.0
SEG_11_211_212_BA,330,47.94697824096081,0.0006035003017501509,0.0,39.44221147320955,6.157248581128347,48.35326485250826,1.3812609082923726,0.008402464917038069,false,5.070890112877531e-6
SEG_11_211_212_BA,400,47.84120801551141,0.0005998800239952009,0.0,39.44221147320955,6.157248581128347,48.35326485250826,1.3640827443680545,0.010589912357702685,false,6.352676879245761e-6
SEG_11_211_212_BA,430,47.61071259107122,0.0,0.0,39.44221147320955,6.157248581128347,48.35326485250826,1.3266479353940188,0.015356817449701576,false,0.0
SEG_11_211_212_BA,500,47.32017317387034,0.0,0.0,39.44221147320955,6.157248581128347,48.35326485250826,1.2794613692886043,0.021365499967564924,false,0.0
SEG_11_211_212_BA,530,46.659175285872195,0.00039308176100628933,0.0,39.44221147320955,6.157248581128347,48.35326485250826,1.1721085672555553,0.035035681081795396,false,0.00001377188721768687
SEG_11_211_212_BA,600,45.6257929035426,0.0,0.0,39.44221147320955,6.157248581128347,48.35326485250826,1.0042767234191938,0.056407193129259264,false,0.0
SEG_11_211_212_BA,630,43.58681800923764,0.0,0.0,39.44221147320955,6.157248581128347,48.35326485250826,0.6731263942682288,0.0985754913925604,false,0.0
SEG_11_211_212_BA,700,41.90962666454371,0.0,0.0,39.44221147320955,6.157248581128347,48.35326485250826,0.4007334053227384,0.13326169820423817,false,0.0
SEG_11_211_212_BA,730,38.187342338536055,0.01728201099764336,0.004713275726630008,39.44221147320955,6.157248581128347,48.35326485250826,-0.2038035525347476,0.21024273221221507,false,0.0036334172102660887
SEG_11_211_212_BA,800,36.468902748330486,0.03241013553329405,0.007071302298173247,39.44221147320955,6.157248581128347,48.35326485250826,-0.4828956774608874,0.24578199921822425,false,0.00796582790630662
SEG_11_211_212_BA,830,35.4497610115506,0.043512658227848104,0.007911392405063292,39.44221147320955,6.157248581128347,48.35326485250826,-0.6484146951441272,0.2668589986698346,false,0.011611744404146284
SEG_11_211_212_BA,900,35.89983990576941,0.03852993479549496,0.004742145820983995,39.44221147320955,6.157248581128347,48.35326485250826,-0.5753172899819772,0.2575508600034656,false,0.009923417842457182
SEG_11_211_212_BA,930,34.63757733706045,0.04012588512981904,0.0007867820613690008,39.44221147320955,6.157248581128347,48.35326485250826,-0.7803216116489199,0.28365587219983407,false,0.011381942944289172
SEG_11_211_212_BA,1000,34.37362223201018,0.045828437132784956,0.0023501762632197414,39.44221147320955,6.157248581128347,48.35326485250826,-0.8231906141867223,0.2891147611881043,false,0.013249677657269174
SEG_11_211_212_BA,1030,34.76217357764914,0.0358191426893717,0.0011743981209630064,39.44221147320955,6.157248581128347,48.35326485250826,-0.7600859107596338,0.28107908155356126,false,0.010068011729164555
SEG_11_211_212_BA,1100,34.92787147884022,0.02283653846153846,0.0,39.44221147320955,6.157248581128347,48.35326485250826,-0.7331748807747589,0.27765226225404754,false,0.00634061656589772
SEG_11_211_212_BA,1130,34.79278768052527,0.024749558043606363,0.0005892751915144372,39.44221147320955,6.157248581128347,48.35326485250826,-0.7551138680569957,0.2804459474111303,false,0.006940913253545947
SEG_11_211_212_BA,1200,35.46673846409416,0.020202020202020204,0.0017825311942959,39.44221147320955,6.157248581128347,48.35326485250826,-0.6456573836079974,0.266507885821605,false,0.005383997693365758
SEG_11_211_212_BA,1230,36.11110637109084,0.00997067448680352,0.0,39.44221147320955,6.157248581128347,48.35326485250826,-0.5410054601869368,0.25318163145259415,false,0.002524391633251672
SEG_11_211_212_BA,1300,35.98898717519083,0.006432748538011696,0.0,39.44221147320955,6.157248581128347,48.35326485250826,-0.5608388637422685,0.25570719402365344,false,0.0016449000785147298
SEG_11_211_212_BA,1330,34.67284209659474,0.01884570082449941,0.001177856301531213,39.44221147320955,6.157248581128347,48.35326485250826,-0.7745942548482903,0.2829265572375071,false,0.0053319492530036665
SEG_11_211_212_BA,1400,34.42400654865629,0.02702702702702703,0.0005875440658049354,39.44221147320955,6.157248581128347,48.35326485250826,-0.815007687026605,0.28807275674849103,false,0.00778575018239165
SEG_11_211_212_BA,1430,33.80360395802989,0.028438769587928032,0.0,39.44221147320955,6.157248581128347,48.35326485250826,-0.9157673985198035,0.30090338137164335,false,0.008557321931056601
SEG_11_211_212_BA,1500,33.970130917644966,0.027734375,0.0,39.44221147320955,6.157248581128347,48.35326485250826,-0.8887217209869078,0.2974594162097658,false,0.008249850996442723
SEG_11_211_212_BA,1530,33.44954404905872,0.03976377952755906,0.0003937007874015748,39.44221147320955,6.157248581128347,48.35326485250826,-0.9732703406710009,0.30822573923209295,false,0.012256220339543855
SEG_11_211_212_BA,1600,33.09294391705795,0.0579538734476641,0.002365464222353637,39.44221147320955,6.157248581128347,48.35326485250826,-1.0311858409634096,0.3156006317670336,true,0.018290279073429505
SEG_11_211_212_BA,1630,32.37880198868871,0.0728424386381631,0.00870942201108472,39.44221147320955,6.157248581128347,48.35326485250826,-1.1471697774505694,0.3303698915170751,true,0.024064948550729142
SEG_11_211_212_BA,1700,30.582000662885573,0.09467455621301775,0.014201183431952662,39.44221147320955,6.157248581128347,48.35326485250826,-1.4389886478645784,0.3675297675106385,true,0.03479571763414329
SEG_11_211_212_BA,1730,30.05963445865269,0.12806324110671938,0.02766798418972332,39.44221147320955,6.157248581128347,48.35326485250826,-1.5238262498145645,0.3783328891990344,true,0.04845053600809769
SEG_11_211_212_BA,1800,29.18558508575056,0.1568862275449102,0.06107784431137724,39.44221147320955,6.157248581128347,48.35326485250826,-1.6657807870377401,0.3964092150804043,true,0.06219114631800355
SEG_11_211_212_BA,1830,29.997144234778453,0.14431372549019608,0.06352941176470588,39.44221147320955,6.157248581128347,48.35326485250826,-1.5339752998408644,0.3796252574406588,true,0.05478513519143625
SEG_11_211_212_BA,1900,33.506981429705604,0.061619718309859156,0.007042253521126761,39.44221147320955,6.157248581128347,48.35326485250826,-0.9639419239455622,0.3070378694817859,false,0.01891958702792695
SEG_11_211_212_BA,1930,37.89533010723202,0.00954653937947494,0.0007955449482895784,39.44221147320955,6.157248581128347,48.35326485250826,-0.25122931867955417,0.21628187418524955,false,0.0020647434289761293
SEG_11_211_212_BA,2000,39.27223951466487,0.001195457262402869,0.0,39.44221147320955,6.157248581128347,48.35326485250826,-0.027605180512872907,0.18780583618382754,false,0.00022451385078760014
SEG_11_211_212_BA,2030,39.95656158013337,0.0005995203836930455,0.0,39.44221147320955,6.157248581128347,48.35326485250826,0.08353570594831562,0.1736532847986029,false,0.00010410868393201612
SEG_11_211_212_BA,2100,40.008993379690544,0.0,0.0,39.44221147320955,6.157248581128347,48.35326485250826,0.0920511652263245,0.17256893610535315,false,0.0
SEG_11_211_212_BA,2130,41.57827137010811,0.0011904761904761906,0.0,39.44221147320955,6.157248581128347,48.35326485250826,0.34691792425686374,0.1401144990532879,false,0.000166802975063438
SEG_11_211_212_BA,2200,42.2139790201652,0.0,0.0,39.44221147320955,6.157248581128347,48.35326485250826,0.45016333357905625,0.1269673485558772,false,0.0
SEG_11_211_212_BA,2230,43.73217741317005,0.0,0.0,39.44221147320955,6.157248581128347,48.35326485250826,0.6967342447581262,0.09556929513309789,false,0.0
SEG_11_211_212_BA,2300,44.64182955165926,0.0,0.0,39.44221147320955,6.157248581128347,48.35326485250826,0.8444710344140196,0.07675666394337545,false,0.0
SEG_11_211_212_BA,2330,45.68487623948913,0.0005963029218843172,0.0,39.44221147320955,6.157248581128347,48.35326485250826,1.0138724600811198,0.05518528316874788,false,0.00003290714559853779
SEG_12_212_213_AB,0,42.037688773644675,0.0,0.0,36.2743480103557,4.855894655493972,43.9407045021398,1.1868751635228152,0.043308721379341,false,0.0
SEG_12_212_213_AB,30,42.06154796563934,0.0,0.0,36.2743480103557,4.855894655493972,43.9407045021398,1.1917886127813722,0.042765735274202306,false,0.0
SEG_12_212_213_AB,100,42.064998786810115,0.0,0.0,36.2743480103557,4.855894655493972,43.9407045021398,1.1924992585872627,0.04268720168649879,false,0.0
SEG_12_212_213_AB,130,42.28836531703964,0.0,0.0,36.2743480103557,4.855894655493972,43.9407045021398,1.2384983063583688,0.03760383916966319,false,0.0
SEG_12_212_213_AB,200,42.879547088422335,0.0,0.0,36.2743480103557,4.855894655493972,43.9407045021398,1.3602434868708475,0.024149758765606304,false,0.0
SEG_12_212_213_AB,230,42.92420159201466,0.0,0.0,36.2743480103557,4.855894655493972,43.9407045021398,1.369439424336625,0.023133514167385266,false,0.0
SEG_12_212_213_AB,300,43.104883469333245,0.0,0.0,36.2743480103557,4.855894655493972,43.9407045021398,1.4066481963832262,0.019021566501416797,false,0.0
SEG_12_212_213_AB,330,43.730541846171754,0.0,0.0,36.2743480103557,4.855894655493972,43.9407045021398,1.5354933261124382,0.004782869513569449,false,0.0
SEG_12_212_213_AB,400,43.492837121346945,0.0,0.0,36.2743480103557,4.855894655493972,43.9407045021398,1.4865415382980405,0.01019253982992119,false,0.0
SEG_12_212_213_AB,430,43.9407045021398,0.0,0.0,36.2743480103557,4.855894655493972,43.9407045021398,1.578773230409841,0.0,false,0.0
SEG_12_212_213_AB,500,43.58817282001352,0.0,0.0,36.2743480103557,4.855894655493972,43.9407045021398,1.5061745215957136,0.008022895538898699,false,0.0
SEG_12_212_213_AB,530,42.254059674578286,0.0,0.0,36.2743480103557,4.855894655493972,43.9407045021398,1.2314335644528702,0.03838456498755909,false,0.0
SEG_12_212_213_AB,600,40.79624940557574,0.0,0.0,36.2743480103557,4.855894655493972,43.9407045021398,0.9312190061833302,0.07156132638726655,false,0.0
SEG_12_212_213_AB,630,39.26542820410114,0.0,0.0,36.2743480103557,4.855894655493972,43.9407045021398,0.6159689214759475,0.10639966634606385,false,0.0
SEG_12_212_213_AB,700,36.850107922614576,0.0,0.0,36.2743480103557,4.855894655493972,43.9407045021398,0.11856927571677406,0.16136738497626799,false,0.0
SEG_12_212_213_AB,730,30.4156907357895,0.014139827179890024,0.0007855459544383347,36.2743480103557,4.855894655493972,43.9407045021398,-1.206504195460192,0.30780147745905323,true,0.004352259696985827
SEG_12_212_213_AB,800,25.66395170234835,0.13317619328226282,0.02121390689451974,36.2743480103557,4.855894655493972,43.9407045021398,-2.185054878816764,0.4159412782947397,true,0.05539347607225172
SEG_12_212_213_AB,830,27.56625687335108,0.0759493670886076,0.0189873417721519,36.2743480103557,4.855894655493972,43.9407045021398,-1.7933031407821554,0.3726487277415256,true,0.028302435018343716
SEG_12_212_213_AB,900,32.63015819895988,0.007705986959098993,0.004742145820983995,36.2743480103557,4.855894655493972,43.9407045021398,-0.7504672300237759,0.2574047555980611,false,0.0019835576898487224
SEG_12_212_213_AB,930,34.10060850983982,0.003933910306845004,0.003147128245476003,36.2743480103557,4.855894655493972,43.9407045021398,-0.4476496412574569,0.22394033285972442,false,0.0008809611835551708
SEG_12_212_213_AB,1000,34.5951763999531,0.002937720329024677,0.0011750881316098707,36.2743480103557,4.855894655493972,43.9407045021398,-0.34580066692813977,0.21268498555210014,false,0.0006248090057347243
SEG_12_212_213_AB,1030,35.034814075819384,0.0,0.0,36.2743480103557,4.855894655493972,43.9407045021398,-0.2552637613614427,0.20267973686873236,false,0.0
SEG_12_212_213_AB,1100,34.91506117414105,0.0,0.0,36.2743480103557,4.855894655493972,43.9407045021398,-0.2799251080697868,0.20540506644719872,false,0.0
SEG_12_212_213_AB,1130,33.95572052098835,0.0,0.0,36.2743480103557,4.855894655493972,43.9407045021398,-0.4774871890484795,0.22723768529166863,false,0.0
SEG_12_212_213_AB,1200,33.61066964550729,0.0,0.0,36.2743480103557,4.855894655493972,43.9407045021398,-0.5485453358908261,0.23509033306758798,false,0.0
SEG_12_212_213_AB,1230,33.28822342367439,0.0005865102639296188,0.0,36.2743480103557,4.855894655493972,43.9407045021398,-0.6149483871736806,0.24242854544916695,false,0.0001421868301754645
SEG_12_212_213_AB,1300,33.30756322044426,0.0017543859649122807,0.0,36.2743480103557,4.855894655493972,43.9407045021398,-0.6109656408124124,0.24198841147796654,false,0.00042454107276836237
SEG_12_212_213_AB,1330,33.150090862110524,0.0017667844522968198,0.0,36.2743480103557,4.855894655493972,43.9407045021398,-0.6433947541902263,0.2455721582594062,false,0.00043387307112969294
SEG_12_212_213_AB,1400,33.27121242825056,0.0,0.0,36.2743480103557,4.855894655493972,43.9407045021398,-0.6184515511899314,0.2428156806946431,false,0.0
SEG_12_212_213_AB,1430,33.37255539856931,0.0005803830528148578,0.0,36.2743480103557,4.855894655493972,43.9407045021398,-0.5975814587541134,0.2405093232643971,false,0.0001395875352666263
SEG_12_212_213_AB,1500,33.12100703323803,0.00078125,0.0,36.2743480103557,4.855894655493972,43.9407045021398,-0.6493841404796485,0.24623404634704663,false,0.0001923703487086302
SEG_12_212_213_AB,1530,33.14949489939869,0.0011811023622047244,0.0,36.2743480103557,4.855894655493972,43.9407045021398,-0.6435174839350243,0.24558572114417526,false,0.00029006187536713613
SEG_12_212_213_AB,1600,33.12766603340042,0.002365464222353637,0.0,36.2743480103557,4.855894655493972,43.9407045021398,-0.6480128174516954,0.24608250120825464,false,0.0005820993523554221
SEG_12_212_213_AB,1630,32.33090203901755,0.000791765637371338,0.0,36.2743480103557,4.855894655493972,43.9407045021398,-0.8120946295398984,0.26421520989853226,false,0.00020919652406851326
SEG_12_212_213_AB,1700,30.437919505964345,0.0017751479289940828,0.0,36.2743480103557,4.855894655493972,43.9407045021398,-1.2019265075670467,0.30729559639895865,true,0.000545495141536613
SEG_12_212_213_AB,1730,30.31927970370198,0.003952569169960474,0.0,36.2743480103557,4.855894655493972,43.9407045021398,-1.2263586278413479,0.30999559412559013,true,0.0012252790281643878
SEG_12_212_213_AB,1800,30.149520947678436,0.0029940119760479044,0.0,36.2743480103557,4.855894655493972,43.9407045021398,-1.2613179439030087,0.3138589540317855,true,0.0009396974671610344
SEG_12_212_213_AB,1830,30.637760087043535,0.00392156862745098,0.0,36.2743480103557,4.855894655493972,43.9407045021398,-1.160772282597794,0.30274763606597266,true,0.0011872456316312653
SEG_12_212_213_AB,1900,32.16993780217459,0.0005868544600938967,0.0,36.2743480103557,4.855894655493972,43.9407045021398,-0.8452428438778782,0.26787842464819855,false,0.00015720564826772216
SEG_12_212_213_AB,1930,34.670836522928944,0.0,0.0,36.2743480103557,4.855894655493972,43.9407045021398,-0.330219578716054,0.21096311686944935,false,0.0
SEG_12_212_213_AB,2000,35.36934973848907,0.0005977286312014345,0.0,36.2743480103557,4.855894655493972,43.9407045021398,-0.18637106775838186,0.19506639369501524,false,0.00011659676849672159
SEG_12_212_213_AB,2030,35.91937303319376,0.0,0.0,36.2743480103557,4.855894655493972,43.9407045021398,-0.07310186944857318,0.1825489955117908,false,0.0
SEG_12_212_213_AB,2100,35.43447100915022,0.0,0.0,36.2743480103557,4.855894655493972,43.9407045021398,-0.17296030099319404,0.19358436760100983,false,0.0
SEG_12_212_213_AB,2130,36.886622438279176,0.0,0.0,36.2743480103557,4.855894655493972,43.9407045021398,0.12608890253225424,0.16053638975035348,false,0.0
SEG_12_212_213_AB,2200,37.804987469965496,0.0,0.0,36.2743480103557,4.855894655493972,43.9407045021398,0.3152126576465214,0.13963629171843414,false,0.0
SEG_12_212_213_AB,2230,38.91893836290828,0.0,0.0,36.2743480103557,4.855894655493972,43.9407045021398,0.5446144408343949,0.11428506202004513,false,0.0
SEG_12_212_213_AB,2300,39.69893404296047,0.0,0.0,36.2743480103557,4.855894655493972,43.9407045021398,0.7052430655039394,0.09653396565302615,false,0.0
SEG_12_212_213_AB,2330,40.86461616838819,0.0,0.0,36.2743480103557,4.855894655493972,43.9407045021398,0.9452981342663694,0.07000543957145283,false,0.0
SEG_12_212_213_BA,0,38.50281362341484,0.0007974481658692185,0.0,32.93126447091553,5.751958665862698,41.44181612216211,0.9686351165153354,0.07091876693057286,false,0.000056554040614491914
SEG_12_212_213_BA,30,40.570046583564846,0.0,0.0,32.93126447091553,5.751958665862698,41.44181612216211,1.3280314683039582,0.02103598780583029,false,0.0
SEG_12_212_213_BA,100,40.858001967805805,0.0,0.0,32.93126447091553,5.751958665862698,41.44181612216211,1.3780936125175365,0.014087562008270528,false,0.0
SEG_12_212_213_BA,130,41.002729912929084,0.0,0.0,32.93126447091553,5.751958665862698,41.44181612216211,1.403255118976584,0.010595245342016085,false,0.0
SEG_12_212_213_BA,200,41.084405117633366,0.0012307692307692308,0.0,32.93126447091553,5.751958665862698,41.44181612216211,1.4174546655047984,0.008624404960322374,false,0.000010614652258858307
SEG_12_212_213_BA,230,41.412432645850515,0.002430133657351154,0.0,32.93126447091553,5.751958665862698,41.44181612216211,1.4744835051179825,0.0007090296483382225,false,1.7230368124865675e-6
SEG_12_212_213_BA,300,41.353891434504284,0.0006002400960384153,0.0,32.93126447091553,5.751958665862698,41.44181612216211,1.4643058917610459,0.0021216417591024676,false,1.2734944532427775e-6
SEG_12_212_213_BA,330,41.44181612216211,0.0006035003017501509,0.0,32.93126447091553,5.751958665862698,41.44181612216211,1.4795919347883801,0.0,false,0.0
SEG_12_212_213_BA,400,41.16217946322586,0.0,0.0,32.93126447091553,5.751958665862698,41.44181612216211,1.4309760327660197,0.006747693153985708,false,0.0
SEG_12_212_213_BA,430,41.202929848792365,0.0,0.0,32.93126447091553,5.751958665862698,41.44181612216211,1.4380606430585716,0.005764377523068852,false,0.0
SEG_12_212_213_BA,500,40.70295297203923,0.0,0.0,32.93126447091553,5.751958665862698,41.44181612216211,1.35113775195359,0.01782892786225541,false,0.0
SEG_12_212_213_BA,530,40.08309759575278,0.0,0.0,32.93126447091553,5.751958665862698,41.44181612216211,1.2433735254883993,0.03278617236281582,false,0.0
SEG_12_212_213_BA,600,39.84578338588924,0.0,0.0,32.93126447091553,5.751958665862698,41.44181612216211,1.2021155430081047,0.038512615652945455,false,0.0
SEG_12_212_213_BA,630,38.79803567426286,0.0,0.0,32.93126447091553,5.751958665862698,41.44181612216211,1.0199605984942202,0.06379499489370627,false,0.0
SEG_12_212_213_BA,700,37.16299536771481,0.0005889281507656066,0.0,32.93126447091553,5.751958665862698,41.44181612216211,0.73570259152142,0.10324887166706696,false,0.00006080616705952118
SEG_12_212_213_BA,730,31.54134646229565,0.009426551453260016,0.0,32.93126447091553,5.751958665862698,41.44181612216211,-0.24164255853730393,0.23890047749552948,false,0.0022520076433199952
SEG_12_212_213_BA,800,28.795618567111283,0.08780200353565115,0.012374779021803181,32.93126447091553,5.751958665862698,41.44181612216211,-0.7189978482197538,0.30515548637570294,false,0.026793263093682816
SEG_12_212_213_BA,830,27.3084144105241,0.16455696202531644,0.04588607594936709,32.93126447091553,5.751958665862698,41.44181612216211,-0.9775539754418757,0.34104204482679024,false,0.056120842819598386
SEG_12_212_213_BA,900,28.542850579676216,0.06342620035566093,0.01007705986959099,32.93126447091553,5.751958665862698,41.44181612216211,-0.7629425290004451,0.3112548326661734,false,0.01974171137835243
SEG_12_212_213_BA,930,28.78211262080826,0.011801730920535013,0.0,32.93126447091553,5.751958665862698,41.44181612216211,-0.7213459086088487,0.3054813877856028,false,0.0036052091398772954
SEG_12_212_213_BA,1000,28.74830500521656,0.009400705052878966,0.0011750881316098707,32.93126447091553,5.751958665862698,41.44181612216211,-0.7272234918036555,0.30629717287311053,false,0.002879409380710792
SEG_12_212_213_BA,1030,29.242401568768013,0.004697592483852026,0.0,32.93126447091553,5.751958665862698,41.44181612216211,-0.6413229156253416,0.29437451576525225,false,0.0013828515126964285
SEG_12_212_213_BA,1100,29.155414693424692,0.01141826923076923,0.0,32.93126447091553,5.751958665862698,41.44181612216211,-0.6564459163971621,0.2964735279100603,false,0.0033852145614730444
SEG_12_212_213_BA,1130,28.851583433853378,0.01060695344725987,0.0,32.93126447091553,5.751958665862698,41.44181612216211,-0.7092681422199105,0.3038050420183147,false,0.003222445937731093
SEG_12_212_213_BA,1200,29.102628060790334,0.0112893642305407,0.0,32.93126447091553,5.751958665862698,41.44181612216211,-0.6656230742490851,0.29774728078997165,false,0.0033613775014910644
SEG_12_212_213_BA,1230,29.394351220659406,0.007624633431085044,0.0,32.93126447091553,5.751958665862698,41.44181612216211,-0.6149058878408413,0.290707937750344,false,0.0022165414608530626
SEG_12_212_213_BA,1300,29.30968364125121,0.008187134502923977,0.0,32.93126447091553,5.751958665862698,41.44181612216211,-0.6296256701492037,0.29275098478184025,false,0.0023967916882723767
SEG_12_212_213_BA,1330,28.62530178014269,0.012956419316843345,0.0,32.93126447091553,5.751958665862698,41.44181612216211,-0.7486080726428548,0.3092652673386447,false,0.0040069704837751375
SEG_12_212_213_BA,1400,28.57302028451307,0.01645123384253819,0.0,32.93126447091553,5.751958665862698,41.44181612216211,-0.7576974104956984,0.3105268311532107,false,0.005108549513683843
SEG_12_212_213_BA,1430,28.160068670360662,0.02379570516540917,0.0005803830528148578,32.93126447091553,5.751958665862698,41.44181612216211,-0.8294906270574298,0.32049144305475263,false,0.007626319886967416
SEG_12_212_213_BA,1500,27.693865614206867,0.03203125,0.000390625,32.93126447091553,5.751958665862698,41.44181612216211,-0.9105418103562013,0.3317410237869175,false,0.0106260796681747
SEG_12_212_213_BA,1530,27.35229040812716,0.0547244094488189,0.0,32.93126447091553,5.751958665862698,41.44181612216211,-0.9699259655496177,0.3399833075003728,false,0.018605385725414102
SEG_12_212_213_BA,1600,26.859379162753182,0.07865168539325842,0.0,32.93126447091553,5.751958665862698,41.44181612216211,-1.0556204696320892,0.35187736262384944,true,0.027675747622100517
SEG_12_212_213_BA,1630,25.873952062059953,0.16547901821060965,0.0,32.93126447091553,5.751958665862698,41.44181612216211,-1.2269407377247028,0.3756559320231342,true,0.062163174816179764
SEG_12_212_213_BA,1700,25.383427115238508,0.20236686390532543,0.000591715976331361,32.93126447091553,5.751958665862698,41.44181612216211,-1.3122203746825727,0.38749240524562706,true,0.07841562283668903
SEG_12_212_213_BA,1730,24.513554531907893,0.2964426877470356,0.011857707509881422,32.93126447091553,5.751958665862698,41.44181612216211,-1.4634510482430805,0.40848261910996175,true,0.12109168550690566
SEG_12_212_213_BA,1800,24.14193557909026,0.3215568862275449,0.015568862275449102,32.93126447091553,5.751958665862698,41.44181612216211,-1.5280584236442905,0.41744986494016806,true,0.1342338787262696
SEG_12_212_213_BA,1830,25.250836674220135,0.2415686274509804,0.00392156862745098,32.93126447091553,5.751958665862698,41.44181612216211,-1.335271729659319,0.3906918413086491,true,0.09437889186122661
SEG_12_212_213_BA,1900,28.644048284639613,0.06279342723004695,0.0005868544600938967,32.93126447091553,5.751958665862698,41.44181612216211,-0.7453489211805567,0.30881291012433576,false,0.019391420999591506
SEG_12_212_213_BA,1930,32.48325990753077,0.00477326968973747,0.0,32.93126447091553,5.751958665862698,41.44181612216211,-0.07788730577005346,0.2161719020282152,false,0.0010318467877241777
SEG_12_212_213_BA,2000,33.25717937733843,0.002390914524805738,0.0,32.93126447091553,5.751958665862698,41.44181612216211,0.05666155223909633,0.19749705757819638,false,0.0004721985835701049
SEG_12_212_213_BA,2030,33.598947684508936,0.0005995203836930455,0.0,32.93126447091553,5.751958665862698,41.44181612216211,0.11607927879524581,0.1892501142935913,false,0.00011345930113524657
SEG_12_212_213_BA,2100,32.68597536833117,0.004759071980963712,0.0,32.93126447091553,5.751958665862698,41.44181612216211,-0.042644448062557336,0.21128033404763166,false,0.0010054983178947373
SEG_12_212_213_BA,2130,33.06041048731903,0.0005952380952380953,0.0,32.93126447091553,5.751958665862698,41.44181612216211,0.022452528591690293,0.20224513351771034,false,0.00012038400804625617
SEG_12_212_213_BA,2200,33.286497212876824,0.0017857142857142857,0.0,32.93126447091553,5.751958665862698,41.44181612216211,0.06175857001017166,0.19678961185593438,false,0.00035141002117131137
SEG_12_212_213_BA,2230,34.192121654187304,0.0011792452830188679,0.0,32.93126447091553,5.751958665862698,41.44181612216211,0.21920484073622365,0.17493669791411096,false,0.00020629327584211198
SEG_12_212_213_BA,2300,35.598207628921756,0.0005899705014749262,0.0,32.93126447091553,5.751958665862698,41.44181612216211,0.4636582619820042,0.14100753876264918,false,0.00008319028835554523
SEG_12_212_213_BA,2330,37.50759313574995,0.0005963029218843172,0.0,32.93126447091553,5.751958665862698,41.44181612216211,0.7956122306640476,0.09493365287889083,false,0.000056609214596834124
SEG_13_213_214_AB,0,38.60484875017241,0.0043859649122807015,0.0,27.6514715620917,5.9849041464055714,41.574712933404705,1.8301675215064412,0.07143438820586664,false,0.00031330872020116947
SEG_13_213_214_AB,30,34.04109339879864,0.00975800156128025,0.0,27.6514715620917,5.9849041464055714,41.574712933404705,1.0676230864189247,0.1812067721711894,false,0.001768215965761021
SEG_13_213_214_AB,100,33.52476956946373,0.004206730769230769,0.0,27.6514715620917,5.9849041464055714,41.574712933404705,0.9813520590633733,0.19362595183364353,false,0.0008145322493001831
SEG_13_213_214_AB,130,33.8455117440634,0.004801920768307323,0.0,27.6514715620917,5.9849041464055714,41.574712933404705,1.0349439239877773,0.1859111138475474,false,0.000892730438643685
SEG_13_213_214_AB,200,34.026170089528556,0.0073846153846153844,0.0006153846153846154,27.6514715620917,5.9849041464055714,41.574712933404705,1.0651295946427792,0.18156572376019942,false,0.0013407930369983957
SEG_13_213_214_AB,230,33.97146522225946,0.007290400972053463,0.0,27.6514715620917,5.9849041464055714,41.574712933404705,1.0559891195523052,0.18288154444564161,false,0.0013332797893971442
SEG_13_213_214_AB,300,33.617366290195015,0.006002400960384154,0.0,27.6514715620917,5.9849041464055714,41.574712933404705,0.9968237723049127,0.1913987152708894,false,0.0011488518323582797
SEG_13_213_214_AB,330,33.57625469876478,0.005431502715751358,0.0006035003017501509,27.6514715620917,5.9849041464055714,41.574712933404705,0.9899545576233495,0.1923875757711673,false,0.0010449536402779153
SEG_13_213_214_AB,400,33.56735856514074,0.004799040191961607,0.0,27.6514715620917,5.9849041464055714,41.574712933404705,0.9884681288675299,0.1926015552071358,false,0.000924302604473357
SEG_13_213_214_AB,430,33.1911575211744,0.007113218731475993,0.0011855364552459987,27.6514715620917,5.9849041464055714,41.574712933404705,0.9256098048637479,0.20165034995333034,false,0.0014343830464967184
SEG_13_213_214_AB,500,32.76235090150382,0.008824709185720016,0.0,27.6514715620917,5.9849041464055714,41.574712933404705,0.8539617702117462,0.21196447095177107,false,0.0018705248138543775
SEG_13_213_214_AB,530,31.956617663519303,0.007861635220125786,0.0,27.6514715620917,5.9849041464055714,41.574712933404705,0.7193341774760417,0.2313448389960474,false,0.0018187487342456556
SEG_13_213_214_AB,600,28.096164342540995,0.004142011834319527,0.0,27.6514715620917,5.9849041464055714,41.574712933404705,0.0743024064497957,0.3242006412035592,false,0.001342842892559121
SEG_13_213_214_AB,630,26.548819374007326,0.015748031496062992,0.0,27.6514715620917,5.9849041464055714,41.574712933404705,-0.1842389052707899,0.36141905738390034,false,0.0056916386989590605
SEG_13_213_214_AB,700,24.382097002794055,0.08892815076560659,0.001177856301531213,27.6514715620917,5.9849041464055714,41.574712933404705,-0.5462701622817425,0.413535409328025,false,0.03677493922763944
SEG_13_213_214_AB,730,18.572894601900572,0.7211311861743912,0.17517674783974863,27.6514715620917,5.9849041464055714,41.574712933404705,-1.516912675308854,0.5532646339218014,true,0.3989763817283689
SEG_13_213_214_AB,800,17.275422097000245,0.7872716558632882,0.46906305244549207,27.6514715620917,5.9849041464055714,41.574712933404705,-1.733703533301052,0.5844728471204985,true,0.46013890615968533
SEG_13_213_214_AB,830,17.852872488843072,0.7626582278481012,0.30537974683544306,27.6514715620917,5.9849041464055714,41.574712933404705,-1.6372190487183482,0.5705833852072485,true,0.4351601134017306
SEG_13_213_214_AB,900,20.864999041922687,0.4908120924718435,0.04979253112033195,27.6514715620917,5.9849041464055714,41.574712933404705,-1.1339316978442922,0.49813245673290146,true,0.2444894334172154
SEG_13_213_214_AB,930,21.693280245220805,0.36113296616837137,0.015735641227380016,27.6514715620917,5.9849041464055714,41.574712933404705,-0.9955366320192914,0.47820974061878474,false,0.17269730208026923
SEG_13_213_214_AB,1000,24.717283177130877,0.10634547591069331,0.010575793184488837,27.6514715620917,5.9849041464055714,41.574712933404705,-0.49026489199882095,0.40547314862465633,false,0.04312023495949636
SEG_13_213_214_AB,1030,25.448384202067192,0.03405754550792719,0.0005871990604815032,27.6514715620917,5.9849041464055714,41.574712933404705,-0.3681073758462186,0.3878879153578047,false,0.013210510329273444
SEG_13_213_214_AB,1100,25.599041998312714,0.024639423076923076,0.0006009615384615385,27.6514715620917,5.9849041464055714,41.574712933404705,-0.3429344085672014,0.38426413095580897,false,0.00946804649590635
SEG_13_213_214_AB,1130,26.292845364860415,0.008249852681202121,0.0,27.6514715620917,5.9849041464055714,41.574712933404705,-0.22700884826154683,0.3675760213431449,false,0.0030324480252233517
SEG_13_213_214_AB,1200,26.95142556080413,0.0053475935828877,0.0011883541295306002,27.6514715620917,5.9849041464055714,41.574712933404705,-0.11696862375114339,0.3517351375588445,false,0.0018809365644857994
SEG_13_213_214_AB,1230,26.480679592376067,0.011730205278592375,0.0005865102639296188,27.6514715620917,5.9849041464055714,41.574712933404705,-0.19562418061762787,0.36305802917284347,false,0.004258745210238633
SEG_13_213_214_AB,1300,25.484247956816773,0.030994152046783626,0.0,27.6514715620917,5.9849041464055714,41.574712933404705,-0.36211500673348684,0.3870252815061404,false,0.011995520420950551
SEG_13_213_214_AB,1330,24.078332543281935,0.08244994110718493,0.0,27.6514715620917,5.9849041464055714,41.574712933404705,-0.5970252708150272,0.42084188093249997,false,0.03469838829832155
SEG_13_213_214_AB,1400,24.344742099566986,0.06933019976498238,0.0017626321974148062,27.6514715620917,5.9849041464055714,41.574712933404705,-0.5525116830000825,0.41443390989703444,false,0.028732785762544105
SEG_13_213_214_AB,1430,24.208493926717882,0.0713871154962275,0.0017411491584445734,27.6514715620917,5.9849041464055714,41.574712933404705,-0.575276988762069,0.41771109843871723,false,0.029819190428300762
SEG_13_213_214_AB,1500,24.17415497950707,0.08671875,0.002734375,27.6514715620917,5.9849041464055714,41.574712933404705,-0.5810145822758158,0.41853705596885865,false,0.03629501032229946
SEG_13_213_214_AB,1530,23.75676772814752,0.11692913385826771,0.0027559055118110236,27.6514715620917,5.9849041464055714,41.574712933404705,-0.6507545883225668,0.4285765059592441,false,0.05011307963381713
SEG_13_213_214_AB,1600,23.87935009081736,0.10644589000591366,0.0,27.6514715620917,5.9849041464055714,41.574712933404705,-0.6302726625187154,0.4256280222771993,false,0.04530635364275333
SEG_13_213_214_AB,1630,22.7311709506603,0.21456848772763262,0.003167062549485352,27.6514715620917,5.9849041464055714,41.574712933404705,-0.8221185320714697,0.45324526985738683,false,0.09725215212300224
SEG_13_213_214_AB,1700,22.128244733080425,0.27928994082840236,0.007692307692307693,27.6514715620917,5.9849041464055714,41.574712933404705,-0.9228596973150235,0.4677475039087837,false,0.1306371726893171
SEG_13_213_214_AB,1730,21.547210184780383,0.3312252964426877,0.019762845849802372,27.6514715620917,5.9849041464055714,41.574712933404705,-1.0199430480398637,0.48172317583298335,true,0.15955890171859288
SEG_13_213_214_AB,1800,21.529232567065254,0.31077844311377245,0.03832335329341317,27.6514715620917,5.9849041464055714,41.574712933404705,-1.0229468752149282,0.48215559295499516,true,0.1498435645171512
SEG_13_213_214_AB,1830,22.112657041810504,0.23215686274509803,0.02823529411764706,27.6514715620917,5.9849041464055714,41.574712933404705,-0.9254641987219981,0.4681224359328458,false,0.10867783610676263
SEG_13_213_214_AB,1900,23.365872952991086,0.11384976525821597,0.0029342723004694834,27.6514715620917,5.9849041464055714,41.574712933404705,-0.7160680445775341,0.4379787302339511,false,0.049863775625226835
SEG_13_213_214_AB,1930,23.84018446354484,0.07398568019093078,0.0007955449482895784,27.6514715620917,5.9849041464055714,41.574712933404705,-0.6368167317827224,0.4265700763410543,false,0.03156007724719018
SEG_13_213_214_AB,2000,24.28844078982791,0.06335923490735207,0.0005977286312014345,27.6514715620917,5.9849041464055714,41.574712933404705,-0.5619189029591339,0.41578812994490977,false,0.026344017796868166
SEG_13_213_214_AB,2030,25.151306874842145,0.04016786570743405,0.0,27.6514715620917,5.9849041464055714,41.574712933404705,-0.4177451511485125,0.39503354081770653,false,0.015867654217497803
SEG_13_213_214_AB,2100,27.79317390795357,0.021415823914336704,0.0,27.6514715620917,5.9849041464055714,41.574712933404705,0.023676627460604078,0.3314884951226653,false,0.007099099241175462
SEG_13_213_214_AB,2130,32.6641946681991,0.0011904761904761906,0.0,27.6514715620917,5.9849041464055714,41.574712933404705,0.8375611343947681,0.2143254309291003,false,0.00025514932253464323
SEG_13_213_214_AB,2200,34.61027209834451,0.0005952380952380953,0.0,27.6514715620917,5.9849041464055714,41.574712933404705,1.162725478307308,0.16751626995515256,false,0.00009971206544949558
SEG_13_213_214_AB,2230,37.359812109365166,0.00294811320754717,0.0,27.6514715620917,5.9849041464055714,41.574712933404705,1.6221380175493914,0.10138135723970146,false,0.00029888371827742176
SEG_13_213_214_AB,2300,39.18688587531077,0.0011799410029498525,0.0,27.6514715620917,5.9849041464055714,41.574712933404705,1.9274183898412207,0.05743460121826475,false,0.00006776944096550412
SEG_13_213_214_AB,2330,41.574712933404705,0.0035778175313059034,0.0,27.6514715620917,5.9849041464055714,41.574712933404705,2.3263933775238588,0.0,false,0.0
SEG_13_213_214_BA,0,40.64967713240541,0.0007974481658692185,0.0007974481658692185,35.74609709174672,4.278802004179197,42.06333886800786,1.1460170477318785,0.03360792969950473,false,0.00002680058189753168
SEG_13_213_214_BA,30,40.27681396869089,0.00117096018735363,0.00039032006245121,35.74609709174672,4.278802004179197,42.06333886800786,1.0588750945986565,0.0424722560641935,false,0.00004973332091825937
SEG_13_213_214_BA,100,40.43130327974807,0.0,0.0,35.74609709174672,4.278802004179197,42.06333886800786,1.0949808342207028,0.03879947793447913,false,0.0
SEG_13_213_214_BA,130,40.54235998788089,0.0006002400960384153,0.0006002400960384153,35.74609709174672,4.278802004179197,42.06333886800786,1.1209359281989588,0.03615925223862293,false,0.00002170423303638831
SEG_13_213_214_BA,200,40.94968652135689,0.0,0.0,35.74609709174672,4.278802004179197,42.06333886800786,1.2161323250124012,0.0264756050428033,false,0.0
SEG_13_213_214_BA,230,41.190554626249806,0.0018226002430133657,0.0006075334143377885,35.74609709174672,4.278802004179197,42.06333886800786,1.2724256764359205,0.020749285844777976,false,0.00003781765342304613
SEG_13_213_214_BA,300,41.34271881739132,0.0,0.0,35.74609709174672,4.278802004179197,42.06333886800786,1.3079880116393008,0.01713178435211241,false,0.0
SEG_13_213_214_BA,330,41.119469292664526,0.0,0.0,35.74609709174672,4.278802004179197,42.06333886800786,1.255812303460062,0.022439245213156735,false,0.0
SEG_13_213_214_BA,400,41.216636549264045,0.0,0.0,35.74609709174672,4.278802004179197,42.06333886800786,1.2785212898783662,0.020129222775222742,false,0.0
SEG_13_213_214_BA,430,40.51413379449284,0.0011855364552459987,0.0011855364552459987,35.74609709174672,4.278802004179197,42.06333886800786,1.1143391767343007,0.036830292487629854,false,0.000043663654401458036
SEG_13_213_214_BA,500,39.58478518045773,0.00040112314480545525,0.00040112314480545525,35.74609709174672,4.278802004179197,42.06333886800786,0.8971408550715085,0.05892432113693303,false,0.000023635908999973135
SEG_13_213_214_BA,530,38.33082944470724,0.0011792452830188679,0.0,35.74609709174672,4.278802004179197,42.06333886800786,0.6040785131997131,0.08873545286105324,false,0.00010464086422294013
SEG_13_213_214_BA,600,37.350524615325,0.0,0.0,35.74609709174672,4.278802004179197,42.06333886800786,0.37497120035262255,0.11204089783436781,false,0.0
SEG_13_213_214_BA,630,36.351525965867104,0.0,0.0,35.74609709174672,4.278802004179197,42.06333886800786,0.1414949496445616,0.13579076354504502,false,0.0
SEG_13_213_214_BA,700,35.380395441491,0.0005889281507656066,0.0,35.74609709174672,4.278802004179197,42.06333886800786,-0.08546823384174684,0.15887810160499918,false,0.00009356778657538231
SEG_13_213_214_BA,730,33.34681153230371,0.041633935585231735,0.02513747054202671,35.74609709174672,4.278802004179197,42.06333886800786,-0.5607376917883966,0.20722385740837337,false,0.008627544731063462
SEG_13_213_214_BA,800,31.08382773736816,0.08249852681202122,0.07837360047142015,35.74609709174672,4.278802004179197,42.06333886800786,-1.089620260489927,0.26102329073525815,true,0.021534036949284702
SEG_13_213_214_BA,830,30.76145734451132,0.08623417721518987,0.07911392405063292,35.74609709174672,4.278802004179197,42.06333886800786,-1.1649615341786776,0.2686872185529813,true,0.02317002122015424
SEG_13_213_214_BA,900,32.395470491752754,0.046235921754593956,0.03082394783639597,35.74609709174672,4.278802004179197,42.06333886800786,-0.7830758695357573,0.22984072678092143,false,0.01062689785946169
SEG_13_213_214_BA,930,32.48352517121302,0.01888276947285602,0.003933910306845004,35.74609709174672,4.278802004179197,42.06333886800786,-0.7624965860413916,0.22774734375831893,false,0.0043005005902436305
SEG_13_213_214_BA,1000,33.41063184109163,0.008225616921269096,0.005287896592244419,35.74609709174672,4.278802004179197,42.06333886800786,-0.5458222297675825,0.20570661435289025,false,0.0016920638078381104
SEG_13_213_214_BA,1030,34.018266125498066,0.002935995302407516,0.002348796241926013,35.74609709174672,4.278802004179197,42.06333886800786,-0.40381185307500655,0.1912609164896475,false,0.0005615411523477613
SEG_13_213_214_BA,1100,34.29488384441363,0.0006009615384615385,0.0,35.74609709174672,4.278802004179197,42.06333886800786,-0.33916344946918686,0.1846846977119709,false,0.00011098840006729021
SEG_13_213_214_BA,1130,34.40182081695923,0.0,0.0,35.74609709174672,4.278802004179197,42.06333886800786,-0.3141711800346233,0.18214241325658903,false,0.0
SEG_13_213_214_BA,1200,35.044655093660865,0.0017825311942959,0.0011883541295306002,35.74609709174672,4.278802004179197,42.06333886800786,-0.16393420340570597,0.16685988234008692,false,0.0002974329453477485
SEG_13_213_214_BA,1230,35.481216914011114,0.0017595307917888563,0.0017595307917888563,35.74609709174672,4.278802004179197,42.06333886800786,-0.061905219609809346,0.15648120503821716,false,0.0002753334986009686
SEG_13_213_214_BA,1300,35.511801014606476,0.0011695906432748538,0.0011695906432748538,35.74609709174672,4.278802004179197,42.06333886800786,-0.054757400999485645,0.15575410867786085,false,0.00018216854816124076
SEG_13_213_214_BA,1330,34.065663432924225,0.001177856301531213,0.0,35.74609709174672,4.278802004179197,42.06333886800786,-0.39273461524538383,0.1901341084734106,false,0.0002239506578014259
SEG_13_213_214_BA,1400,33.57843125256747,0.0005875440658049354,0.0,35.74609709174672,4.278802004179197,42.06333886800786,-0.5066057828948487,0.20171740626833032,false,0.00011851786502252075
SEG_13_213_214_BA,1430,32.733578917028616,0.0017411491584445734,0.0005803830528148578,35.74609709174672,4.278802004179197,42.06333886800786,-0.7040564559368984,0.22180264815057718,false,0.00038619149416815527
SEG_13_213_214_BA,1500,32.48414802022683,0.00078125,0.000390625,35.74609709174672,4.278802004179197,42.06333886800786,-0.7623510198260801,0.2277325363504769,false,0.0001779160440238101
SEG_13_213_214_BA,1530,31.82034150621818,0.001968503937007874,0.0003937007874015748,35.74609709174672,4.278802004179197,42.06333886800786,-0.9174894238373659,0.24351365434711608,false,0.0004793575872974726
SEG_13_213_214_BA,1600,31.22546621401583,0.0011827321111768185,0.0,35.74609709174672,4.278802004179197,42.06333886800786,-1.056517892932529,0.2576560241211616,true,0.0003047380533662468
SEG_13_213_214_BA,1630,29.552798347233846,0.0023752969121140144,0.0,35.74609709174672,4.278802004179197,42.06333886800786,-1.4474375627719502,0.29742148049709777,true,0.0007064643242211348
SEG_13_213_214_BA,1700,28.494799369063468,0.0035502958579881655,0.0,35.74609709174672,4.278802004179197,42.06333886800786,-1.694702796624091,0.3225740006403587,true,0.0011452331383681373
SEG_13_213_214_BA,1730,28.152597231698152,0.01818181818181818,0.0,35.74609709174672,4.278802004179197,42.06333886800786,-1.7746789528077798,0.33070940183709024,true,0.006012898215219822
SEG_13_213_214_BA,1800,26.866073661979105,0.032335329341317366,0.0005988023952095808,35.74609709174672,4.278802004179197,42.06333886800786,-2.07535273216529,0.36129479054710395,true,0.011682586041642882
SEG_13_213_214_BA,1830,27.62763732601772,0.02980392156862745,0.00392156862745098,35.74609709174672,4.278802004179197,42.06333886800786,-1.897367477578894,0.34318962617990156,true,0.01022839670183236
SEG_13_213_214_BA,1900,32.19994427724726,0.002347417840375587,0.0005868544600938967,35.74609709174672,4.278802004179197,42.06333886800786,-0.828772355214346,0.23448910277216264,false,0.000550443903221039
SEG_13_213_214_BA,1930,36.280968323360234,0.0,0.0,35.74609709174672,4.278802004179197,42.06333886800786,0.12500490349660834,0.1374681777590777,false,0.0
SEG_13_213_214_BA,2000,36.84534845621284,0.0,0.0,35.74609709174672,4.278802004179197,42.06333886800786,0.2569063404645641,0.12405078988543326,false,0.0
SEG_13_213_214_BA,2030,37.30986559821111,0.0017985611510791368,0.001199040767386091,35.74609709174672,4.278802004179197,42.06333886800786,0.36546877021582813,0.1130075119503198,false,0.0002032509207739565
SEG_13_213_214_BA,2100,37.16731607975901,0.001189767995240928,0.000594883997620464,35.74609709174672,4.278802004179197,42.06333886800786,0.33215348282630447,0.11639643737298802,false,0.0001384847559464462
SEG_13_213_214_BA,2130,38.93587903525449,0.002976190476190476,0.0017857142857142857,35.74609709174672,4.278802004179197,42.06333886800786,0.7454848203754789,0.07435120266051984,false,0.00022128334125154714
SEG_13_213_214_BA,2200,39.2484220600384,0.002380952380952381,0.0017857142857142857,35.74609709174672,4.278802004179197,42.06333886800786,0.8185293371534569,0.06692090746296898,false,0.00015933549395944998
SEG_13_213_214_BA,2230,40.438808520049115,0.003537735849056604,0.00294811320754717,35.74609709174672,4.278802004179197,42.06333886800786,1.096734886007561,0.03862105081711229,false,0.00013663107600393498
SEG_13_213_214_BA,2300,41.25545136134594,0.0035398230088495575,0.0005899705014749262,35.74609709174672,4.278802004179197,42.06333886800786,1.287592710346989,0.019206452183860658,false,0.00006798744135879879
SEG_13_213_214_BA,2330,42.06333886800786,0.0011926058437686344,0.0,35.74609709174672,4.278802004179197,42.06333886800786,1.4764043230069905,0.0,false,0.0
SEG_14_214_215_AB,0,48.275561927609914,0.0007974481658692185,0.0,41.695218634266915,4.860429017736858,48.486698573906416,1.3538605891228461,0.0043545271694395695,false,3.4725097044972645e-6
SEG_14_214_215_AB,30,46.33176541867242,0.00039032006245121,0.0,41.695218634266915,4.860429017736858,48.486698573906416,0.953937763001094,0.04444380043630555,false,0.000017347306961867896
SEG_14_214_215_AB,100,46.39622773693611,0.001201923076923077,0.0,41.695218634266915,4.860429017736858,48.486698573906416,0.9672004437291646,0.043114315852705046,false,0.000051820091169116644
SEG_14_214_215_AB,130,46.374715484795736,0.0024009603841536613,0.0,41.695218634266915,4.860429017736858,48.486698573906416,0.9627744451060241,0.04355798912337711,false,0.00010458100629862451
SEG_14_214_215_AB,200,46.252237876315384,0.0012307692307692308,0.0,41.695218634266915,4.860429017736858,48.486698573906416,0.9375755155396417,0.04608399341079347,false,0.00005671876112097658
SEG_14_214_215_AB,230,46.77708162058801,0.004860267314702308,0.0006075334143377885,41.695218634266915,4.860429017736858,48.486698573906416,1.0455585232859421,0.03525950422696868,false,0.00017137061592694373
SEG_14_214_215_AB,300,46.5447885242611,0.003601440576230492,0.0006002400960384153,41.695218634266915,4.860429017736858,48.486698573906416,0.9977658087993786,0.04005036652857147,false,0.00014423901510890084
SEG_14_214_215_AB,330,46.1727984205912,0.007845503922751962,0.0,41.695218634266915,4.860429017736858,48.486698573906416,0.9212313912999314,0.047722369667801315,false,0.00037440603843175445
SEG_14_214_215_AB,400,46.48834873286449,0.005398920215956809,0.0,41.695218634266915,4.860429017736858,48.486698573906416,0.9861537080587545,0.04121439280911074,false,0.0002225132185254929
SEG_14_214_215_AB,430,46.53141676062649,0.0023710729104919974,0.0,41.695218634266915,4.860429017736858,48.486698573906416,0.9950146599633782,0.040326148630217905,false,0.00009561623860158364
SEG_14_214_215_AB,500,45.955546097524795,0.0012033694344163659,0.0,41.695218634266915,4.860429017736858,48.486698573906416,0.8765332129552628,0.05220302785770168,false,0.00006281952810794427
SEG_14_214_215_AB,530,44.93806165924781,0.0015723270440251573,0.0,41.695218634266915,4.860429017736858,48.486698573906416,0.6671927546204233,0.07318784365674139,false,0.00011507522587537955
SEG_14_214_215_AB,600,43.84587639618794,0.001183431952662722,0.0,41.695218634266915,4.860429017736858,48.486698573906416,0.4424831129253744,0.09571330517883475,false,0.00011327018364359143
SEG_14_214_215_AB,630,42.385940846692236,0.0015748031496062992,0.0,41.695218634266915,4.860429017736858,48.486698573906416,0.14211136710457284,0.1258233269463589,false,0.00019814697156906913
SEG_14_214_215_AB,700,40.640235861642964,0.005889281507656066,0.0,41.695218634266915,4.860429017736858,48.486698573906416,-0.2170554839447442,0.16182711842719896,false,0.0009530454559905711
SEG_14_214_215_AB,730,39.53912882183726,0.003927729772191673,0.0015710919088766694,41.695218634266915,4.860429017736858,48.486698573906416,-0.44360072013428703,0.18453658457341077,false,0.0007248098372875521
SEG_14_214_215_AB,800,36.318376721813166,0.02592810842663524,0.007071302298173247,41.695218634266915,4.860429017736858,48.486698573906416,-1.1062484181606969,0.2509620619672743,true,0.006506971553659439
SEG_14_214_215_AB,830,28.845333422358756,0.23022151898734178,0.09572784810126582,41.695218634266915,4.860429017736858,48.486698573906416,-2.6437759228693354,0.405087698879087,true,0.09325990535903032
SEG_14_214_215_AB,900,35.08553527477137,0.08417308832246592,0.043272080616478956,41.695218634266915,4.860429017736858,48.486698573906416,-1.359897106896376,0.2763884465903194,true,0.023264469126156113
SEG_14_214_215_AB,930,37.3201468183125,0.01966955153422502,0.007081038552321007,41.695218634266915,4.860429017736858,48.486698573906416,-0.9001410780794739,0.2303013421005179,false,0.004529924116847323
SEG_14_214_215_AB,1000,40.0258703636303,0.007050528789659225,0.0035252643948296123,41.695218634266915,4.860429017736858,48.486698573906416,-0.343456979732606,0.17449792333003666,false,0.0012303026321741715
SEG_14_214_215_AB,1030,40.521550533590016,0.002348796241926013,0.0,41.695218634266915,4.860429017736858,48.486698573906416,-0.24147417777194272,0.16427490991525087,false,0.00038584829105167554
SEG_14_214_215_AB,1100,40.57076999001148,0.0,0.0,41.695218634266915,4.860429017736858,48.486698573906416,-0.23134761152813008,0.16325979736131122,false,0.0
SEG_14_214_215_AB,1130,41.162346141803916,0.0005892751915144372,0.0,41.695218634266915,4.860429017736858,48.486698573906416,-0.1096348677284292,0.1510590047894944,false,0.00008901532397730961
SEG_14_214_215_AB,1200,41.50939440859764,0.0005941770647653001,0.0,41.695218634266915,4.860429017736858,48.486698573906416,-0.038232062435467166,0.14390140740709612,false,0.00008550291586874399
SEG_14_214_215_AB,1230,41.38151067101109,0.0,0.0,41.695218634266915,4.860429017736858,48.486698573906416,-0.06454326605964779,0.14653890885280957,false,0.0
SEG_14_214_215_AB,1300,40.85683854918308,0.0005847953216374269,0.0,41.695218634266915,4.860429017736858,48.486698573906416,-0.17249096366275207,0.15735985845877776,false,0.00009202330904022091
SEG_14_214_215_AB,1330,39.996832395117686,0.0035335689045936395,0.0,41.695218634266915,4.860429017736858,48.486698573906416,-0.34943134298462447,0.17509680857829396,false,0.0006187166380858444
SEG_14_214_215_AB,1400,39.59836230989398,0.005291005291005291,0.003527336860670194,41.695218634266915,4.860429017736858,48.486698573906416,-0.43141383542913814,0.18331494049784164,false,0.0009699203200944002
SEG_14_214_215_AB,1430,39.69530475850772,0.0017421602787456446,0.0005807200929152149,41.695218634266915,4.860429017736858,48.486698573906416,-0.4114685902131351,0.18131557878700102,false,0.0003158807992804896
SEG_14_214_215_AB,1500,39.6553639389381,0.003125,0.0015625,41.695218634266915,4.860429017736858,48.486698573906416,-0.4196861404384057,0.18213932675797775,false,0.0005691853961186805
SEG_14_214_215_AB,1530,39.893237313731134,0.001968503937007874,0.001968503937007874,41.695218634266915,4.860429017736858,48.486698573906416,-0.37074532185531844,0.1772333756045815,false,0.00034888459764681397
SEG_14_214_215_AB,1600,40.28254176672148,0.002365464222353637,0.0017740981667652277,41.695218634266915,4.860429017736858,48.486698573906416,-0.290648595502628,0.16920427763667298,false,0.00040024666501874156
SEG_14_214_215_AB,1630,39.56347872368798,0.0023752969121140144,0.001583531274742676,41.695218634266915,4.860429017736858,48.486698573906416,-0.43859089450740085,0.18403438701063787,false,0.0004371363111891636
SEG_14_214_215_AB,1700,37.412729406004544,0.015976331360946745,0.004733727810650888,41.695218634266915,4.860429017736858,48.486698573906416,-0.8810928444041775,0.2283918990900617,false,0.0036488646600187366
SEG_14_214_215_AB,1730,30.62407627732417,0.15889328063241107,0.05454545454545454,41.695218634266915,4.860429017736858,48.486698573906416,-2.277811756234176,0.36840252733138623,true,0.05853668616095544
SEG_14_214_215_AB,1800,28.578028824644328,0.23832335329341317,0.10419161676646707,41.695218634266915,4.860429017736858,48.486698573906416,-2.6987720141071603,0.4106006458434382,true,0.09785572278184934
SEG_14_214_215_AB,1830,33.182058810609725,0.14666666666666667,0.07215686274509804,41.695218634266915,4.860429017736858,48.486698573906416,-1.75152435980253,0.31564615066477286,true,0.04629476876416669
SEG_14_214_215_AB,1900,39.97796980699409,0.017018779342723004,0.008215962441314555,41.695218634266915,4.860429017736858,48.486698573906416,-0.3533121913736787,0.1754858346138539,false,0.002986554697066762
SEG_14_214_215_AB,1930,41.97548955919931,0.0,0.0,41.695218634266915,4.860429017736858,48.486698573906416,0.05766382430637713,0.13428856173373652,false,0.0
SEG_14_214_215_AB,2000,42.72366581362495,0.0,0.0,41.695218634266915,4.860429017736858,48.486698573906416,0.2115959672705814,0.11885801528633877,false,0.0
SEG_14_214_215_AB,2030,43.2025764516381,0.0,0.0,41.695218634266915,4.860429017736858,48.486698573906416,0.3101285528233167,0.10898086027065608,false,0.0
SEG_14_214_215_AB,2100,43.6485697482707,0.0,0.0,41.695218634266915,4.860429017736858,48.486698573906416,0.40188862071137055,0.09978259951564117,false,0.0
SEG_14_214_215_AB,2130,45.05326482197349,0.0,0.0,41.695218634266915,4.860429017736858,48.486698573906416,0.6908950167675055,0.07081186908816801,false,0.0
SEG_14_214_215_AB,2200,45.89372251343403,0.0,0.0,41.695218634266915,4.860429017736858,48.486698573906416,0.8638134337207223,0.05347809062561795,false,0.0
SEG_14_214_215_AB,2230,47.12949664637667,0.0005896226415094339,0.0,41.695218634266915,4.860429017736858,48.486698573906416,1.1180655025058053,0.02799122166383452,false,0.0000165042580565062
SEG_14_214_215_AB,2300,47.74962090273635,0.0,0.0,41.695218634266915,4.860429017736858,48.486698573906416,1.2456518234039606,0.015201646902120251,false,0.0
SEG_14_214_215_AB,2330,48.486698573906416,0.0,0.0,41.695218634266915,4.860429017736858,48.486698573906416,1.3973005088348744,0.0,false,0.0
SEG_14_214_215_BA,0,37.26404364823874,0.019936204146730464,0.0,30.588171630066608,4.103244744263515,39.221822840765334,1.626973879027139,0.0499155585010641,false,0.0009951267643752812
SEG_14_214_215_BA,30,31.252302469688253,0.02576112412177986,0.00078064012490242,30.588171630066608,4.103244744263515,39.221822840765334,0.16185503936856904,0.20319097364322225,false,0.0052344278924483486
SEG_14_214_215_BA,100,31.129844699776847,0.03125,0.0,30.588171630066608,4.103244744263515,39.221822840765334,0.1320109092852717,0.20631315820890564,false,0.006447286194028301
SEG_14_214_215_BA,130,32.04220761047979,0.02040816326530612,0.0,30.588171630066608,4.103244744263515,39.221822840765334,0.3543624792174485,0.18305154402011586,false,0.0037357457963288947
SEG_14_214_215_BA,200,32.2171071755831,0.04,0.0012307692307692308,30.588171630066608,4.103244744263515,39.221822840765334,0.3969871765006963,0.1785923029029099,false,0.007143692116116396
SEG_14_214_215_BA,230,32.599182044787405,0.03341433778857837,0.002430133657351154,30.588171630066608,4.103244744263515,39.221822840765334,0.4901024774435555,0.16885091809385935,false,0.005642041613099796
SEG_14_214_215_BA,300,32.81886289829809,0.028811524609843937,0.0024009603841536613,30.588171630066608,4.103244744263515,39.221822840765334,0.5436408031351463,0.1632499327851816,false,0.004703479455995628
SEG_14_214_215_BA,330,32.26086964792468,0.04103802051901026,0.004224502112251056,30.588171630066608,4.103244744263515,39.221822840765334,0.4076525096867701,0.17747653445636813,false,0.007283285662663267
SEG_14_214_215_BA,400,32.5561513087804,0.035992801439712056,0.0023995200959808036,30.588171630066608,4.103244744263515,39.221822840765334,0.4796154754027528,0.1699480301832618,false,0.006116905705456333
SEG_14_214_215_BA,430,32.20420001092653,0.04149377593360996,0.0023710729104919974,30.588171630066608,4.103244744263515,39.221822840765334,0.3938415769907915,0.17892138410622305,false,0.007424123821834981
SEG_14_214_215_BA,500,31.665611055942644,0.04492579221821099,0.003208985158443642,30.588171630066608,4.103244744263515,39.221822840765334,0.2625822959701188,0.1926532536618649,false,0.008655100044175237
SEG_14_214_215_BA,530,31.01499299613977,0.04756289308176101,0.002751572327044025,30.588171630066608,4.103244744263515,39.221822840765334,0.1040204503204141,0.20924141843034808,false,0.009952127213078664
SEG_14_214_215_BA,600,29.55797331770001,0.047337278106508875,0.000591715976331361,30.588171630066608,4.103244744263515,39.221822840765334,-0.2510691846512084,0.24638960719136105,false,0.011663413358170937
SEG_14_214_215_BA,630,27.80963424306267,0.06299212598425197,0.003937007874015748,30.588171630066608,4.103244744263515,39.221822840765334,-0.6771561435345607,0.2909652782848574,false,0.01832852146676267
SEG_14_214_215_BA,700,28.705472285794336,0.0977620730270907,0.007067137809187279,30.588171630066608,4.103244744263515,39.221822840765334,-0.4588318420207212,0.2681249823004349,false,0.02621245410004252
SEG_14_214_215_BA,730,32.312454889248386,0.03927729772191673,0.014925373134328358,30.588171630066608,4.103244744263515,39.221822840765334,0.4202243265143734,0.17616131661111054,false,0.006919140479619424
SEG_14_214_215_BA,800,28.69754841283581,0.08662345315262228,0.016499705362404242,30.588171630066608,4.103244744263515,39.221822840765334,-0.4607629656685618,0.2683270094471765,false,0.02324341213243073
SEG_14_214_215_BA,830,27.868685518766302,0.09889240506329114,0.015031645569620253,30.588171630066608,4.103244744263515,39.221822840765334,-0.6627647827008725,0.2894597063499841,false,0.028625366529863933
SEG_14_214_215_BA,900,31.266452484579457,0.024896265560165973,0.005334914048606995,30.588171630066608,4.103244744263515,39.221822840765334,0.1653035333710255,0.20283020471749816,false,0.005049714640269663
SEG_14_214_215_BA,930,27.978677869143436,0.12509834775767112,0.006294256490952006,30.588171630066608,4.103244744263515,39.221822840765334,-0.6359585946149907,0.2866553402494159,false,0.03586010944111497
SEG_14_214_215_BA,1000,29.355123606545206,0.02408930669800235,0.0023501762632197414,30.588171630066608,4.103244744263515,39.221822840765334,-0.30050559992680126,0.25156146552080033,false,0.006059941296329503
SEG_14_214_215_BA,1030,29.7163905782903,0.0182031708749266,0.0011743981209630064,30.588171630066608,4.103244744263515,39.221822840765334,-0.2124613826643141,0.2423505990801511,false,0.00441154936669682
SEG_14_214_215_BA,1100,29.670638960585105,0.01622596153846154,0.0,30.588171630066608,4.103244744263515,39.221822840765334,-0.22361148960569477,0.24351708279741588,false,0.003951298819429224
SEG_14_214_215_BA,1130,29.67884008724064,0.01708898055391868,0.0011785503830288745,30.588171630066608,4.103244744263515,39.221822840765334,-0.22161279657940114,0.24330798678755344,false,0.0041578854548256034
SEG_14_214_215_BA,1200,30.077605164186348,0.013666072489601902,0.0005941770647653001,30.588171630066608,4.103244744263515,39.221822840765334,-0.12442993233441656,0.23314106826964995,false,0.003186122739276262
SEG_14_214_215_BA,1230,31.092475426875087,0.008797653958944282,0.002346041055718475,30.588171630066608,4.103244744263515,39.221822840765334,0.12290365996654573,0.20726592557653856,false,0.0018234538907026855
SEG_14_214_215_BA,1300,30.761565019312705,0.008187134502923977,0.0,30.588171630066608,4.103244744263515,39.221822840765334,0.042257627817231164,0.2157028207434416,false,0.0017659880060866566
SEG_14_214_215_BA,1330,29.53079143356058,0.015312131919905771,0.0017667844522968198,30.588171630066608,4.103244744263515,39.221822840765334,-0.2576936698656066,0.2470826367899543,false,0.003783361929645943
SEG_14_214_215_BA,1400,29.425743963569104,0.021164021164021163,0.0023515579071134627,30.588171630066608,4.103244744263515,39.221822840765334,-0.2832947432937359,0.24976092816916817,false,0.005285945569717844
SEG_14_214_215_BA,1430,28.90519184096348,0.020905923344947737,0.0023228803716608595,30.588171630066608,4.103244744263515,39.221822840765334,-0.410158275705098,0.26303293046031584,false,0.005498946281400331
SEG_14_214_215_BA,1500,28.6713621941151,0.02734375,0.003515625,30.588171630066608,4.103244744263515,39.221822840765334,-0.46714479769486716,0.2689946535499767,false,0.007355322558007175
SEG_14_214_215_BA,1530,27.916970660722725,0.03818897637795276,0.0031496062992125984,30.588171630066608,4.103244744263515,39.221822840765334,-0.6509972316611916,0.2882286278722587,false,0.011007156261263425
SEG_14_214_215_BA,1600,27.50377216507489,0.050266114725014785,0.00827912477823773,30.588171630066608,4.103244744263515,39.221822840765334,-0.751697658128685,0.298763540982375,false,0.015017682426671718
SEG_14_214_215_BA,1630,25.557752195364714,0.1187648456057007,0.012668250197941409,30.588171630066608,4.103244744263515,39.221822840765334,-1.2259613423582894,0.3483792862171317,true,0.041375212139801866
SEG_14_214_215_BA,1700,23.66309104720314,0.2828402366863905,0.03550295857988166,30.588171630066608,4.103244744263515,39.221822840765334,-1.6877083904256462,0.3966855864075541,true,0.11219864514959221
SEG_14_214_215_BA,1730,20.533188408437923,0.525691699604743,0.1422924901185771,30.588171630066608,4.103244744263515,39.221822840765334,-2.4504956073326887,0.4764856163927016,true,0.25048453351869293
SEG_14_214_215_BA,1800,19.50763568076145,0.6101796407185629,0.24431137724550897,30.588171630066608,4.103244744263515,39.221822840765334,-2.700432618550514,0.5026331193234058,true,0.30669649616200634
SEG_14_214_215_BA,1830,21.717287821529293,0.4619607843137255,0.17098039215686275,30.588171630066608,4.103244744263515,39.221822840765334,-2.1619192520600023,0.4462958055341233,true,0.2061711603604695
SEG_14_214_215_BA,1900,29.013569868322982,0.142018779342723,0.041666666666666664,30.588171630066608,4.103244744263515,39.221822840765334,-0.38374551358287273,0.2602697231560684,false,0.03696318838249328
SEG_14_214_215_BA,1930,35.00424889515523,0.006364359586316627,0.0,30.588171630066608,4.103244744263515,39.221822840765334,1.0762402781999434,0.10753130885152426,false,0.0006843679163183724
SEG_14_214_215_BA,2000,36.34232008120368,0.0017931858936043037,0.0,30.588171630066608,4.103244744263515,39.221822840765334,1.4023410275932435,0.07341583208031913,false,0.00013164823445365056
SEG_14_214_215_BA,2030,37.01496638172652,0.001199040767386091,0.0,30.588171630066608,4.103244744263515,39.221822840765334,1.566271366251016,0.056266035059061734,false,0.00006746526985499008
SEG_14_214_215_BA,2100,34.37941240427667,0.009518143961927425,0.000594883997620464,30.588171630066608,4.103244744263515,39.221822840765334,0.9239616475498703,0.12346214647259299,false,0.0011751304839747103
SEG_14_214_215_BA,2130,33.16305928585847,0.006547619047619048,0.0011904761904761906,30.588171630066608,4.103244744263515,39.221822840765334,0.6275247557172046,0.15447429813511024,false,0.0010114388568370314
SEG_14_214_215_BA,2200,33.953774277888954,0.004166666666666667,0.0,30.588171630066608,4.103244744263515,39.221822840765334,0.8202295640608767,0.13431422053645647,false,0.0005596425855685686
SEG_14_214_215_BA,2230,36.01466657913393,0.012971698113207548,0.0,30.588171630066608,4.103244744263515,39.221822840765334,1.3224887344713618,0.08176968915116396,false,0.0010606917224797213
SEG_14_214_215_BA,2300,37.616696786830765,0.004129793510324484,0.0,30.588171630066608,4.103244744263515,39.221822840765334,1.7129188227415122,0.04092431043939845,false,0.00016900895166713223
SEG_14_214_215_BA,2330,39.221822840765334,0.008348240906380441,0.0,30.588171630066608,4.103244744263515,39.221822840765334,2.1041033983578203,0.0,false,0.0
SEG_15_215_216_AB,0,40.25585282881659,0.0,0.0,31.425174097531993,6.258826050528184,41.0431834473405,1.410916146253877,0.019182981250323243,false,0.0
SEG_15_215_216_AB,30,40.82396358884765,0.0,0.0,31.425174097531993,6.258826050528184,41.0431834473405,1.501685686011754,0.005341200172109483,false,0.0
SEG_15_215_216_AB,100,41.0431834473405,0.0,0.0,31.425174097531993,6.258826050528184,41.0431834473405,1.5367114011735226,0.0,false,0.0
SEG_15_215_216_AB,130,40.766953577996624,0.0,0.0,31.425174097531993,6.258826050528184,41.0431834473405,1.4925769473456247,0.006730225244303714,false,0.0
SEG_15_215_216_AB,200,40.6810284278795,0.0,0.0,31.425174097531993,6.258826050528184,41.0431834473405,1.4788483104697243,0.008823755592098774,false,0.0
SEG_15_215_216_AB,230,40.741584075232986,0.001215066828675577,0.0,31.425174097531993,6.258826050528184,41.0431834473405,1.4885235509804235,0.0073483425693447405,false,8.928727301755456e-6
SEG_15_215_216_AB,300,40.83196639263979,0.0,0.0,31.425174097531993,6.258826050528184,41.0431834473405,1.5029643289597348,0.0051462152045712575,false,0.0
SEG_15_215_216_AB,330,40.24137014401608,0.0012070006035003018,0.0,31.425174097531993,6.258826050528184,41.0431834473405,1.4086021843888896,0.0195358458086754,false,0.00002357977768096005
SEG_15_215_216_AB,400,40.274256474996236,0.0005998800239952009,0.0,31.425174097531993,6.258826050528184,41.0431834473405,1.4138565772597986,0.018734584107756202,false,0.0000112385027641009
SEG_15_215_216_AB,430,40.023875345903875,0.0005927682276229994,0.0,31.425174097531993,6.258826050528184,41.0431834473405,1.3738520896656385,0.024835015606048883,false,0.000014721408183787126
SEG_15_215_216_AB,500,39.24723227465438,0.00040112314480545525,0.0,31.425174097531993,6.258826050528184,41.0431834473405,1.2497644308971136,0.04375759923667658,false,0.0000175521858149525
SEG_15_215_216_AB,530,37.95876516897344,0.0,0.0,31.425174097531993,6.258826050528184,41.0431834473405,1.0439004085902144,0.07515056141598887,false,0.0
SEG_15_215_216_AB,600,34.93439581360887,0.000591715976331361,0.0,31.425174097531993,6.258826050528184,41.0431834473405,0.5606836949527836,0.1488380559361183,false,0.00008806985558350195
SEG_15_215_216_AB,630,31.83669561610247,0.002362204724409449,0.0,31.425174097531993,6.258826050528184,41.0431834473405,0.06575059208359837,0.22431222575729784,false,0.0005298713994266878
SEG_15_215_216_AB,700,29.07136936186458,0.020023557126030624,0.001177856301531213,31.425174097531993,6.258826050528184,41.0431834473405,-0.37607767281993326,0.29168824345304695,false,0.005840636205773614
SEG_15_215_216_AB,730,26.418999460499787,0.04241948153967007,0.003142183817753339,31.425174097531993,6.258826050528184,41.0431834473405,-0.7998584074100819,0.35631212685058733,false,0.015114575687299068
SEG_15_215_216_AB,800,22.113054831306783,0.36593989393046555,0.09074837949322334,31.425174097531993,6.258826050528184,41.0431834473405,-1.4878380052500992,0.46122466694917996,true,0.16878050570149722
SEG_15_215_216_AB,830,19.2866576730144,0.5996835443037974,0.31170886075949367,31.425174097531993,6.258826050528184,41.0431834473405,-1.939423835480013,0.5300886516817173,true,0.31788544143571335
SEG_15_215_216_AB,900,23.247560299616215,0.26081802015411976,0.07705986959098993,31.425174097531993,6.258826050528184,41.0431834473405,-1.306573106824988,0.4335829156760354,true,0.11308623763927421
SEG_15_215_216_AB,930,25.779542823401453,0.07002360346184107,0.006294256490952006,31.425174097531993,6.258826050528184,41.0431834473405,-0.9020271898520177,0.3718922203859432,false,0.026041233370848894
SEG_15_215_216_AB,1000,27.43788248845472,0.03231492361927144,0.0023501762632197414,31.425174097531993,6.258826050528184,41.0431834473405,-0.6370670117506758,0.3314874679821498,false,0.010711992208588858
SEG_15_215_216_AB,1030,28.08590211018604,0.012918379330593071,0.0005871990604815032,31.425174097531993,6.258826050528184,41.0431834473405,-0.5335300838188578,0.3156987409073421,false,0.004078316089231666
SEG_15_215_216_AB,1100,28.42039195781588,0.01141826923076923,0.001201923076923077,31.425174097531993,6.258826050528184,41.0431834473405,-0.48008717856322886,0.30754903565704156,false,0.0035116776907955466
SEG_15_215_216_AB,1130,28.703022950383232,0.009428403064230996,0.0011785503830288745,31.425174097531993,6.258826050528184,41.0431834473405,-0.4349299892939248,0.3006628497224155,false,0.0028347705336232458
SEG_15_215_216_AB,1200,29.07274525547386,0.0035650623885918,0.0005941770647653001,31.425174097531993,6.258826050528184,41.0431834473405,-0.37585784028294134,0.2916547203806702,false,0.0010397672740843856
SEG_15_215_216_AB,1230,29.38577264550324,0.0011730205278592375,0.0,31.425174097531993,6.258826050528184,41.0431834473405,-0.3258440857062398,0.28402793893397743,false,0.0003331706028551055
SEG_15_215_216_AB,1300,28.854198552065704,0.0017543859649122807,0.0,31.425174097531993,6.258826050528184,41.0431834473405,-0.4107760025139737,0.2969795194106615,false,0.0005210167007204588
SEG_15_215_216_AB,1330,28.22109252719849,0.01060070671378092,0.0,31.425174097531993,6.258826050528184,41.0431834473405,-0.5119301198765718,0.3124048829348995,false,0.0033117125399459314
SEG_15_215_216_AB,1400,28.135531268680428,0.011163337250293772,0.0005875440658049354,31.425174097531993,6.258826050528184,41.0431834473405,-0.5256006162008532,0.31448954721606664,false,0.003510752877265139
SEG_15_215_216_AB,1430,27.794614833664205,0.00812536273940801,0.0011607661056297156,31.425174097531993,6.258826050528184,41.0431834473405,-0.580070325418519,0.3227958335803694,false,0.002622833238610082
SEG_15_215_216_AB,1500,27.707219732256895,0.014453125,0.001953125,31.425174097531993,6.258826050528184,41.0431834473405,-0.5940338228382843,0.3249251786766006,false,0.004696184223060243
SEG_15_215_216_AB,1530,27.47656951448258,0.01653543307086614,0.001968503937007874,31.425174097531993,6.258826050528184,41.0431834473405,-0.6308858164729133,0.3305448747723054,false,0.005465702653715285
SEG_15_215_216_AB,1600,27.367414270363955,0.013010053222945003,0.002365464222353637,31.425174097531993,6.258826050528184,41.0431834473405,-0.6483260270231671,0.3332043966453753,false,0.00433500693447561
SEG_15_215_216_AB,1630,26.405859924236275,0.03800475059382423,0.0023752969121140144,31.425174097531993,6.258826050528184,41.0431834473405,-0.8019577685614281,0.35663226615655447,false,0.013553720328990194
SEG_15_215_216_AB,1700,25.1391523186985,0.07810650887573964,0.0035502958579881655,31.425174097531993,6.258826050528184,41.0431834473405,-1.0043451804037618,0.38749506721493227,true,0.030265886906728434
SEG_15_215_216_AB,1730,23.45477333111898,0.25217391304347825,0.018972332015810278,31.425174097531993,6.258826050528184,41.0431834473405,-1.2734657749020506,0.4285342568221572,true,0.10806516041602224
SEG_15_215_216_AB,1800,22.799529236878325,0.37664670658682636,0.053293413173652694,31.425174097531993,6.258826050528184,41.0431834473405,-1.3781569883901388,0.44449900514830365,true,0.16741908637022934
SEG_15_215_216_AB,1830,23.123462619997124,0.2815686274509804,0.05803921568627451,31.425174097531993,6.258826050528184,41.0431834473405,-1.3264007356194674,0.43660650374098925,true,0.12293469399452167
SEG_15_215_216_AB,1900,26.618729696987344,0.05868544600938967,0.008802816901408451,31.425174097531993,6.258826050528184,41.0431834473405,-0.7679466343594948,0.3514457831678704,false,0.020624752533325727
SEG_15_215_216_AB,1930,29.588083186450422,0.0015910898965791568,0.0,31.425174097531993,6.258826050528184,41.0431834473405,-0.2935200461317404,0.27909872721221246,false,0.00044407116501545343
SEG_15_215_216_AB,2000,30.455078286120468,0.0005977286312014345,0.0,31.425174097531993,6.258826050528184,41.0431834473405,-0.1549964487876538,0.25797475419529425,false,0.00015419889670967977
SEG_15_215_216_AB,2030,31.022087329655054,0.0,0.0,31.425174097531993,6.258826050528184,41.0431834473405,-0.06440293509082623,0.24415981597876737,false,0.0
SEG_15_215_216_AB,2100,31.072017653145902,0.000594883997620464,0.0,31.425174097531993,6.258826050528184,41.0431834473405,-0.05642534902472451,0.24294328452830352,false,0.00014452307229524303
SEG_15_215_216_AB,2130,33.20601003423345,0.0,0.0,31.425174097531993,6.258826050528184,41.0431834473405,0.2845319429433851,0.19094945262134344,false,0.0
SEG_15_215_216_AB,2200,34.40191768485328,0.0,0.0,31.425174097531993,6.258826050528184,41.0431834473405,0.4756073364700844,0.1618116628552496,false,0.0
SEG_15_215_216_AB,2230,35.2372519505422,0.0,0.0,31.425174097531993,6.258826050528184,41.0431834473405,0.6090723439563408,0.14145909281738503,false,0.0
SEG_15_215_216_AB,2300,36.4139568806437,0.0,0.0,31.425174097531993,6.258826050528184,41.0431834473405,0.7970796348766882,0.11278916930593899,false,0.0
SEG_15_215_216_AB,2330,37.22978081473316,0.0,0.0,31.425174097531993,6.258826050528184,41.0431834473405,0.9274273913893668,0.09291196033806783,false,0.0
SEG_15_215_216_BA,0,37.08343744086833,0.0,0.0,29.37809227978319,5.8213785363120225,38.5300120781999,1.3236289502600624,0.03754410028202502,false,0.0
SEG_15_215_216_BA,30,37.31119766249192,0.0,0.0,29.37809227978319,5.8213785363120225,38.5300120781999,1.362753741785453,0.03163285838671152,false,0.0
SEG_15_215_216_BA,100,37.49230467593257,0.0,0.0,29.37809227978319,5.8213785363120225,38.5300120781999,1.3938644163981688,0.026932444250503097,false,0.0
SEG_15_215_216_BA,130,37.95224618367841,0.0006002400960384153,0.0,29.37809227978319,5.8213785363120225,38.5300120781999,1.4728734526387879,0.014995217062192102,false,9.00073052952707e-6
SEG_15_215_216_BA,200,37.83846071962708,0.0,0.0,29.37809227978319,5.8213785363120225,38.5300120781999,1.4533273153550548,0.017948381567315933,false,0.0
SEG_15_215_216_BA,230,38.32350824995939,0.0,0.0,29.37809227978319,5.8213785363120225,38.5300120781999,1.5366490796599745,0.005359557838222245,false,0.0
SEG_15_215_216_BA,300,38.5300120781999,0.0,0.0,29.37809227978319,5.8213785363120225,38.5300120781999,1.5721224348029883,0.0,false,0.0
SEG_15_215_216_BA,330,38.10488504829935,0.0006035003017501509,0.0,29.37809227978319,5.8213785363120225,38.5300120781999,1.4990938510665528,0.011033659398749215,false,6.65881677655354e-6
SEG_15_215_216_BA,400,37.80905718994298,0.0,0.0,29.37809227978319,5.8213785363120225,38.5300120781999,1.448276358867569,0.01871151472243717,false,0.0
SEG_15_215_216_BA,430,37.21144948648458,0.0,0.0,29.37809227978319,5.8213785363120225,38.5300120781999,1.3456189385107407,0.0342217020082731,false,0.0
SEG_15_215_216_BA,500,36.50242576485883,0.0,0.0,29.37809227978319,5.8213785363120225,38.5300120781999,1.2238224057473968,0.0526235576886381,false,0.0
SEG_15_215_216_BA,530,35.56188173296192,0.00039308176100628933,0.0,29.37809227978319,5.8213785363120225,38.5300120781999,1.0622551711087158,0.07703424383085866,false,0.0000302807562228218
SEG_15_215_216_BA,600,33.97963099740727,0.0,0.0,29.37809227978319,5.8213785363120225,38.5300120781999,0.7904551626253223,0.11809965362993533,false,0.0
SEG_15_215_216_BA,630,32.06912804477101,0.0,0.0,29.37809227978319,5.8213785363120225,38.5300120781999,0.46226778557723835,0.16768445388275463,false,0.0
SEG_15_215_216_BA,700,28.354646232996412,0.01060070671378092,0.0,29.37809227978319,5.8213785363120225,38.5300120781999,-0.17580819395317207,0.2640893499994687,false,0.002799533745577407
SEG_15_215_216_BA,730,23.74325386693693,0.15003927729772193,0.003142183817753339,29.37809227978319,5.8213785363120225,38.5300120781999,-0.9679560223919162,0.3837724779647617,false,0.05758094524058876
SEG_15_215_216_BA,800,22.012657584258225,0.34236888626988804,0.014142604596346494,29.37809227978319,5.8213785363120225,38.5300120781999,-1.2652389205720913,0.42868801754897756,true,0.14676943912548968
SEG_15_215_216_BA,830,21.540278942661832,0.3504746835443038,0.00870253164556962,29.37809227978319,5.8213785363120225,38.5300120781999,-1.3463844153461961,0.4409480355483922,true,0.15454112321830515
SEG_15_215_216_BA,900,22.561453069096927,0.23355068168346177,0.004742145820983995,29.37809227978319,5.8213785363120225,38.5300120781999,-1.170966493274076,0.41444469253457383,true,0.09679384046154244
SEG_15_215_216_BA,930,23.441436671417957,0.17230527143981117,0.012588512981904013,29.37809227978319,5.8213785363120225,38.5300120781999,-1.0198023666274483,0.3916057793119403,true,0.06747574010174266
SEG_15_215_216_BA,1000,25.218919982409943,0.05052878965922444,0.013513513513513514,29.37809227978319,5.8213785363120225,38.5300120781999,-0.714465185768211,0.34547334344910086,false,0.01745634990400862
SEG_15_215_216_BA,1030,25.71433290738025,0.042278332354668234,0.007046388725778039,29.37809227978319,5.8213785363120225,38.5300120781999,-0.6293628475711555,0.3326154984018472,false,0.014062428587746915
SEG_15_215_216_BA,1100,25.817300093174953,0.03485576923076923,0.006610576923076923,29.37809227978319,5.8213785363120225,38.5300120781999,-0.6116750808072481,0.32994310926307086,false,0.011500420875756076
SEG_15_215_216_BA,1130,25.899291246050726,0.03241013553329405,0.008249852681202121,29.37809227978319,5.8213785363120225,38.5300120781999,-0.5975905899320478,0.3278151277636266,false,0.010624532720683243
SEG_15_215_216_BA,1200,26.51891618364316,0.0255496137849079,0.0059417706476530005,29.37809227978319,5.8213785363120225,38.5300120781999,-0.4911510354987812,0.3117335097165091,false,0.007964670777070642
SEG_15_215_216_BA,1230,27.393854686432107,0.0093841642228739,0.0011730205278592375,29.37809227978319,5.8213785363120225,38.5300120781999,-0.34085355916541077,0.28902553596832586,false,0.0027122630941309174
SEG_15_215_216_BA,1300,27.20273227668261,0.010526315789473684,0.0005847953216374269,29.37809227978319,5.8213785363120225,38.5300120781999,-0.37368468474113686,0.29398588763812544,false,0.0030945882909276363
SEG_15_215_216_BA,1330,26.44234667988183,0.018256772673733806,0.004122497055359246,29.37809227978319,5.8213785363120225,38.5300120781999,-0.5043041921409258,0.3137207788511755,false,0.005727528942512627
SEG_15_215_216_BA,1400,26.125587252747902,0.02526439482961222,0.0035252643948296123,29.37809227978319,5.8213785363120225,38.5300120781999,-0.5587173221509529,0.3219418878010258,false,0.008133666965595834
SEG_15_215_216_BA,1430,25.472882371804285,0.05107370864770749,0.004062681369704005,29.37809227978319,5.8213785363120225,38.5300120781999,-0.6708393696818321,0.3388820558865923,false,0.017307963388287943
SEG_15_215_216_BA,1500,25.212143903127714,0.0609375,0.005859375,29.37809227978319,5.8213785363120225,38.5300120781999,-0.7156291848519267,0.34564920841557106,false,0.021062998637823863
SEG_15_215_216_BA,1530,24.7798627285585,0.08740157480314961,0.00984251968503937,29.37809227978319,5.8213785363120225,38.5300120781999,-0.7898867119776367,0.3568685450119849,false,0.031190872831756162
SEG_15_215_216_BA,1600,24.824610102985808,0.08397397989355411,0.011235955056179775,29.37809227978319,5.8213785363120225,38.5300120781999,-0.7821999803644648,0.35570718086975495,false,0.029870147654349616
SEG_15_215_216_BA,1630,24.329079218507975,0.1021377672209026,0.010292953285827395,29.37809227978319,5.8213785363120225,38.5300120781999,-0.8673225817185702,0.3685680874137786,false,0.0376447215173218
SEG_15_215_216_BA,1700,23.514024409989002,0.1603550295857988,0.010650887573964497,29.37809227978319,5.8213785363120225,38.5300120781999,-1.0073332000686575,0.38972185209116184,true,0.06249385912231056
SEG_15_215_216_BA,1730,22.32333812251531,0.2924901185770751,0.018972332015810278,29.37809227978319,5.8213785363120225,38.5300120781999,-1.2118700258473878,0.4206246788293703,true,0.12302856218724664
SEG_15_215_216_BA,1800,22.61111369309854,0.23832335329341317,0.015568862275449102,29.37809227978319,5.8213785363120225,38.5300120781999,-1.162435760614819,0.41315581092454934,true,0.09846467829219799
SEG_15_215_216_BA,1830,22.775029718862832,0.17098039215686275,0.003137254901960784,29.37809227978319,5.8213785363120225,38.5300120781999,-1.134278164481561,0.40890156814280276,true,0.06991415047461255
SEG_15_215_216_BA,1900,24.12168965325037,0.05516431924882629,0.0017605633802816902,29.37809227978319,5.8213785363120225,38.5300120781999,-0.9029480893133726,0.37395063348816576,false,0.020628732129042007
SEG_15_215_216_BA,1930,26.111179537797344,0.0031821797931583136,0.0,29.37809227978319,5.8213785363120225,38.5300120781999,-0.5611922883227431,0.32231582266824865,false,0.001025666897910099
SEG_15_215_216_BA,2000,26.49810922179794,0.0005977286312014345,0.0,29.37809227978319,5.8213785363120225,38.5300120781999,-0.49472526825403546,0.3122735293200065,false,0.0001866548292408885
SEG_15_215_216_BA,2030,26.828807085958047,0.0005995203836930455,0.0,29.37809227978319,5.8213785363120225,38.5300120781999,-0.4379177849238735,0.3036906650455566,false,0.00018206874403210824
SEG_15_215_216_BA,2100,27.960754880706144,0.001189767995240928,0.0,29.37809227978319,5.8213785363120225,38.5300120781999,-0.24347109369990583,0.27431232505306674,false,0.000326368025048265
SEG_15_215_216_BA,2130,32.211494946564954,0.0011904761904761906,0.0,29.37809227978319,5.8213785363120225,38.5300120781999,0.48672365988706023,0.163989492627487,false,0.00019522558646129407
SEG_15_215_216_BA,2200,31.92283899350753,0.0,0.0,29.37809227978319,5.8213785363120225,38.5300120781999,0.4371381620093882,0.17148120979776907,false,0.0
SEG_15_215_216_BA,2230,32.9140610768629,0.0,0.0,29.37809227978319,5.8213785363120225,38.5300120781999,0.6074109036241833,0.1457552359428011,false,0.0
SEG_15_215_216_BA,2300,34.42349459674181,0.0,0.0,29.37809227978319,5.8213785363120225,38.5300120781999,0.8667023258300259,0.10657970916602799,false,0.0
SEG_15_215_216_BA,2330,37.55728221570079,0.0,0.0,29.37809227978319,5.8213785363120225,38.5300120781999,1.405026298306879,0.025246030562484065,false,0.0
SEG_16_216_217_AB,0,40.474322169059,0.001993620414673046,0.0,32.64283008271298,7.108799490669525,41.80384153661464,1.1016616935989043,0.03180376058002127,false,0.00006340462635570427
SEG_16_216_217_AB,30,40.73778298204528,0.00156128024980484,0.0,32.64283008271298,7.108799490669525,41.80384153661464,1.1387229179775185,0.02550144951716059,false,0.000039814909472538006
SEG_16_216_217_AB,100,41.43792067307693,0.001201923076923077,0.0,32.64283008271298,7.108799490669525,41.80384153661464,1.2372117967186613,0.008753283193297235,false,0.000010520773068866869
SEG_16_216_217_AB,130,41.80384153661464,0.005402160864345739,0.0006002400960384153,32.64283008271298,7.108799490669525,41.80384153661464,1.2886861510056251,0.0,false,0.0
SEG_16_216_217_AB,200,41.748430769230765,0.003076923076923077,0.0018461538461538461,32.64283008271298,7.108799490669525,41.80384153661464,1.2808914780152554,0.0013254946279361247,false,4.07844500903423e-6
SEG_16_216_217_AB,230,41.50801944106926,0.0006075334143377885,0.0006075334143377885,32.64283008271298,7.108799490669525,41.80384153661464,1.2470726414483986,0.007076433281527045,false,4.299169672859686e-6
SEG_16_216_217_AB,300,41.29447779111644,0.003601440576230492,0.001800720288115246,32.64283008271298,7.108799490669525,41.80384153661464,1.217033582077953,0.01218461573805516,false,0.000043882169524808495
SEG_16_216_217_AB,330,41.0635485817743,0.0012070006035003018,0.0,32.64283008271298,7.108799490669525,41.80384153661464,1.1845486020689875,0.017708730289582197,false,0.000021374448146749787
SEG_16_216_217_AB,400,40.83419316136772,0.008998200359928014,0.005398920215956809,32.64283008271298,7.108799490669525,41.80384153661464,1.1522850080954041,0.023195197847968956,false,0.00020871503762419575
SEG_16_216_217_AB,430,41.26579727326615,0.004742145820983995,0.0023710729104919974,32.64283008271298,7.108799490669525,41.80384153661464,1.2129990727507545,0.01287068947664136,false,0.0000610346863148375
SEG_16_216_217_AB,500,40.474408343361404,0.0024067388688327317,0.00040112314480545525,32.64283008271298,7.108799490669525,41.80384153661464,1.1016738158007637,0.031801699183287485,false,0.00007653838551934413
SEG_16_216_217_AB,530,39.13345125786163,0.0015723270440251573,0.0,32.64283008271298,7.108799490669525,41.80384153661464,0.9130404062834727,0.06387906423418294,false,0.00010043878024242601
SEG_16_216_217_AB,600,37.55041420118343,0.0,0.0,32.64283008271298,7.108799490669525,41.80384153661464,0.6903534309712591,0.10174728395967561,false,0.0
SEG_16_216_217_AB,630,34.87244094488188,0.0015748031496062992,0.0,32.64283008271298,7.108799490669525,41.80384153661464,0.3136409832764754,0.16580774246935584,false,0.0002611145550698517
SEG_16_216_217_AB,700,32.878621908127194,0.006478209658421673,0.001177856301531213,32.64283008271298,7.108799490669525,41.80384153661464,0.03316900775210965,0.21350237921723375,false,0.0013831131751410903
SEG_16_216_217_AB,730,27.742655145325987,0.031421838177533384,0.0054988216810683424,32.64283008271298,7.108799490669525,41.80384153661464,-0.6893111760739064,0.3363611064062836,false,0.01056908425471433
SEG_16_216_217_AB,800,21.21473187978786,0.41838538597525043,0.08898055391868002,32.64283008271298,7.108799490669525,41.80384153661464,-1.6075988945707058,0.4925171682797009,true,0.20606198555014002
SEG_16_216_217_AB,830,17.715585443037973,0.7294303797468354,0.34335443037974683,32.64283008271298,7.108799490669525,41.80384153661464,-2.099826371424231,0.5762211128964916,true,0.420313185198232
SEG_16_216_217_AB,900,21.16739774748073,0.4582098399525785,0.13930053349140487,32.64283008271298,7.108799490669525,41.80384153661464,-1.6142574214245373,0.4936494597286977,true,0.22619503993496345
SEG_16_216_217_AB,930,24.730684500393387,0.15735641227380015,0.05428796223446106,32.64283008271298,7.108799490669525,41.80384153661464,-1.1130072795982617,0.4084111987953888,true,0.06426612097488416
SEG_16_216_217_AB,1000,28.13995299647473,0.08871915393654524,0.038777908343125736,32.64283008271298,7.108799490669525,41.80384153661464,-0.633422998095303,0.3268572465564475,false,0.028998498372516786
SEG_16_216_217_AB,1030,30.102935995302392,0.030534351145038167,0.0064591896652965355,32.64283008271298,7.108799490669525,41.80384153661464,-0.35728875047668246,0.27990024627434784,false,0.008546572405323598
SEG_16_216_217_AB,1100,31.131550480769228,0.026442307692307692,0.01141826923076923,32.64283008271298,7.108799490669525,41.80384153661464,-0.2125928019108356,0.2552945055659035,false,0.0067505758683291785
SEG_16_216_217_AB,1130,32.97566293459045,0.011196228638774307,0.005303476723629935,32.64283008271298,7.108799490669525,41.80384153661464,0.04681983959659026,0.21118103689805326,false,0.0023644311732840375
SEG_16_216_217_AB,1200,35.09073083778966,0.0023767082590612004,0.0011883541295306002,32.64283008271298,7.108799490669525,41.80384153661464,0.3443479814404112,0.16058597612243808,false,0.0003816660157396033
SEG_16_216_217_AB,1230,34.6415835777126,0.002346041055718475,0.0005865102639296188,32.64283008271298,7.108799490669525,41.80384153661464,0.2811661093582724,0.17133013846655332,false,0.00040194753892446527
SEG_16_216_217_AB,1300,32.60204798127559,0.005851375073142188,0.0005851375073142189,32.64283008271298,7.108799490669525,41.80384153661464,-0.005736847901100771,0.22011837230986286,false,0.0012879951568745631
SEG_16_216_217_AB,1330,28.137750294464077,0.061837455830388695,0.027090694935217905,32.64283008271298,7.108799490669525,41.80384153661464,-0.6337328537908454,0.3269099379343134,false,0.020215278847528214
SEG_16_216_217_AB,1400,27.7698589894242,0.06874265569917744,0.03055229142185664,32.64283008271298,7.108799490669525,41.80384153661464,-0.6854843915185226,0.33571035654458997,false,0.02307762145459285
SEG_16_216_217_AB,1430,28.32710388856645,0.03366221706326175,0.00812536273940801,32.64283008271298,7.108799490669525,41.80384153661464,-0.6070963458472881,0.32238036392527103,false,0.010852037787385792
SEG_16_216_217_AB,1500,28.524492187499995,0.02890625,0.0078125,32.64283008271298,7.108799490669525,41.80384153661464,-0.5793295901253663,0.3176585897610317,false,0.009182318610279822
SEG_16_216_217_AB,1530,27.760551181102358,0.03385826771653543,0.00984251968503937,32.64283008271298,7.108799490669525,41.80384153661464,-0.6867937276918188,0.33593301092226696,false,0.011374109818627937
SEG_16_216_217_AB,1600,27.813364872856305,0.0449438202247191,0.01714961561206387,32.64283008271298,7.108799490669525,41.80384153661464,-0.6793643872211435,0.334669641580775,false,0.015041332205877528
SEG_16_216_217_AB,1630,25.49683293745051,0.09659540775930324,0.01979414093428345,32.64283008271298,7.108799490669525,41.80384153661464,-1.0052326211537927,0.39008397314111304,true,0.03768032044593491
SEG_16_216_217_AB,1700,24.315798816568044,0.14437869822485208,0.03254437869822485,32.64283008271298,7.108799490669525,41.80384153661464,-1.1713695508045168,0.4183357815269054,true,0.06039877555773073
SEG_16_216_217_AB,1730,22.556521739130435,0.2600790513833992,0.03636363636363636,32.64283008271298,7.108799490669525,41.80384153661464,-1.4188483381506367,0.46041988224039404,true,0.11974556621113805
SEG_16_216_217_AB,1800,21.391736526946104,0.3772455089820359,0.07125748502994012,32.64283008271298,7.108799490669525,41.80384153661464,-1.5826995219845794,0.48828299647510215,true,0.18420256753252356
SEG_16_216_217_AB,1830,18.90658823529412,0.5968627450980392,0.2407843137254902,32.64283008271298,7.108799490669525,41.80384153661464,-1.9322871415135594,0.5477308414650255,true,0.326920133611674
SEG_16_216_217_AB,1900,23.904049295774648,0.3104460093896714,0.1643192488262911,32.64283008271298,7.108799490669525,41.80384153661464,-1.2292906556737464,0.42818534332932395,true,0.13292843111573496
SEG_16_216_217_AB,1930,33.88440731901352,0.007159904534606206,0.0,32.64283008271298,7.108799490669525,41.80384153661464,0.174653573775732,0.18944273843026468,false,0.0013563919219350695
SEG_16_216_217_AB,2000,35.330245068738776,0.0,0.0,32.64283008271298,7.108799490669525,41.80384153661464,0.3780406226892588,0.15485649715244112,false,0.0
SEG_16_216_217_AB,2030,35.71426858513189,0.0,0.0,32.64283008271298,7.108799490669525,41.80384153661464,0.4320614903332477,0.14567017593703893,false,0.0
SEG_16_216_217_AB,2100,35.25966686496132,0.0,0.0,32.64283008271298,7.108799490669525,41.80384153661464,0.3681123353785682,0.15654481576583076,false,0.0
SEG_16_216_217_AB,2130,35.45285714285712,0.0,0.0,32.64283008271298,7.108799490669525,41.80384153661464,0.3952885524246909,0.1519234634978438,false,0.0
SEG_16_216_217_AB,2200,36.19464285714284,0.0011904761904761906,0.0,32.64283008271298,7.108799490669525,41.80384153661464,0.49963608891933126,0.13417902454153371,false,0.00015973693397801635
SEG_16_216_217_AB,2230,37.84221698113208,0.0,0.0,32.64283008271298,7.108799490669525,41.80384153661464,0.7314015404771823,0.09476699771748724,false,0.0
SEG_16_216_217_AB,2300,38.05687315634217,0.0,0.0,32.64283008271298,7.108799490669525,41.80384153661464,0.7615973809270121,0.08963215442749732,false,0.0
SEG_16_216_217_AB,2330,39.88282647584971,0.0,0.0,32.64283008271298,7.108799490669525,41.80384153661464,1.0184555637895545,0.0459530748886409,false,0.0
SEG_16_216_217_BA,0,38.59976076555024,0.004784688995215311,0.00039872408293460925,31.94628198415265,7.090954143177148,42.1217887154862,0.9383051486518932,0.0836153462932373,false,0.00040007342724036985
SEG_16_216_217_BA,30,39.0283762685402,0.00429352068696331,0.0,31.94628198415265,7.090954143177148,42.1217887154862,0.998750540673271,0.07343972184658662,false,0.000315314964993151
SEG_16_216_217_BA,100,39.39423076923077,0.004206730769230769,0.0006009615384615385,31.94628198415265,7.090954143177148,42.1217887154862,1.0503450783480899,0.06475408641069025,false,0.0002724030077372787
SEG_16_216_217_BA,130,40.046338535414165,0.012004801920768308,0.003601440576230492,31.94628198415265,7.090954143177148,42.1217887154862,1.1423084098005787,0.04927260316722938,false,0.0005915078411432099
SEG_16_216_217_BA,200,40.81323076923077,0.004923076923076923,0.003076923076923077,31.94628198415265,7.090954143177148,42.1217887154862,1.2504591915334577,0.031066058355074824,false,0.0001529405949788299
SEG_16_216_217_BA,230,41.43888213851761,0.006682867557715674,0.0006075334143377885,31.94628198415265,7.090954143177148,42.1217887154862,1.3386915163594246,0.016212668022749743,false,0.00010834711315324858
SEG_16_216_217_BA,300,42.1217887154862,0.004201680672268907,0.0006002400960384153,31.94628198415265,7.090954143177148,42.1217887154862,1.4349982422498566,0.0,false,0.0
SEG_16_216_217_BA,330,41.99064574532287,0.005431502715751358,0.0024140012070006035,31.94628198415265,7.090954143177148,42.1217887154862,1.4165038383212245,0.00311342357868837,false,0.000016910568622930194
SEG_16_216_217_BA,400,41.09868026394721,0.004199160167966407,0.0011997600479904018,31.94628198415265,7.090954143177148,42.1217887154862,1.290714633742331,0.024289292614082157,false,0.00010199463005313443
SEG_16_216_217_BA,430,40.59413159454653,0.002963841138114997,0.0005927682276229994,31.94628198415265,7.090954143177148,42.1217887154862,1.2195607862892137,0.03626762223366876,false,0.00010749147075776158
SEG_16_216_217_BA,500,40.213237063778585,0.0048134777376654635,0.00040112314480545525,31.94628198415265,7.090954143177148,42.1217887154862,1.165845232207618,0.045310318244057075,false,0.00021810020815430604
SEG_16_216_217_BA,530,39.32346698113207,0.0031446540880503146,0.0007861635220125787,31.94628198415265,7.090954143177148,42.1217887154862,1.040365633174723,0.06643406701589846,false,0.00020891216042735367
SEG_16_216_217_BA,600,37.96538461538462,0.0035502958579881655,0.0,31.94628198415265,7.090954143177148,42.1217887154862,0.8488424138271288,0.09867586887575507,false,0.00035032852855297657
SEG_16_216_217_BA,630,36.16015748031496,0.003937007874015748,0.0,31.94628198415265,7.090954143177148,42.1217887154862,0.5942607173982162,0.14153319260583605,false,0.000557217293723764
SEG_16_216_217_BA,700,32.10265017667844,0.0076560659599528855,0.001177856301531213,31.94628198415265,7.090954143177148,42.1217887154862,0.022051784480406223,0.2378611840651533,false,0.001821080914515308
SEG_16_216_217_BA,730,24.05907305577376,0.13668499607227022,0.03220738413197172,31.94628198415265,7.090954143177148,42.1217887154862,-1.112291628055146,0.4288211923220542,true,0.058613422988246205
SEG_16_216_217_BA,800,19.101885680612842,0.5963464938126105,0.16087212728344136,31.94628198415265,7.090954143177148,42.1217887154862,-1.8113777136605194,0.5465082024498646,true,0.3259082503708091
SEG_16_216_217_BA,830,21.888449367088608,0.3694620253164557,0.23180379746835442,31.94628198415265,7.090954143177148,42.1217887154862,-1.418403280289381,0.4803532795120532,true,0.17747229551592472
SEG_16_216_217_BA,900,27.854771784232366,0.07291049199762893,0.036751630112625965,31.94628198415265,7.090954143177148,42.1217887154862,-0.5770041826962172,0.33870871504581956,false,0.024695419057875406
SEG_16_216_217_BA,930,30.501101494885912,0.05192761605035405,0.025963808025177025,31.94628198415265,7.090954143177148,42.1217887154862,-0.20380621000874463,0.2758830423630112,false,0.014325948698630006
SEG_16_216_217_BA,1000,30.76139835487661,0.04171562867215041,0.022914218566392478,31.94628198415265,7.090954143177148,42.1217887154862,-0.1670979116986851,0.26970341732977987,false,0.011250847608939112
SEG_16_216_217_BA,1030,30.723605402231357,0.01996476805637111,0.008220786846741044,31.94628198415265,7.090954143177148,42.1217887154862,-0.17242765320908798,0.27060064780829846,false,0.005402479169396446
SEG_16_216_217_BA,1100,30.39525240384615,0.018629807692307692,0.005408653846153846,31.94628198415265,7.090954143177148,42.1217887154862,-0.218733551083374,0.2783959719955756,false,0.0051864634205906505
SEG_16_216_217_BA,1130,30.926694166175604,0.01060695344725987,0.0041249263406010605,31.94628198415265,7.090954143177148,42.1217887154862,-0.1437871120571391,0.26577918200313,false,0.0028191074107580083
SEG_16_216_217_BA,1200,32.01734997029114,0.0071301247771836,0.0011883541295306002,31.94628198415265,7.090954143177148,42.1217887154862,0.010022344624365121,0.23988626915741895,false,0.001710419031425447
SEG_16_216_217_BA,1230,33.22979472140761,0.0011730205278592375,0.0005865102639296188,31.94628198415265,7.090954143177148,42.1217887154862,0.1810070565030998,0.21110200362430057,false,0.0002476269837235197
SEG_16_216_217_BA,1300,32.77583382094791,0.0005851375073142189,0.0,31.94628198415265,7.090954143177148,42.1217887154862,0.11698733626608553,0.22187934509775983,false,0.00012982992691501453
SEG_16_216_217_BA,1330,30.80600706713781,0.010011778563015312,0.0017667844522968198,31.94628198415265,7.090954143177148,42.1217887154862,-0.16080697942631667,0.2686443760682012,false,0.00268960800539424
SEG_16_216_217_BA,1400,30.0117508813161,0.01645123384253819,0.004700352526439483,31.94628198415265,7.090954143177148,42.1217887154862,-0.27281675551349316,0.28750055976891137,false,0.004729738938618989
SEG_16_216_217_BA,1430,29.28868253047011,0.01567034242600116,0.004062681369704005,31.94628198415265,7.090954143177148,42.1217887154862,-0.37478728532459366,0.30466669570226396,false,0.004774231447452773
SEG_16_216_217_BA,1500,28.340859374999997,0.02265625,0.004296875,31.94628198415265,7.090954143177148,42.1217887154862,-0.5084538041501452,0.327168664027309,false,0.007412415044368719
SEG_16_216_217_BA,1530,27.649960629921253,0.048818897637795275,0.007480314960629921,31.94628198415265,7.090954143177148,42.1217887154862,-0.6058876235104806,0.34357107157332883,false,0.016772760974445973
SEG_16_216_217_BA,1600,26.771496156120634,0.0514488468361916,0.010644589000591367,31.94628198415265,7.090954143177148,42.1217887154862,-0.7297728519385717,0.3644264174783723,false,0.018749318935906794
SEG_16_216_217_BA,1630,25.572345483359747,0.10538827258320127,0.022979397781299524,31.94628198415265,7.090954143177148,42.1217887154862,-0.8988827698069164,0.3928950725219796,false,0.041406532999543014
SEG_16_216_217_BA,1700,21.898698224852073,0.37337278106508875,0.08698224852071006,31.94628198415265,7.090954143177148,42.1217887154862,-1.4169579377365278,0.480109964636878,true,0.17925999271353255
SEG_16_216_217_BA,1730,18.28584980237154,0.666403162055336,0.19446640316205532,31.94628198415265,7.090954143177148,42.1217887154862,-1.9264589653178135,0.5658814509069342,true,0.37710518823284234
SEG_16_216_217_BA,1800,17.589401197604786,0.7251497005988023,0.2718562874251497,31.94628198415265,7.090954143177148,42.1217887154862,-2.024675452225555,0.5824156159081156,true,0.42233850949983714
SEG_16_216_217_BA,1830,15.477098039215688,0.8870588235294118,0.4454901960784314,31.94628198415265,7.090954143177148,42.1217887154862,-2.3225624665452766,0.6325631339220528,true,0.5611207093849739
SEG_16_216_217_BA,1900,21.861502347417836,0.38497652582159625,0.1807511737089202,31.94628198415265,7.090954143177148,42.1217887154862,-1.4222034768675382,0.48099302014255646,true,0.18517102183891845
SEG_16_216_217_BA,1930,29.28202068416865,0.00954653937947494,0.0015910898965791568,31.94628198415265,7.090954143177148,42.1217887154862,-0.3757267705006286,0.304824852478237,false,0.0029100224580261287
SEG_16_216_217_BA,2000,30.865809922295288,0.002988643156007173,0.0005977286312014345,31.94628198415265,7.090954143177148,42.1217887154862,-0.1523732970261815,0.26722461548867266,false,0.0007986390181968699
SEG_16_216_217_BA,2030,31.52841726618705,0.001199040767386091,0.0,31.94628198415265,7.090954143177148,42.1217887154862,-0.058929265304538576,0.2514938651075011,false,0.0003015513970113922
SEG_16_216_217_BA,2100,32.69250446162999,0.001784651992861392,0.000594883997620464,31.94628198415265,7.090954143177148,42.1217887154862,0.10523583461547892,0.22385764093606753,false,0.00039950798501380285
SEG_16_216_217_BA,2130,34.2025,0.0,0.0,31.94628198415265,7.090954143177148,42.1217887154862,0.31818257039756226,0.18800931672150586,false,0.0
SEG_16_216_217_BA,2200,34.81089285714287,0.0005952380952380953,0.0,31.94628198415265,7.090954143177148,42.1217887154862,0.4039810179489764,0.17356565524140377,false,0.0001033128900246451
SEG_16_216_217_BA,2230,35.94941037735849,0.0011792452830188679,0.0,31.94628198415265,7.090954143177148,42.1217887154862,0.5645401609397815,0.14653647260374805,false,0.00017280244410819345
SEG_16_216_217_BA,2300,36.94825958702065,0.0005899705014749262,0.0,31.94628198415265,7.090954143177148,42.1217887154862,0.7054026160472151,0.12282311094171276,false,0.00007246201235499277
SEG_16_216_217_BA,2330,38.461896243291584,0.0017889087656529517,0.0,31.94628198415265,7.090954143177148,42.1217887154862,0.9188628395528684,0.08688834410417721,false,0.00015543532040103257
SEG_17_217_218_AB,0,39.90538427885813,0.00039872408293460925,0.0,30.90446878715089,7.214449539189127,43.78756750445858,1.2476233207833765,0.08865948594210342,false,0.000035350672225719065
SEG_17_217_218_AB,30,39.996960037613654,0.00039032006245121,0.0,30.90446878715089,7.214449539189127,43.78756750445858,1.2603167020674346,0.08656812156690262,false,0.00003378927461627737
SEG_17_217_218_AB,100,41.12595057046225,0.001201923076923077,0.0,30.90446878715089,7.214449539189127,43.78756750445858,1.416806885651904,0.06078476347710601,false,0.00007305860994844473
SEG_17_217_218_AB,130,42.03364832927667,0.0012004801920768306,0.0,30.90446878715089,7.214449539189127,43.78756750445858,1.5426235198779497,0.04005518632665121,false,0.000048085457775091486
SEG_17_217_218_AB,200,42.799239908425065,0.0006153846153846154,0.0,30.90446878715089,7.214449539189127,43.78756750445858,1.6487427151110263,0.022570963685819716,false,0.000013889823806658288
SEG_17_217_218_AB,230,43.51155574883036,0.0,0.0,30.90446878715089,7.214449539189127,43.78756750445858,1.7474773221709237,0.006303427464887468,false,0.0
SEG_17_217_218_AB,300,43.78756750445858,0.0006002400960384153,0.0,30.90446878715089,7.214449539189127,43.78756750445858,1.7857355086242233,0.0,false,0.0
SEG_17_217_218_AB,330,43.59591603433833,0.0,0.0,30.90446878715089,7.214449539189127,43.78756750445858,1.7591705615580346,0.004376846695143187,false,0.0
SEG_17_217_218_AB,400,43.31894423706518,0.0,0.0,30.90446878715089,7.214449539189127,43.78756750445858,1.7207793030470937,0.010702199142386263,false,0.0
SEG_17_217_218_AB,430,42.41660832855155,0.0011855364552459987,0.0,30.90446878715089,7.214449539189127,43.78756750445858,1.595705878718305,0.03130932486184433,false,0.000037118346012856347
SEG_17_217_218_AB,500,41.18876255227387,0.0,0.0,30.90446878715089,7.214449539189127,43.78756750445858,1.4255132992833839,0.059350292795325735,false,0.0
SEG_17_217_218_AB,530,38.50924286273431,0.0023584905660377358,0.0,30.90446878715089,7.214449539189127,43.78756750445858,1.0541031625869774,0.12054391103563387,false,0.0002843016769708346
SEG_17_217_218_AB,600,33.108349423751676,0.00650887573964497,0.0,30.90446878715089,7.214449539189127,43.78756750445858,0.3054814680772572,0.24388699097339703,false,0.0015874301187617558
SEG_17_217_218_AB,630,30.288091577328576,0.005511811023622047,0.0,30.90446878715089,7.214449539189127,43.78756750445858,-0.0854364849977996,0.308294721458447,false,0.0016992622442591567
SEG_17_217_218_AB,700,29.056481518727107,0.024734982332155476,0.0,30.90446878715089,7.214449539189127,43.78756750445858,-0.25615083429240926,0.3364216563121829,false,0.008321383725036326
SEG_17_217_218_AB,730,26.427325010904262,0.05577376276512176,0.002356637863315004,30.90446878715089,7.214449539189127,43.78756750445858,-0.6205800944239246,0.39646510374860733,false,0.022112350641124212
SEG_17_217_218_AB,800,24.16718007487113,0.14201532115497936,0.004714201532115498,30.90446878715089,7.214449539189127,43.78756750445858,-0.9338603972046081,0.44808123738752204,false,0.0636344008311095
SEG_17_217_218_AB,830,23.311633463211997,0.17167721518987342,0.006329113924050633,30.90446878715089,7.214449539189127,43.78756750445858,-1.0524483237001467,0.4676198110151166,true,0.08027966692269012
SEG_17_217_218_AB,900,24.130489040247543,0.1114404267931239,0.005334914048606995,30.90446878715089,7.214449539189127,43.78756750445858,-0.9389461677023128,0.4489191700865661,false,0.05002774391006191
SEG_17_217_218_AB,930,25.13056395134839,0.08182533438237609,0.003933910306845004,30.90446878715089,7.214449539189127,43.78756750445858,-0.8003250704628898,0.4260799267100297,false,0.034864132476666476
SEG_17_217_218_AB,1000,26.382693703147037,0.04289071680376028,0.002937720329024677,30.90446878715089,7.214449539189127,43.78756750445858,-0.6267664718481184,0.3974843726941289,false,0.01704838966314419
SEG_17_217_218_AB,1030,27.0958317162994,0.026423957721667644,0.0017615971814445098,30.90446878715089,7.214449539189127,43.78756750445858,-0.5279179028369174,0.38119806007628937,false,0.010072761423037592
SEG_17_217_218_AB,1100,26.929195784934738,0.030048076923076924,0.002403846153846154,30.90446878715089,7.214449539189127,43.78756750445858,-0.5510154282211468,0.38500361358979973,false,0.011568618196808886
SEG_17_217_218_AB,1130,27.19920553375443,0.02357100766057749,0.0,30.90446878715089,7.214449539189127,43.78756750445858,-0.5135891842155591,0.37883725715101835,false,0.008929575890418817
SEG_17_217_218_AB,1200,28.25224595870192,0.0106951871657754,0.0,30.90446878715089,7.214449539189127,43.78756750445858,-0.3676264992972795,0.35478841212576623,false,0.0037945284719333285
SEG_17_217_218_AB,1230,28.381382185051283,0.0064516129032258064,0.0005865102639296188,30.90446878715089,7.214449539189127,43.78756750445858,-0.34972683479094524,0.3518392593477268,false,0.002269930705469205
SEG_17_217_218_AB,1300,27.551756535540935,0.011111111111111112,0.0005847953216374269,30.90446878715089,7.214449539189127,43.78756750445858,-0.46472183822173974,0.3707858621574369,false,0.00411984291286041
SEG_17_217_218_AB,1330,26.43054228984005,0.028268551236749116,0.0005889281507656066,30.90446878715089,7.214449539189127,43.78756750445858,-0.6201341450942753,0.39639162903605424,false,0.011205417075224149
SEG_17_217_218_AB,1400,26.062996559431582,0.04465334900117509,0.0005875440658049354,30.90446878715089,7.214449539189127,43.78756750445858,-0.6710799211249966,0.4047854666332454,false,0.01807502671217782
SEG_17_217_218_AB,1430,25.93493392307917,0.04759141033081834,0.0005803830528148578,30.90446878715089,7.214449539189127,43.78756750445858,-0.6888307745555696,0.4077101012647391,false,0.019403498725309696
SEG_17_217_218_AB,1500,25.644214177957934,0.0640625,0.000390625,30.90446878715089,7.214449539189127,43.78756750445858,-0.7291276459304454,0.4143494229190337,false,0.026544259905750593
SEG_17_217_218_AB,1530,25.353069002058593,0.07677165354330709,0.0015748031496062992,30.90446878715089,7.214449539189127,43.78756750445858,-0.7694834865691291,0.4209984603625888,false,0.03232074794122237
SEG_17_217_218_AB,1600,25.1765181185293,0.06800709639266705,0.0005913660555884093,30.90446878715089,7.214449539189127,43.78756750445858,-0.7939553305497767,0.42503044691930525,false,0.02890508657345955
SEG_17_217_218_AB,1630,24.674504675847057,0.08867775138558986,0.000791765637371338,30.90446878715089,7.214449539189127,43.78756750445858,-0.8635397721562071,0.43649519527809744,false,0.038707412407875626
SEG_17_217_218_AB,1700,23.896164325481692,0.1502958579881657,0.005917159763313609,30.90446878715089,7.214449539189127,43.78756750445858,-0.9714260836672095,0.45427056839710234,false,0.0682749848360142
SEG_17_217_218_AB,1730,22.616370968547287,0.2711462450592885,0.015810276679841896,30.90446878715089,7.214449539189127,43.78756750445858,-1.148819154334975,0.4834978908968985,true,0.13109863761077958
SEG_17_217_218_AB,1800,20.66724029786152,0.4425149700598802,0.08383233532934131,30.90446878715089,7.214449539189127,43.78756750445858,-1.418989547806857,0.5280112261144189,true,0.2336528719153027
SEG_17_217_218_AB,1830,18.814464883660772,0.6,0.2603921568627451,30.90446878715089,7.214449539189127,43.78756750445858,-1.6758040704029904,0.5703240450215685,true,0.3421944270129411
SEG_17_217_218_AB,1900,24.789509291791255,0.17781690140845072,0.03345070422535211,30.90446878715089,7.214449539189127,43.78756750445858,-0.8475989002546866,0.43386877361326104,false,0.07714920094179466
SEG_17_217_218_AB,1930,29.641766352161593,0.014319809069212411,0.0007955449482895784,30.90446878715089,7.214449539189127,43.78756750445858,-0.17502408577816725,0.3230551948531194,false,0.004626088709113882
SEG_17_217_218_AB,2000,30.0281218245012,0.016138673042438732,0.0005977286312014345,30.90446878715089,7.214449539189127,43.78756750445858,-0.12147107799276242,0.31423178916153205,false,0.005071284104818509
SEG_17_217_218_AB,2030,30.083619727491865,0.013788968824940047,0.0,30.90446878715089,7.214449539189127,43.78756750445858,-0.11377847404713916,0.31296435399320455,false,0.004315455720529798
SEG_17_217_218_AB,2100,29.018812953234303,0.012492563950029744,0.000594883997620464,30.90446878715089,7.214449539189127,43.78756750445858,-0.2613721010416169,0.3372819134043123,false,0.004213515872391766
SEG_17_217_218_AB,2130,29.661915728500436,0.004166666666666667,0.0,30.90446878715089,7.214449539189127,43.78756750445858,-0.17223116634205635,0.32259503281427604,false,0.0013441459700594834
SEG_17_217_218_AB,2200,30.276951333720586,0.002380952380952381,0.0,30.90446878715089,7.214449539189127,43.78756750445858,-0.08698064211574405,0.3085491371349254,false,0.0007346408027022034
SEG_17_217_218_AB,2230,32.65351184673815,0.001768867924528302,0.0,30.90446878715089,7.214449539189127,43.78756750445858,0.24243610688333167,0.25427435896243217,false,0.0004497777575986418
SEG_17_217_218_AB,2300,34.69954555929886,0.0017699115044247787,0.0,30.90446878715089,7.214449539189127,43.78756750445858,0.5260383001548476,0.2075479973678453,false,0.0003673415882616731
SEG_17_217_218_AB,2330,37.68752207280113,0.0,0.0,30.90446878715089,7.214449539189127,43.78756750445858,0.9402038573843329,0.13930998635711664,false,0.0
SEG_17_217_218_BA,0,38.30637608523531,0.006778309409888357,0.0,29.361898976374732,7.911009129957312,43.36324375946315,1.1306366813545619,0.11661645291755385,false,0.0007904624001588578
SEG_17_217_218_BA,30,39.70996803291081,0.00936768149882904,0.00195160031225605,29.361898976374732,7.911009129957312,43.36324375946315,1.3080592989521571,0.08424821138421155,false,0.0007892104110933167
SEG_17_217_218_BA,100,41.058129008160975,0.0030048076923076925,0.0,29.361898976374732,7.911009129957312,43.36324375946315,1.4784751021832476,0.05315826380721651,false,0.00015973035999764578
SEG_17_217_218_BA,130,41.51098977063299,0.007202881152460984,0.0006002400960384153,29.361898976374732,7.911009129957312,43.36324375946315,1.5357194758191124,0.04271483930272044,false,0.0003076699109439648
SEG_17_217_218_BA,200,42.373008120145016,0.004923076923076923,0.0006153846153846154,29.361898976374732,7.911009129957312,43.36324375946315,1.6446838740837721,0.022835829459876084,false,0.0001124225450332361
SEG_17_217_218_BA,230,43.04235408678367,0.0018226002430133657,0.0006075334143377885,29.361898976374732,7.911009129957312,43.36324375946315,1.7292933032530522,0.007400038485577017,false,0.00001348731194212093
SEG_17_217_218_BA,300,42.572597668105175,0.006002400960384154,0.003001200480192077,29.361898976374732,7.911009129957312,43.36324375946315,1.6699132152059248,0.018233093809672283,false,0.00010944233979395128
SEG_17_217_218_BA,330,43.36324375946315,0.004224502112251056,0.0006035003017501509,29.361898976374732,7.911009129957312,43.36324375946315,1.7698557229656453,0.0,false,0.0
SEG_17_217_218_BA,400,42.668991567938114,0.002999400119976005,0.0005998800239952009,29.361898976374732,7.911009129957312,43.36324375946315,1.6820979944482994,0.016010153561760047,false,0.00004802085651397735
SEG_17_217_218_BA,430,42.7000600664396,0.0011855364552459987,0.0,29.361898976374732,7.911009129957312,43.36324375946315,1.6860252429182618,0.01529368274897167,false,0.000018131218433872755
SEG_17_217_218_BA,500,40.83452360882153,0.0048134777376654635,0.0,29.361898976374732,7.911009129957312,43.36324375946315,1.4502100103768558,0.05831482913659528,false,0.0002806971318247667
SEG_17_217_218_BA,530,39.07321834740773,0.008647798742138365,0.0007861635220125787,29.361898976374732,7.911009129957312,43.36324375946315,1.2275702393337273,0.09893229934209452,false,0.0008555466138074211
SEG_17_217_218_BA,600,35.60619839910045,0.0017751479289940828,0.0,29.361898976374732,7.911009129957312,43.36324375946315,0.7893176862961617,0.17888526521196618,false,0.000317547808068579
SEG_17_217_218_BA,630,32.42724820092336,0.008661417322834646,0.0,29.361898976374732,7.911009129957312,43.36324375946315,0.38747891377609456,0.25219505300853406,false,0.0021843666008613187
SEG_17_217_218_BA,700,28.4706737153736,0.01884570082449941,0.001177856301531213,29.361898976374732,7.911009129957312,43.36324375946315,-0.11265633073614481,0.3434376387223004,false,0.006472322991232986
SEG_17_217_218_BA,730,23.29734423434033,0.19088766692851533,0.014925373134328358,29.361898976374732,7.911009129957312,43.36324375946315,-0.7665968579241328,0.4627398179995205,false,0.08833132425285428
SEG_17_217_218_BA,800,21.021827506667876,0.41072480848556275,0.06069534472598703,29.361898976374732,7.911009129957312,43.36324375946315,-1.054236107265352,0.5152155216229578,true,0.21161179644737865
SEG_17_217_218_BA,830,22.107089876724547,0.2231012658227848,0.01661392405063291,29.361898976374732,7.911009129957312,43.36324375946315,-0.9170522976869996,0.49018828020908556,false,0.10936162580614092
SEG_17_217_218_BA,900,23.66493847842209,0.07528156490812092,0.004149377593360996,29.361898976374732,7.911009129957312,43.36324375946315,-0.7201306943736749,0.4542627251390137,false,0.03419760882789256
SEG_17_217_218_BA,930,24.558552741111633,0.025177025963808025,0.0023603461841070024,29.361898976374732,7.911009129957312,43.36324375946315,-0.6071723791941848,0.4336550817706707,false,0.010918145253077468
SEG_17_217_218_BA,1000,25.096249333810846,0.028789659224441832,0.002937720329024677,29.361898976374732,7.911009129957312,43.36324375946315,-0.5392042370942004,0.42125525772425415,false,0.012127795316385694
SEG_17_217_218_BA,1030,25.29976453248937,0.029359953024075163,0.002348796241926013,29.361898976374732,7.911009129957312,43.36324375946315,-0.5134786696810805,0.41656199262149973,false,0.012230240534982378
SEG_17_217_218_BA,1100,24.97903319361491,0.037259615384615384,0.0006009615384615385,29.361898976374732,7.911009129957312,43.36324375946315,-0.5540210750311031,0.42395837977033857,false,0.01579652616932752
SEG_17_217_218_BA,1130,25.339294798731782,0.04596346493812611,0.0029463759575721863,29.361898976374732,7.911009129957312,43.36324375946315,-0.5084818019499184,0.4156503849368512,false,0.01910473189456358
SEG_17_217_218_BA,1200,25.951043204941552,0.0314913844325609,0.0,29.361898976374732,7.911009129957312,43.36324375946315,-0.4311530571386896,0.4015428516166238,false,0.012645140306405858
SEG_17_217_218_BA,1230,26.06757128123366,0.015249266862170088,0.0005865102639296188,29.361898976374732,7.911009129957312,43.36324375946315,-0.41642319469284284,0.39885559701596496,false,0.006082255438366621
SEG_17_217_218_BA,1300,25.407201988257615,0.02456140350877193,0.0,29.361898976374732,7.911009129957312,43.36324375946315,-0.4998979173392076,0.41408437687014577,false,0.010170493466986036
SEG_17_217_218_BA,1330,24.6968405739731,0.039458186101295645,0.0,29.361898976374732,7.911009129957312,43.36324375946315,-0.5896919502641007,0.43046602530550976,false,0.016985408536789846
SEG_17_217_218_BA,1400,24.35931808283647,0.05170387779083431,0.0005875440658049354,29.361898976374732,7.911009129957312,43.36324375946315,-0.6323568600868567,0.4382496333079201,false,0.02265920548243065
SEG_17_217_218_BA,1430,23.880593895949257,0.06500290191526407,0.0017411491584445734,29.361898976374732,7.911009129957312,43.36324375946315,-0.6928705289529924,0.44928949438341315,false,0.029205120934963594
SEG_17_217_218_BA,1500,23.557208367678232,0.0859375,0.003125,29.361898976374732,7.911009129957312,43.36324375946315,-0.7337484400966457,0.4567470898083507,false,0.03925170303040514
SEG_17_217_218_BA,1530,22.996434816298002,0.13543307086614173,0.0015748031496062992,29.361898976374732,7.911009129957312,43.36324375946315,-0.8046336510941529,0.4696790917243248,false,0.06361008171384556
SEG_17_217_218_BA,1600,22.415528462046343,0.21466587817859256,0.0029568302779420462,29.361898976374732,7.911009129957312,43.36324375946315,-0.8780637716652303,0.48307537631673125,false,0.10369979988348518
SEG_17_217_218_BA,1630,21.895665301723827,0.3090332805071315,0.005546751188589541,29.361898976374732,7.911009129957312,43.36324375946315,-0.9437776587032194,0.4950639434821907,false,0.15299123451509855
SEG_17_217_218_BA,1700,21.064557181345243,0.385207100591716,0.02544378698224852,29.361898976374732,7.911009129957312,43.36324375946315,-1.0488348147152575,0.5142301323630032,true,0.1980850983244468
SEG_17_217_218_BA,1730,21.268285360930015,0.2932806324110672,0.018972332015810278,29.361898976374732,7.911009129957312,43.36324375946315,-1.023082325211321,0.5095319557064123,true,0.1494358542032245
SEG_17_217_218_BA,1800,19.174341935790277,0.5335329341317365,0.14910179640718563,29.361898976374732,7.911009129957312,43.36324375946315,-1.28776959718152,0.5578203964133596,true,0.2976155528169481
SEG_17_217_218_BA,1830,16.704844209576727,0.788235294117647,0.38666666666666666,29.361898976374732,7.911009129957312,43.36324375946315,-1.599929232652308,0.6147694968983672,true,0.4845830152022424
SEG_17_217_218_BA,1900,22.436718265458353,0.2136150234741784,0.03051643192488263,29.361898976374732,7.911009129957312,43.36324375946315,-0.8753852507503992,0.4825867181450882,false,0.10308777312488973
SEG_17_217_218_BA,1930,25.167357134070272,0.026252983293556086,0.002386634844868735,29.361898976374732,7.911009129957312,43.36324375946315,-0.5302157756866467,0.4196154403560272,false,0.011016157145384963
SEG_17_217_218_BA,2000,26.197381391229463,0.009563658099222952,0.0,29.361898976374732,7.911009129957312,43.36324375946315,-0.40001440184943193,0.3958620453638823,false,0.003785889256319257
SEG_17_217_218_BA,2030,26.41664790942546,0.011990407673860911,0.0,29.361898976374732,7.911009129957312,43.36324375946315,-0.3722977711903063,0.39080553899613285,false,0.004685917733766581
SEG_17_217_218_BA,2100,26.859138448396973,0.01665675193337299,0.0,29.361898976374732,7.911009129957312,43.36324375946315,-0.3163642573107818,0.38060126227214014,false,0.0063395808111956714
SEG_17_217_218_BA,2130,27.63364260210431,0.020833333333333332,0.0,29.361898976374732,7.911009129957312,43.36324375946315,-0.21846218932119324,0.3627404177743547,false,0.007557092036965722
SEG_17_217_218_BA,2200,28.588481297773132,0.015476190476190477,0.0,29.361898976374732,7.911009129957312,43.36324375946315,-0.09776473088279364,0.3407208774243446,false,0.005273061198233905
SEG_17_217_218_BA,2230,30.17649595098799,0.014150943396226415,0.0005896226415094339,29.361898976374732,7.911009129957312,43.36324375946315,0.1029700460752287,0.3040996628762907,false,0.004303297116173925
SEG_17_217_218_BA,2300,32.170479803010274,0.012389380530973451,0.0005899705014749262,29.361898976374732,7.911009129957312,43.36324375946315,0.3550218158641787,0.25811639042824797,false,0.0031979021822968775
SEG_17_217_218_BA,2330,35.20369826759569,0.008944543828264758,0.0005963029218843172,29.361898976374732,7.911009129957312,43.36324375946315,0.7384392048164,0.18816732293203517,false,0.0016830708670128368
SEG_18_218_219_AB,0,34.669141794311535,0.001594896331738437,0.0,28.704081519477445,5.141580141482286,36.98831814503812,1.1601609059261695,0.06270023799494374,false,0.00010000037957726275
SEG_18_218_219_AB,30,35.04863971033041,0.00195160031225605,0.0,28.704081519477445,5.141580141482286,36.98831814503812,1.2339704947249683,0.05244029823421185,false,0.00010234250240868822
SEG_18_218_219_AB,100,35.585894188756974,0.0,0.0,28.704081519477445,5.141580141482286,36.98831814503812,1.3384625893034403,0.03791532101519135,false,0.0
SEG_18_218_219_AB,130,36.06878104647175,0.0012004801920768306,0.0,28.704081519477445,5.141580141482286,36.98831814503812,1.4323805764643993,0.02486020302303813,false,0.000029844181300165823
SEG_18_218_219_AB,200,36.85221176205616,0.0,0.0,28.704081519477445,5.141580141482286,36.98831814503812,1.5847521614687226,0.00367971267166746,false,0.0
SEG_18_218_219_AB,230,36.62208720784304,0.0006075334143377885,0.0,28.704081519477445,5.141580141482286,36.98831814503812,1.5399946068102872,0.009901259520885053,false,6.015346002967832e-6
SEG_18_218_219_AB,300,36.53170708537845,0.001800720288115246,0.0,28.704081519477445,5.141580141482286,36.98831814503812,1.5224163293201824,0.012344737002347986,false,0.000022229418371575004
SEG_18_218_219_AB,330,36.80956124126318,0.0012070006035003018,0.0,28.704081519477445,5.141580141482286,36.98831814503812,1.5764569448972896,0.004832793507236526,false,5.833184679826827e-6
SEG_18_218_219_AB,400,36.63064814552337,0.0,0.0,28.704081519477445,5.141580141482286,36.98831814503812,1.5416596470206418,0.00966980975215645,false,0.0
SEG_18_218_219_AB,430,36.98831814503812,0.0017783046828689982,0.0005927682276229994,28.704081519477445,5.141580141482286,36.98831814503812,1.6112238645710155,0.0,false,0.0
SEG_18_218_219_AB,500,36.85013917758069,0.0012033694344163659,0.0,28.704081519477445,5.141580141482286,36.98831814503812,1.5843490588390954,0.0037357461595201318,false,4.495482743104852e-6
SEG_18_218_219_AB,530,36.156350696442274,0.0,0.0,28.704081519477445,5.141580141482286,36.98831814503812,1.4494122374637122,0.022492708247332228,false,0.0
SEG_18_218_219_AB,600,33.828215031082294,0.0,0.0,28.704081519477445,5.141580141482286,36.98831814503812,0.9966067571841044,0.08543516635615794,false,0.0
SEG_18_218_219_AB,630,31.108870967796097,0.0,0.0,28.704081519477445,5.141580141482286,36.98831814503812,0.4677140844147898,0.15895416369534865,false,0.0
SEG_18_218_219_AB,700,27.53722675162121,0.023557126030624265,0.0017667844522968198,28.704081519477445,5.141580141482286,36.98831814503812,-0.22694477879320563,0.2555155753867319,false,0.006019212612172719
SEG_18_218_219_AB,730,23.97775474827933,0.16496465043205027,0.0204241948153967,28.704081519477445,5.141580141482286,36.98831814503812,-0.9192362349982827,0.3517479044530204,false,0.05802597009829873
SEG_18_218_219_AB,800,22.233415700734763,0.26694166175604006,0.05480259281084266,28.704081519477445,5.141580141482286,36.98831814503812,-1.2584975125715396,0.39890709240811173,true,0.10648492213369158
SEG_18_218_219_AB,830,22.670929113349025,0.17721518987341772,0.030854430379746837,28.704081519477445,5.141580141482286,36.98831814503812,-1.1734043309862907,0.38707867104278526,true,0.06859622018479739
SEG_18_218_219_AB,900,24.067088688779073,0.08595139300533491,0.007705986959098993,28.704081519477445,5.141580141482286,36.98831814503812,-0.9018614323030965,0.3493327110898227,false,0.030025633140500472
SEG_18_218_219_AB,930,24.101262354738907,0.06845003933910307,0.003147128245476003,28.704081519477445,5.141580141482286,36.98831814503812,-0.8952149024388393,0.3484088067958823,false,0.023848596531268106
SEG_18_218_219_AB,1000,25.560944735684007,0.012338425381903642,0.0017626321974148062,28.704081519477445,5.141580141482286,36.98831814503812,-0.611317279377715,0.30894547204188205,false,0.0038119006538657597
SEG_18_218_219_AB,1030,26.028989634598716,0.007046388725778039,0.0,28.704081519477445,5.141580141482286,36.98831814503812,-0.5202859454229019,0.2962916147597148,false,0.0020877858937854246
SEG_18_218_219_AB,1100,25.68843667006623,0.009014423076923076,0.001201923076923077,28.704081519477445,5.141580141482286,36.98831814503812,-0.5865210239710125,0.3054986558367682,false,0.002753894133143944
SEG_18_218_219_AB,1130,24.864638150986973,0.02592810842663524,0.0,28.704081519477445,5.141580141482286,36.98831814503812,-0.7467438536090937,0.3277705124767211,false,0.008498469386550224
SEG_18_218_219_AB,1200,25.513398895907496,0.011883541295306001,0.0005941770647653001,28.704081519477445,5.141580141482286,36.98831814503812,-0.6205645999422454,0.31023090058151115,false,0.0036866417181403584
SEG_18_218_219_AB,1230,25.61807145556004,0.017008797653958945,0.0,28.704081519477445,5.141580141482286,36.98831814503812,-0.6002065472089919,0.30740101901614486,false,0.005228521731066394
SEG_18_218_219_AB,1300,25.430955880645513,0.02280701754385965,0.0,28.704081519477445,5.141580141482286,36.98831814503812,-0.6365991677197333,0.31245979390233497,false,0.007126276001281324
SEG_18_218_219_AB,1330,25.64423808289089,0.014723203769140165,0.0,28.704081519477445,5.141580141482286,36.98831814503812,-0.5951173282119493,0.3066935895183168,false,0.004515512213167209
SEG_18_218_219_AB,1400,25.653781555205036,0.01880141010575793,0.0,28.704081519477445,5.141580141482286,36.98831814503812,-0.5932611921503621,0.3064355763727414,false,0.005761420942378216
SEG_18_218_219_AB,1430,25.458038480023138,0.013929193267556587,0.0,28.704081519477445,5.141580141482286,36.98831814503812,-0.6313317988112683,0.31172760058466564,false,0.004342113995375494
SEG_18_218_219_AB,1500,25.45592886556953,0.01328125,0.0,28.704081519477445,5.141580141482286,36.98831814503812,-0.6317421035027363,0.31178463519881966,false,0.004140889686234324
SEG_18_218_219_AB,1530,25.148368534874535,0.019291338582677165,0.0007874015748031496,28.704081519477445,5.141580141482286,36.98831814503812,-0.6915603543578763,0.3200997018501065,false,0.006175151728604417
SEG_18_218_219_AB,1600,24.939110250022427,0.028385570668243643,0.0,28.704081519477445,5.141580141482286,36.98831814503812,-0.7322595711538592,0.32575711736252766,false,0.009246801675577367
SEG_18_218_219_AB,1630,24.813834459640177,0.0332541567695962,0.000791765637371338,28.704081519477445,5.141580141482286,36.98831814503812,-0.7566248026459301,0.32914401886724115,false,0.010945406803186166
SEG_18_218_219_AB,1700,24.41943134399491,0.03254437869822485,0.0,28.704081519477445,5.141580141482286,36.98831814503812,-0.833333344532348,0.33980692908929394,false,0.01105880538456282
SEG_18_218_219_AB,1730,23.591329114128744,0.08379446640316206,0.0,28.704081519477445,5.141580141482286,36.98831814503812,-0.9943932146654678,0.3621951389727231,false,0.030349948404038457
SEG_18_218_219_AB,1800,21.3223876058516,0.3347305389221557,0.053293413173652694,28.704081519477445,5.141580141482286,36.98831814503812,-1.4356858612531027,0.4235372497272646,true,0.14177085185481492
SEG_18_218_219_AB,1830,20.115922689236577,0.4831372549019608,0.0988235294117647,28.704081519477445,5.141580141482286,36.98831814503812,-1.670334526335897,0.4561547078091446,true,0.22038533334151614
SEG_18_218_219_AB,1900,24.421928628855024,0.04460093896713615,0.0029342723004694834,28.704081519477445,5.141580141482286,36.98831814503812,-0.8328476407620289,0.33973941358749893,false,0.015152696850146665
SEG_18_218_219_AB,1930,27.026541802922186,0.006364359586316627,0.0,28.704081519477445,5.141580141482286,36.98831814503812,-0.32626929278430633,0.2693222304148555,false,0.0017140635189489609
SEG_18_218_219_AB,2000,27.373317806890757,0.009563658099222952,0.0,28.704081519477445,5.141580141482286,36.98831814503812,-0.2588238782568187,0.25994694596399726,false,0.0024860437151368532
SEG_18_218_219_AB,2030,28.02055706510272,0.002398081534772182,0.0,28.704081519477445,5.141580141482286,36.98831814503812,-0.13294054270593691,0.24244846831832498,false,0.0005814111950079735
SEG_18_218_219_AB,2100,28.039175380103387,0.003569303985722784,0.0,28.704081519477445,5.141580141482286,36.98831814503812,-0.12931941564220548,0.24194511169292612,false,0.0008635756514917054
SEG_18_218_219_AB,2130,28.8222443949493,0.0005952380952380953,0.0,28.704081519477445,5.141580141482286,36.98831814503812,0.022981821195106576,0.22077440012460464,false,0.00013141333340750276
SEG_18_218_219_AB,2200,29.55264139791353,0.0,0.0,28.704081519477445,5.141580141482286,36.98831814503812,0.1650387342190586,0.20102770604405185,false,0.0
SEG_18_218_219_AB,2230,30.56978568336332,0.0,0.0,28.704081519477445,5.141580141482286,36.98831814503812,0.36286591136319535,0.17352863778521999,false,0.0
SEG_18_218_219_AB,2300,31.485324271375834,0.0011799410029498525,0.0,28.704081519477445,5.141580141482286,36.98831814503812,0.5409315182037743,0.14877653674557512,false,0.00017554753598297948
SEG_18_218_219_AB,2330,32.87834654117827,0.0,0.0,28.704081519477445,5.141580141482286,36.98831814503812,0.8118642337251225,0.11111539561609388,false,0.0
SEG_18_218_219_BA,0,30.640282423514694,0.001993620414673046,0.0,27.36723335083632,2.595321661841402,31.373252648627407,1.261134263548712,0.02336290193821456,false,0.000046576758250029025
SEG_18_218_219_BA,30,30.4281912997333,0.00039032006245121,0.0,27.36723335083632,2.595321661841402,31.373252648627407,1.1794137096382904,0.03012315488861032,false,0.000011757671697349852
SEG_18_218_219_BA,100,30.694343029320144,0.002403846153846154,0.0,27.36723335083632,2.595321661841402,31.373252648627407,1.2819642849677502,0.021639758775122253,false,0.000052018650901736185
SEG_18_218_219_BA,130,30.871503030648817,0.0,0.0,27.36723335083632,2.595321661841402,31.373252648627407,1.350225573706417,0.015992910381274768,false,0.0
SEG_18_218_219_BA,200,31.192533759589235,0.0012307692307692308,0.0,27.36723335083632,2.595321661841402,31.373252648627407,1.4739215046041092,0.005760285395402832,false,7.089582025111178e-6
SEG_18_218_219_BA,230,31.340653717747607,0.0006075334143377885,0.0,27.36723335083632,2.595321661841402,31.373252648627407,1.5309934122355044,0.0010390676174032677,false,6.312682973288382e-7
SEG_18_218_219_BA,300,31.281297555583368,0.0,0.0,27.36723335083632,2.595321661841402,31.373252648627407,1.5081229669119276,0.0029310028537338087,false,0.0
SEG_18_218_219_BA,330,31.373252648627407,0.0,0.0,27.36723335083632,2.595321661841402,31.373252648627407,1.5435540637181693,0.0,false,0.0
SEG_18_218_219_BA,400,31.243239260465884,0.0011997600479904018,0.0,27.36723335083632,2.595321661841402,31.373252648627407,1.4934587749248422,0.004144083803411775,false,4.9719061828575586e-6
SEG_18_218_219_BA,430,31.019598853638204,0.0005927682276229994,0.0,27.36723335083632,2.595321661841402,31.373252648627407,1.4072881818473715,0.011272461894532806,false,6.681957258170009e-6
SEG_18_218_219_BA,500,31.061259091367855,0.00040112314480545525,0.0,27.36723335083632,2.595321661841402,31.373252648627407,1.4233402336381669,0.009944571599056097,false,3.988997833556397e-6
SEG_18_218_219_BA,530,30.942239056271575,0.00039308176100628933,0.0,27.36723335083632,2.595321661841402,31.373252648627407,1.377480779356945,0.013738250132464,false,5.400255555213837e-6
SEG_18_218_219_BA,600,29.283372983321712,0.000591715976331361,0.0,27.36723335083632,2.595321661841402,31.373252648627407,0.7383052592894696,0.06661342031417096,false,0.00003941622503797098
SEG_18_218_219_BA,630,28.532045158811297,0.0007874015748031496,0.0,27.36723335083632,2.595321661841402,31.373252648627407,0.44881211647134883,0.09056145760966912,false,0.00007130823433832215
SEG_18_218_219_BA,700,28.572555941558527,0.0005889281507656066,0.0,27.36723335083632,2.595321661841402,31.373252648627407,0.46442127326407073,0.08927020537003236,false,0.00005257373696703908
SEG_18_218_219_BA,730,27.23079967472278,0.00864100549882168,0.0,27.36723335083632,2.595321661841402,31.373252648627407,-0.05256908155913888,0.13203772717795847,false,0.001140938726596656
SEG_18_218_219_BA,800,25.913162745297296,0.031231585150265175,0.0,27.36723335083632,2.595321661841402,31.373252648627407,-0.5602660459849698,0.1740364623484136,false,0.005435434593085399
SEG_18_218_219_BA,830,24.063097281924854,0.14477848101265822,0.0031645569620253164,27.36723335083632,2.595321661841402,31.373252648627407,-1.273112353467259,0.23300597641482912,true,0.033734251332210224
SEG_18_218_219_BA,900,24.613570445382038,0.0936573799644339,0.0011855364552459987,27.36723335083632,2.595321661841402,31.373252648627407,-1.0610102577807385,0.21546003785301196,true,0.020179422632350855
SEG_18_218_219_BA,930,25.400797182033024,0.03697875688434304,0.0007867820613690008,27.36723335083632,2.595321661841402,31.373252648627407,-0.7576849520101845,0.19036774839652082,false,0.007039562686574728
SEG_18_218_219_BA,1000,25.428822875439316,0.029964747356051705,0.0,27.36723335083632,2.595321661841402,31.373252648627407,-0.7468864086857291,0.18947444945426029,false,0.0056775540083238984
SEG_18_218_219_BA,1030,25.64569376237797,0.02172636523781562,0.0005871990604815032,27.36723335083632,2.595321661841402,31.373252648627407,-0.6633241704756174,0.18256184497019373,false,0.003966405322311901
SEG_18_218_219_BA,1100,25.59259584279834,0.027644230769230768,0.0,27.36723335083632,2.595321661841402,31.373252648627407,-0.6837832605222661,0.18425430319804517,false,0.005093568477830575
SEG_18_218_219_BA,1130,25.553804539560566,0.026517383618149676,0.0,27.36723335083632,2.595321661841402,31.373252648627407,-0.6987298869108617,0.185490748257543,false,0.004918729329162896
SEG_18_218_219_BA,1200,25.75919245440839,0.017825311942959002,0.0,27.36723335083632,2.595321661841402,31.373252648627407,-0.6195921376801563,0.17894415529990115,false,0.0031897353885900386
SEG_18_218_219_BA,1230,25.620992229237423,0.026979472140762465,0.0005865102639296188,27.36723335083632,2.595321661841402,31.373252648627407,-0.6728418859494755,0.18334918868036615,false,0.004946664328033339
SEG_18_218_219_BA,1300,25.29981532928838,0.03859649122807018,0.0005847953216374269,27.36723335083632,2.595321661841402,31.373252648627407,-0.7965941378076005,0.19358647276264304,false,0.007471758597856398
SEG_18_218_219_BA,1330,25.277762478712532,0.04122497055359246,0.0,27.36723335083632,2.595321661841402,31.373252648627407,-0.8050912928616679,0.19428939160956124,false,0.008009574447979556
SEG_18_218_219_BA,1400,25.25173400091611,0.04406580493537015,0.0005875440658049354,27.36723335083632,2.595321661841402,31.373252648627407,-0.8151202916478746,0.1951190307320308,false,0.008598077147416162
SEG_18_218_219_BA,1430,25.291088327240743,0.04178757980266976,0.0005803830528148578,27.36723335083632,2.595321661841402,31.373252648627407,-0.7999567275689957,0.19386463971413437,false,0.008101134102970212
SEG_18_218_219_BA,1500,25.235625538191044,0.0453125,0.000390625,27.36723335083632,2.595321661841402,31.373252648627407,-0.8213270223826057,0.19563247646574147,false,0.00886459658985391
SEG_18_218_219_BA,1530,25.223523828053438,0.04409448818897638,0.0003937007874015748,27.36723335083632,2.595321661841402,31.373252648627407,-0.825989916510735,0.1960182098250824,false,0.00864332263795639
SEG_18_218_219_BA,1600,25.2605213726551,0.04021289178001183,0.0005913660555884093,27.36723335083632,2.595321661841402,31.373252648627407,-0.811734440919547,0.1948389395397848,false,0.007835037190245633
SEG_18_218_219_BA,1630,25.047758771189894,0.05146476642913698,0.0,27.36723335083632,2.595321661841402,31.373252648627407,-0.8937137210193585,0.20162059536132462,false,0.01037635684757411
SEG_18_218_219_BA,1700,24.90831870928788,0.04437869822485207,0.0,27.36723335083632,2.595321661841402,31.373252648627407,-0.9474411891602752,0.2060651476512548,false,0.00914490300227462
SEG_18_218_219_BA,1730,24.63560689673772,0.05533596837944664,0.0,27.36723335083632,2.595321661841402,31.373252648627407,-1.0525194214887752,0.214757641719513,true,0.011883822071435502
SEG_18_218_219_BA,1800,23.322637213439602,0.2251497005988024,0.0011976047904191617,27.36723335083632,2.595321661841402,31.373252648627407,-1.5584180554047558,0.25660761175618885,true,0.057775126958279646
SEG_18_218_219_BA,1830,23.202433015499484,0.22901960784313727,0.002352941176470588,27.36723335083632,2.595321661841402,31.373252648627407,-1.6047337779248048,0.2604390346337073,true,0.0596456455788569
SEG_18_218_219_BA,1900,24.7256873588279,0.06396713615023474,0.0005868544600938967,27.36723335083632,2.595321661841402,31.373252648627407,-1.0178106362870716,0.21188639138729337,true,0.01355376564625292
SEG_18_218_219_BA,1930,26.237995909591998,0.018297533810660304,0.0,27.36723335083632,2.595321661841402,31.373252648627407,-0.43510500368694865,0.16368263745391662,false,0.0029949885930310918
SEG_18_218_219_BA,2000,26.645307078043917,0.016138673042438732,0.0005977286312014345,27.36723335083632,2.595321661841402,31.373252648627407,-0.27816446932446487,0.15069988513895258,false,0.002432096173790627
SEG_18_218_219_BA,2030,27.14074087370253,0.011390887290167866,0.0005995203836930455,27.36723335083632,2.595321661841402,31.373252648627407,-0.08726952056227612,0.13490828707905908,false,0.0015367250926271718
SEG_18_218_219_BA,2100,27.231359746066232,0.006543723973825104,0.0,27.36723335083632,2.595321661841402,31.373252648627407,-0.05235328120125316,0.1320198753042708,false,0.0008639016230499578
SEG_18_218_219_BA,2130,27.754142815974806,0.008928571428571428,0.0,27.36723335083632,2.595321661841402,31.373252648627407,0.14907958070367724,0.11535653867916493,false,0.0010299690953496869
SEG_18_218_219_BA,2200,28.31214333785252,0.005357142857142857,0.0,27.36723335083632,2.595321661841402,31.373252648627407,0.3640820330323826,0.0975706709488668,false,0.0005227000229403579
SEG_18_218_219_BA,2230,28.99024988803483,0.00294811320754717,0.0005896226415094339,27.36723335083632,2.595321661841402,31.373252648627407,0.6253623822670852,0.07595650942800271,false,0.00022392838864387593
SEG_18_218_219_BA,2300,29.44503505561538,0.0035398230088495575,0.0,27.36723335083632,2.595321661841402,31.373252648627407,0.8005950612321578,0.06146055732912302,false,0.00021755949497034697
SEG_18_218_219_BA,2330,29.88881645183969,0.0017889087656529517,0.0,27.36723335083632,2.595321661841402,31.373252648627407,0.971587891427026,0.04731534257582502,false,0.0000846428310837657
SEG_19_219_220_AB,0,38.86159282556924,0.0,0.0,33.251854844256215,5.059317514543513,42.00123056766751,1.108793422272327,0.07475108942439324,false,0.0
SEG_19_219_220_AB,30,40.17180361828747,0.00039032006245121,0.0,33.251854844256215,5.059317514543513,42.00123056766751,1.3677632910247621,0.04355650833688509,false,0.000017000979054209636
SEG_19_219_220_AB,100,40.953142767027366,0.001201923076923077,0.0,33.251854844256215,5.059317514543513,42.00123056766751,1.5221989726149883,0.024953740318431606,false,0.000029992476344268758
SEG_19_219_220_AB,130,41.72894609389991,0.0006002400960384153,0.0,33.251854844256215,5.059317514543513,42.00123056766751,1.6755404706811636,0.006482773720854021,false,3.891220720800733e-6
SEG_19_219_220_AB,200,41.718111148680116,0.0012307692307692308,0.0,33.251854844256215,5.059317514543513,42.00123056766751,1.673398888305943,0.006740741048795409,false,8.296296675440504e-6
SEG_19_219_220_AB,230,42.00123056766751,0.001215066828675577,0.0,33.251854844256215,5.059317514543513,42.00123056766751,1.7293588904551542,0.0,false,0.0
SEG_19_219_220_AB,300,41.181110452304,0.003601440576230492,0.0,33.251854844256215,5.059317514543513,42.00123056766751,1.5672579523333625,0.01952609731379734,false,0.00007032207916133497
SEG_19_219_220_AB,330,40.71091842515816,0.003621001810500905,0.0006035003017501509,33.251854844256215,5.059317514543513,42.00123056766751,1.474322091756472,0.03072081758248842,false,0.00011124013608625861
SEG_19_219_220_AB,400,40.01642079953792,0.003599280143971206,0.0,33.251854844256215,5.059317514543513,42.00123056766751,1.3370510816599837,0.04725599086750324,false,0.00017008754961308906
SEG_19_219_220_AB,430,39.42847325744611,0.0035566093657379964,0.0,33.251854844256215,5.059317514543513,42.00123056766751,1.2208402408891292,0.061254331729078196,false,0.00021785772991966162
SEG_19_219_220_AB,500,38.949539947381645,0.002807862013638187,0.0,33.251854844256215,5.059317514543513,42.00123056766751,1.1261766210060677,0.07265717168379954,false,0.00020401131238932882
SEG_19_219_220_AB,530,38.30120554717303,0.004323899371069182,0.00039308176100628933,33.251854844256215,5.059317514543513,42.00123056766751,0.998030008672505,0.08809325275680739,false,0.00038090636019059797
SEG_19_219_220_AB,600,36.83034240845084,0.001183431952662722,0.0,33.251854844256215,5.059317514543513,42.00123056766751,0.7073063815243666,0.12311277763364428,false,0.00014569559483271514
SEG_19_219_220_AB,630,35.42519087201406,0.002362204724409449,0.0,33.251854844256215,5.059317514543513,42.00123056766751,0.42957098887555034,0.15656778639042246,false,0.00036984516470178535
SEG_19_219_220_AB,700,32.89753504145846,0.01707891637220259,0.004711425206124852,33.251854844256215,5.059317514543513,42.00123056766751,-0.0700331224081561,0.21674830482745577,false,0.0037018261719647923
SEG_19_219_220_AB,730,26.23263779678613,0.3087195600942655,0.09112333071484682,33.251854844256215,5.059317514543513,42.00123056766751,-1.387384173318367,0.37543168516162534,true,0.11590310468854575
SEG_19_219_220_AB,800,24.229153504781284,0.40895698291101945,0.20271066588096642,33.251854844256215,5.059317514543513,42.00123056766751,-1.7833830973324518,0.4231322945229883,true,0.17304290654033816
SEG_19_219_220_AB,830,26.7671687124955,0.23734177215189872,0.0680379746835443,33.251854844256215,5.059317514543513,42.00123056766751,-1.281731402134742,0.36270513147534234,true,0.08608507867294517
SEG_19_219_220_AB,900,32.13137592940865,0.02845287492590397,0.005927682276229994,33.251854844256215,5.059317514543513,42.00123056766751,-0.22146839205616933,0.23498965399020152,false,0.006686131233864655
SEG_19_219_220_AB,930,30.934054193073298,0.03855232100708104,0.003147128245476003,33.251854844256215,5.059317514543513,42.00123056766751,-0.4581251610558476,0.2634964791511064,false,0.01015840084846909
SEG_19_219_220_AB,1000,30.69941652400506,0.022326674500587545,0.004112808460634548,33.251854844256215,5.059317514543513,42.00123056766751,-0.5045024972071662,0.2690829266407869,false,0.006007726916774326
SEG_19_219_220_AB,1030,31.630749439823973,0.011743981209630064,0.0005871990604815032,33.251854844256215,5.059317514543513,42.00123056766751,-0.32041977989565057,0.2469089830864794,false,0.0028996944578564814
SEG_19_219_220_AB,1100,30.866211497513195,0.014423076923076924,0.0006009615384615385,33.251854844256215,5.059317514543513,42.00123056766751,-0.4715346170477046,0.2651117341006204,false,0.0038237269341435637
SEG_19_219_220_AB,1130,27.961678343486675,0.10253388332351208,0.0029463759575721863,33.251854844256215,5.059317514543513,42.00123056766751,-1.0456304601485082,0.3342652592419153,true,0.03427351509021406
SEG_19_219_220_AB,1200,29.774724215381305,0.0338680926916221,0.0017825311942959,33.251854844256215,5.059317514543513,42.00123056766751,-0.6872726645203728,0.2910987651323282,false,0.009858959959918423
SEG_19_219_220_AB,1230,30.77408039112794,0.012903225806451613,0.0,33.251854844256215,5.059317514543513,42.00123056766751,-0.4897448017456241,0.2673052676028549,false,0.0034491002271336115
SEG_19_219_220_AB,1300,30.379649808006118,0.01871345029239766,0.0011695906432748538,33.251854844256215,5.059317514543513,42.00123056766751,-0.5677060251691374,0.27669619681590163,false,0.0051779405252098554
SEG_19_219_220_AB,1330,30.815797933132835,0.015901060070671377,0.0,33.251854844256215,5.059317514543513,42.00123056766751,-0.4814991160607516,0.26631202189454917,false,0.004234643457687177
SEG_19_219_220_AB,1400,30.7193890950497,0.017038777908343124,0.0,33.251854844256215,5.059317514543513,42.00123056766751,-0.5005548163219031,0.2686074031674338,false,0.004576741887106686
SEG_19_219_220_AB,1430,30.24955444068722,0.009866511897852582,0.0,33.251854844256215,5.059317514543513,42.00123056766751,-0.5934200403391531,0.27979361480962694,false,0.0027605870294623667
SEG_19_219_220_AB,1500,30.219047272167774,0.0171875,0.0,33.251854844256215,5.059317514543513,42.00123056766751,-0.5994499383306805,0.2805199546836527,false,0.004821436721125281
SEG_19_219_220_AB,1530,29.819552469728862,0.03622047244094488,0.0,33.251854844256215,5.059317514543513,42.00123056766751,-0.6784121306205546,0.29003145701440686,false,0.010505076395797414
SEG_19_219_220_AB,1600,28.883031392575305,0.07510348905972797,0.0017740981667652277,33.251854844256215,5.059317514543513,42.00123056766751,-0.8635203145725272,0.31232892460038014,false,0.02345699197176125
SEG_19_219_220_AB,1630,28.52091018049773,0.08709422011084719,0.004750593824228029,33.251854844256215,5.059317514543513,42.00123056766751,-0.9350954254519337,0.32095060561265826,false,0.027952942689938566
SEG_19_219_220_AB,1700,28.31324519513576,0.09585798816568047,0.004142011834319527,33.251854844256215,5.059317514543513,42.00123056766751,-0.9761414726243073,0.3258948651630399,false,0.031239626128054712
SEG_19_219_220_AB,1730,27.759786262588577,0.12173913043478261,0.007905138339920948,33.251854844256215,5.059317514543513,42.00123056766751,-1.0855354632082568,0.33907207271307854,true,0.041278339286809566
SEG_19_219_220_AB,1800,25.795130439677223,0.2754491017964072,0.0562874251497006,33.251854844256215,5.059317514543513,42.00123056766751,-1.4738597415844912,0.385848221801047,true,0.1062815461248393
SEG_19_219_220_AB,1830,24.776591107454482,0.30901960784313726,0.10823529411764705,33.251854844256215,5.059317514543513,42.00123056766751,-1.675179253414861,0.41009844776958826,true,0.12672846150683748
SEG_19_219_220_AB,1900,29.39077078438102,0.06514084507042253,0.008802816901408451,33.251854844256215,5.059317514543513,42.00123056766751,-0.7631630252056972,0.30024024565113594,false,0.01955790332586625
SEG_19_219_220_AB,1930,32.03455966163213,0.006364359586316627,0.002386634844868735,33.251854844256215,5.059317514543513,42.00123056766751,-0.24060462288141599,0.23729473568585657,false,0.0015102290258447516
SEG_19_219_220_AB,2000,32.712308056933,0.0035863717872086074,0.0005977286312014345,33.251854844256215,5.059317514543513,42.00123056766751,-0.10664418387899885,0.2211583419149894,false,0.0007931560379497528
SEG_19_219_220_AB,2030,33.43125884363688,0.001199040767386091,0.0,33.251854844256215,5.059317514543513,42.00123056766751,0.03546011865532319,0.20404096756697843,false,0.0002446534383297103
SEG_19_219_220_AB,2100,33.52073761937465,0.000594883997620464,0.0,33.251854844256215,5.059317514543513,42.00123056766751,0.053146056626314615,0.20191058294423245,false,0.00012011337474374329
SEG_19_219_220_AB,2130,33.455602537872565,0.0005952380952380953,0.0,33.251854844256215,5.059317514543513,42.00123056766751,0.040271774410413456,0.20346137278114323,false,0.00012110795998877575
SEG_19_219_220_AB,2200,34.60634326083089,0.0017857142857142857,0.0,33.251854844256215,5.059317514543513,42.00123056766751,0.2677215677175949,0.17606358687331405,false,0.0003143992622737751
SEG_19_219_220_AB,2230,35.67008347138147,0.0,0.0,33.251854844256215,5.059317514543513,42.00123056766751,0.47797526448455013,0.1507371810472561,false,0.0
SEG_19_219_220_AB,2300,36.47654501288834,0.0011799410029498525,0.0,33.251854844256215,5.059317514543513,42.00123056766751,0.6373765155799036,0.13153627834495094,false,0.00015520504819463237
SEG_19_219_220_AB,2330,37.36232335872706,0.0011926058437686344,0.0,33.251854844256215,5.059317514543513,42.00123056766751,0.8124551389895759,0.11044693563124973,false,0.00013171966086016664
SEG_19_219_220_BA,0,35.26559919485358,0.0007974481658692185,0.0,29.068746618368735,6.115668537064633,38.39864768281727,1.0132747612020152,0.08159267779020447,false,0.00006506593125215668
SEG_19_219_220_BA,30,36.49835419687259,0.00078064012490242,0.0,29.068746618368735,6.115668537064633,38.39864768281727,1.2148479816190103,0.04948855234803042,false,0.000038632749686206416
SEG_19_219_220_BA,100,37.1690605695489,0.0006009615384615385,0.0,29.068746618368735,6.115668537064633,38.39864768281727,1.3245181458228783,0.032021625433923596,false,0.000019243765284809856
SEG_19_219_220_BA,130,37.65632546428459,0.0,0.0,29.068746618368735,6.115668537064633,38.39864768281727,1.4041929829698845,0.019331988581068032,false,0.0
SEG_19_219_220_BA,200,37.43732747071666,0.0,0.0,29.068746618368735,6.115668537064633,38.39864768281727,1.3683836528466655,0.02503526218009974,false,0.0
SEG_19_219_220_BA,230,38.08430454812969,0.0018226002430133657,0.0,29.068746618368735,6.115668537064633,38.39864768281727,1.4741737350743003,0.008186307426348403,false,0.00001492036590464472
SEG_19_219_220_BA,300,38.10941812920496,0.004801920768307323,0.0,29.068746618368735,6.115668537064633,38.39864768281727,1.4782801677436104,0.0075322848867340145,false,0.000036169435230415434
SEG_19_219_220_BA,330,38.39864768281727,0.0,0.0,29.068746618368735,6.115668537064633,38.39864768281727,1.5255733707449508,0.0,false,0.0
SEG_19_219_220_BA,400,38.2396997765838,0.0005998800239952009,0.0,29.068746618368735,6.115668537064633,38.39864768281727,1.4995830958845409,0.004139414167561901,false,2.483151870163108e-6
SEG_19_219_220_BA,430,37.61912332222289,0.0,0.0,29.068746618368735,6.115668537064633,38.39864768281727,1.3981098962498908,0.02030082848316565,false,0.0
SEG_19_219_220_BA,500,37.30302333246635,0.0,0.0,29.068746618368735,6.115668537064633,38.39864768281727,1.3464229894398207,0.028532888954867806,false,0.0
SEG_19_219_220_BA,530,36.368435564135126,0.00039308176100628933,0.0,29.068746618368735,6.115668537064633,38.39864768281727,1.1936044116069864,0.05287196922798478,false,0.000020783006772006598
SEG_19_219_220_BA,600,35.37163883316359,0.0,0.0,29.068746618368735,6.115668537064633,38.39864768281727,1.0306137712656485,0.07883113162363312,false,0.0
SEG_19_219_220_BA,630,34.23289108326076,0.0,0.0,29.068746618368735,6.115668537064633,38.39864768281727,0.8444120922502913,0.10848706532497532,false,0.0
SEG_19_219_220_BA,700,33.28433140790076,0.0,0.0,29.068746618368735,6.115668537064633,38.39864768281727,0.6893089061290751,0.13319001015770354,false,0.0
SEG_19_219_220_BA,730,27.825989863493653,0.007855459544383346,0.0,29.068746618368735,6.115668537064633,38.39864768281727,-0.2032086512444596,0.2753393272246589,false,0.0021629169459910363
SEG_19_219_220_BA,800,25.227457029057152,0.05598114319387154,0.004714201532115498,29.068746618368735,6.115668537064633,38.39864768281727,-0.628106243173752,0.34301183631667315,false,0.019202194726036508
SEG_19_219_220_BA,830,22.040250945212232,0.34177215189873417,0.03164556962025317,29.068746618368735,6.115668537064633,38.39864768281727,-1.149260400651145,0.4260149178358991,true,0.14560003520973766
SEG_19_219_220_BA,900,25.40096402327217,0.08654416123295791,0.008298755186721992,29.068746618368735,6.115668537064633,38.39864768281727,-0.5997353474714324,0.338493265880333,false,0.02929461577861803
SEG_19_219_220_BA,930,26.162760235600143,0.015735641227380016,0.0015735641227380016,29.068746618368735,6.115668537064633,38.39864768281727,-0.4751706808759444,0.3186541241839742,false,0.005014226973784016
SEG_19_219_220_BA,1000,26.526457522920282,0.004700352526439483,0.0005875440658049354,29.068746618368735,6.115668537064633,38.39864768281727,-0.4157009295125546,0.3091825071019256,false,0.0014532667783874293
SEG_19_219_220_BA,1030,26.711557944238912,0.002935995302407516,0.0,29.068746618368735,6.115668537064633,38.39864768281727,-0.38543434128972826,0.3043620138687365,false,0.0008936054429499016
SEG_19_219_220_BA,1100,26.562885495869033,0.003605769230769231,0.0,29.068746618368735,6.115668537064633,38.39864768281727,-0.409744430606838,0.3082338285638256,false,0.0011114200549176404
SEG_19_219_220_BA,1130,25.760430993714742,0.008249852681202121,0.0,29.068746618368735,6.115668537064633,38.39864768281727,-0.5409573139230174,0.32913181718005946,false,0.00271528900443184
SEG_19_219_220_BA,1200,25.9192472183068,0.009506833036244802,0.0,29.068746618368735,6.115668537064633,38.39864768281727,-0.5149885709099622,0.3249958323426787,false,0.0030896811155572547
SEG_19_219_220_BA,1230,25.91671341287485,0.0093841642228739,0.0,29.068746618368735,6.115668537064633,38.39864768281727,-0.5154028846381499,0.3250618191829675,false,0.0030504334937991083
SEG_19_219_220_BA,1300,25.74525121190987,0.00760233918128655,0.0,29.068746618368735,6.115668537064633,38.39864768281727,-0.5434394271560797,0.32952713791974436,false,0.0025051770719044892
SEG_19_219_220_BA,1330,25.057330574484848,0.016489988221436984,0.002355712603062426,29.068746618368735,6.115668537064633,38.39864768281727,-0.6559243718936517,0.34744236876608625,false,0.0057293205685809276
SEG_19_219_220_BA,1400,25.11224395405653,0.013513513513513514,0.004112808460634548,29.068746618368735,6.115668537064633,38.39864768281727,-0.6469452424266319,0.34601228247697313,false,0.0046758416550942315
SEG_19_219_220_BA,1430,24.865686229858706,0.016831108531630876,0.0023215322112594312,29.068746618368735,6.115668537064633,38.39864768281727,-0.6872609859473174,0.3524332826703772,false,0.005931842830784062
SEG_19_219_220_BA,1500,24.855516022342133,0.02109375,0.00078125,29.068746618368735,6.115668537064633,38.39864768281727,-0.6889239615410626,0.35269814115186804,false,0.007439726414922217
SEG_19_219_220_BA,1530,24.340444550756946,0.05433070866141732,0.00826771653543307,29.068746618368735,6.115668537064633,38.39864768281727,-0.7731455750022147,0.36611193311245505,false,0.0198911207754011
SEG_19_219_220_BA,1600,23.818681415569852,0.07628622117090479,0.010053222945002957,29.068746618368735,6.115668537064633,38.39864768281727,-0.858461371962906,0.3796999932831411,false,0.028965877666188765
SEG_19_219_220_BA,1630,22.741066037926743,0.18210609659540775,0.030087094220110848,29.068746618368735,6.115668537064633,38.39864768281727,-1.0346670265225197,0.4077638820571544,true,0.07425628889401861
SEG_19_219_220_BA,1700,21.765936884856348,0.2863905325443787,0.05384615384615385,29.068746618368735,6.115668537064633,38.39864768281727,-1.1941147054084051,0.43315876473961795,true,0.12405256931004442
SEG_19_219_220_BA,1730,19.003781715886436,0.6379446640316205,0.14782608695652175,29.068746618368735,6.115668537064633,38.39864768281727,-1.6457669086351805,0.5050924221899018,true,0.32222101557885435
SEG_19_219_220_BA,1800,17.977597943254732,0.7287425149700599,0.24790419161676647,29.068746618368735,6.115668537064633,38.39864768281727,-1.8135627540791273,0.5318168990805529,true,0.38755758453954064
SEG_19_219_220_BA,1830,16.770871171459827,0.8125490196078431,0.37254901960784315,29.068746618368735,6.115668537064633,38.39864768281727,-2.0108799835008027,0.5632431821560085,true,0.45766269546166655
SEG_19_219_220_BA,1900,21.002141205085035,0.45892018779342725,0.056924882629107984,29.068746618368735,6.115668537064633,38.39864768281727,-1.3190063137652432,0.45304997773442085,true,0.20791378086168846
SEG_19_219_220_BA,1930,26.35074017017539,0.03579952267303103,0.002386634844868735,29.068746618368735,6.115668537064633,38.39864768281727,-0.44443325071013756,0.31375864098550305,false,0.011232409581819919
SEG_19_219_220_BA,2000,28.080733675099612,0.002390914524805738,0.0,29.068746618368735,6.115668537064633,38.39864768281727,-0.16155436438079818,0.26870514016395286,false,0.0006424510225079566
SEG_19_219_220_BA,2030,28.67273488612417,0.001199040767386091,0.0,29.068746618368735,6.115668537064633,38.39864768281727,-0.06475362911585117,0.253287899017477,false,0.00030370251680752634
SEG_19_219_220_BA,2100,28.728321757715896,0.000594883997620464,0.0,29.068746618368735,6.115668537064633,38.39864768281727,-0.05566437399111132,0.25184027325599484,false,0.00014981574851635624
SEG_19_219_220_BA,2130,28.751677696933864,0.002380952380952381,0.0,29.068746618368735,6.115668537064633,38.39864768281727,-0.05184534111246252,0.25123202425173574,false,0.0005981714863136565
SEG_19_219_220_BA,2200,29.605753683528377,0.0005952380952380953,0.0,29.068746618368735,6.115668537064633,38.39864768281727,0.08780839934425093,0.22898967880120322,false,0.00013630338023881144
SEG_19_219_220_BA,2230,31.167191252796467,0.0011792452830188679,0.0,29.068746618368735,6.115668537064633,38.39864768281727,0.3431259594449723,0.18832581005858584,false,0.0002220823231822946
SEG_19_219_220_BA,2300,32.26945580504341,0.0,0.0,29.068746618368735,6.115668537064633,38.39864768281727,0.5233621095185992,0.15961999308940691,false,0.0
SEG_19_219_220_BA,2330,33.52378457611265,0.0,0.0,29.068746618368735,6.115668537064633,38.39864768281727,0.7284629522911027,0.126954030958909,false,0.0
SEG_20_220_221_AB,0,41.65435007581547,0.0,0.0,33.76410911376942,5.756249246340169,42.264279987366514,1.3707260794974567,0.014431333308726896,false,0.0
SEG_20_220_221_AB,30,41.3523147708363,0.0,0.0,33.76410911376942,5.756249246340169,42.264279987366514,1.3182552270285153,0.021577682544285957,false,0.0
SEG_20_220_221_AB,100,41.31717363670177,0.0,0.0,33.76410911376942,5.756249246340169,42.264279987366514,1.312150360364363,0.022409144340039683,false,0.0
SEG_20_220_221_AB,130,41.450149866013774,0.0,0.0,33.76410911376942,5.756249246340169,42.264279987366514,1.335251554148936,0.01926284137801701,false,0.0
SEG_20_220_221_AB,200,41.57367494195768,0.0,0.0,33.76410911376942,5.756249246340169,42.264279987366514,1.3567108535394967,0.016340158772733628,false,0.0
SEG_20_220_221_AB,230,41.870928268808626,0.0,0.0,33.76410911376942,5.756249246340169,42.264279987366514,1.4083509605136593,0.00930695420992543,false,0.0
SEG_20_220_221_AB,300,42.03189567322718,0.0,0.0,33.76410911376942,5.756249246340169,42.264279987366514,1.4363148997959791,0.005498362073334613,false,0.0
SEG_20_220_221_AB,330,42.264279987366514,0.0,0.0,33.76410911376942,5.756249246340169,42.264279987366514,1.4766856871254337,0.0,false,0.0
SEG_20_220_221_AB,400,41.55388594622969,0.0,0.0,33.76410911376942,5.756249246340169,42.264279987366514,1.3532730253841978,0.01680837911705041,false,0.0
SEG_20_220_221_AB,430,41.21250477273113,0.0,0.0,33.76410911376942,5.756249246340169,42.264279987366514,1.2939668419843717,0.024885676863530555,false,0.0
SEG_20_220_221_AB,500,41.47270806666022,0.0,0.0,33.76410911376942,5.756249246340169,42.264279987366514,1.3391704603117964,0.018729099867379976,false,0.0
SEG_20_220_221_AB,530,39.809384404845,0.0,0.0,33.76410911376942,5.756249246340169,42.264279987366514,1.0502108286779226,0.05808440563178468,false,0.0
SEG_20_220_221_AB,600,36.21117750095594,0.0,0.0,33.76410911376942,5.756249246340169,42.264279987366514,0.425115084921378,0.14322029118252919,false,0.0
SEG_20_220_221_AB,630,34.27203136976223,0.0031496062992125984,0.002362204724409449,33.76410911376942,5.756249246340169,42.264279987366514,0.08823840564509042,0.18910173366240468,false,0.0005955960115351329
SEG_20_220_221_AB,700,30.55226515682593,0.011778563015312132,0.008244994110718492,33.76410911376942,5.756249246340169,42.264279987366514,-0.5579751361506085,0.27711379051155016,false,0.0032640022439522987
SEG_20_220_221_AB,730,23.970242114603053,0.13982717989002358,0.03377847604084839,33.76410911376942,5.756249246340169,42.264279987366514,-1.7014320575839073,0.43284868163451146,true,0.06052401047206838
SEG_20_220_221_AB,800,22.364598664554116,0.2840306423099587,0.046552740129640544,33.76410911376942,5.756249246340169,42.264279987366514,-1.9803712385218777,0.4708392365553309,true,0.13373277078354123
SEG_20_220_221_AB,830,25.038094855621168,0.12183544303797468,0.0245253164556962,33.76410911376942,5.756249246340169,42.264279987366514,-1.5159201564623466,0.407582600174297,true,0.04965800666680517
SEG_20_220_221_AB,900,27.880930858601104,0.016597510373443983,0.004742145820983995,33.76410911376942,5.756249246340169,42.264279987366514,-1.0220506450287659,0.34031927511990806,true,0.005648452699085611
SEG_20_220_221_AB,930,28.823994829579394,0.00944138473642801,0.0023603461841070024,33.76410911376942,5.756249246340169,42.264279987366514,-0.8582175775885589,0.31800577607863284,false,0.0030024148803647474
SEG_20_220_221_AB,1000,31.19450765212582,0.005875440658049354,0.0011750881316098707,33.76410911376942,5.756249246340169,42.264279987366514,-0.44640204961196844,0.26191792072524667,false,0.0015388832005008618
SEG_20_220_221_AB,1030,32.90037003287634,0.0011743981209630064,0.0,33.76410911376942,5.756249246340169,42.264279987366514,-0.15005241154945637,0.22155612155913224,false,0.00026019509284689636
SEG_20_220_221_AB,1100,32.97249703833703,0.0,0.0,33.76410911376942,5.756249246340169,42.264279987366514,-0.1375222026627318,0.21984955030126974,false,0.0
SEG_20_220_221_AB,1130,32.617117362488976,0.0005892751915144372,0.0,33.76410911376942,5.756249246340169,42.264279987366514,-0.1992602651821765,0.2282580616009839,false,0.000134506812964634
SEG_20_220_221_AB,1200,32.491903615726926,0.0005941770647653001,0.0,33.76410911376942,5.756249246340169,42.264279987366514,-0.22101292761972835,0.2312206992420245,false,0.00013738603638860638
SEG_20_220_221_AB,1230,32.60127862826988,0.0,0.0,33.76410911376942,5.756249246340169,42.264279987366514,-0.20201183717659024,0.22863281622176132,false,0.0
SEG_20_220_221_AB,1300,31.892634121745367,0.0,0.0,33.76410911376942,5.756249246340169,42.264279987366514,-0.32512056235472103,0.24539980022660748,false,0.0
SEG_20_220_221_AB,1330,32.030761403843655,0.0005889281507656066,0.0,33.76410911376942,5.756249246340169,42.264279987366514,-0.30112450586253386,0.2421316200484623,false,0.00014259812723702137
SEG_20_220_221_AB,1400,31.73421539585027,0.0005875440658049354,0.0005875440658049354,33.76410911376942,5.756249246340169,42.264279987366514,-0.35264173440887053,0.2491480889929712,false,0.00014638548119446016
SEG_20_220_221_AB,1430,30.44995227416098,0.0005803830528148578,0.0,33.76410911376942,5.756249246340169,42.264279987366514,-0.5757493634792804,0.2795345790047063,false,0.0001622371323300675
SEG_20_220_221_AB,1500,31.239208027571415,0.0,0.0,33.76410911376942,5.756249246340169,42.264279987366514,-0.4386365110585408,0.2608602811426262,false,0.0
SEG_20_220_221_AB,1530,31.36736984101296,0.0015748031496062992,0.0003937007874015748,33.76410911376942,5.756249246340169,42.264279987366514,-0.41637169799072077,0.25782789035116227,false,0.0004060281737813579
SEG_20_220_221_AB,1600,30.704359847470023,0.0005913660555884093,0.0,33.76410911376942,5.756249246340169,42.264279987366514,-0.5315526022860791,0.27351513247952974,false,0.00016174756503816072
SEG_20_220_221_AB,1630,29.126267683657336,0.010292953285827395,0.003167062549485352,33.76410911376942,5.756249246340169,42.264279987366514,-0.8057054570840261,0.3108538062788801,false,0.0031996037067501515
SEG_20_220_221_AB,1700,29.050241009758395,0.016568047337278107,0.0017751479289940828,33.76410911376942,5.756249246340169,42.264279987366514,-0.8189131328891136,0.3126526461957476,false,0.00518004384229641
SEG_20_220_221_AB,1730,26.860541708308915,0.04901185770750988,0.015810276679841896,33.76410911376942,5.756249246340169,42.264279987366514,-1.1993169701346418,0.3644623375498655,true,0.017862976227740444
SEG_20_220_221_AB,1800,24.873703151874487,0.09520958083832336,0.01976047904191617,33.76410911376942,5.756249246340169,42.264279987366514,-1.5444789795277656,0.4114722134315397,true,0.03917609696743402
SEG_20_220_221_AB,1830,23.982666799687657,0.1450980392156863,0.050980392156862744,33.76410911376942,5.756249246340169,42.264279987366514,-1.6992735886655392,0.43255470560822357,true,0.06276283963727165
SEG_20_220_221_AB,1900,27.525141600755088,0.06748826291079812,0.01995305164319249,33.76410911376942,5.756249246340169,42.264279987366514,-1.0838598618677044,0.3487374773926634,true,0.023535686561124588
SEG_20_220_221_AB,1930,31.219123546565168,0.010342084327764518,0.0007955449482895784,33.76410911376942,5.756249246340169,42.264279987366514,-0.4421256721679241,0.261335492858341,false,0.002702753704978865
SEG_20_220_221_AB,2000,32.40035823684324,0.001195457262402869,0.0,33.76410911376942,5.756249246340169,42.264279987366514,-0.2369165785851364,0.23338672168251212,false,0.00027900385138375625
SEG_20_220_221_AB,2030,32.875825031185286,0.0,0.0,33.76410911376942,5.756249246340169,42.264279987366514,-0.15431647320499678,0.22213687205809707,false,0.0
SEG_20_220_221_AB,2100,33.65981772056536,0.0,0.0,33.76410911376942,5.756249246340169,42.264279987366514,-0.01811794255962307,0.20358710167009048,false,0.0
SEG_20_220_221_AB,2130,35.11975954673157,0.0,0.0,33.76410911376942,5.756249246340169,42.264279987366514,0.23550933514980693,0.1690439407170915,false,0.0
SEG_20_220_221_AB,2200,36.160127366311585,0.0,0.0,33.76410911376942,5.756249246340169,42.264279987366514,0.41624643930516986,0.1444281701446129,false,0.0
SEG_20_220_221_AB,2230,37.513186964196734,0.0,0.0,33.76410911376942,5.756249246340169,42.264279987366514,0.6513056836117688,0.11241391133576532,false,0.0
SEG_20_220_221_AB,2300,38.65910526792869,0.0,0.0,33.76410911376942,5.756249246340169,42.264279987366514,0.8503794649391722,0.08530074854026787,false,0.0
SEG_20_220_221_AB,2330,40.77861082338691,0.0,0.0,33.76410911376942,5.756249246340169,42.264279987366514,1.2185889473214386,0.03515188628372924,false,0.0
SEG_20_220_221_BA,0,44.400760624217206,0.0,0.0,35.77258312813061,7.0770130904968145,45.595603265912274,1.2191834868403337,0.026205216207509735,false,0.0
SEG_20_220_221_BA,30,44.27655337115419,0.0,0.0,35.77258312813061,7.0770130904968145,45.595603265912274,1.2016326851850703,0.028929322133658782,false,0.0
SEG_20_220_221_BA,100,44.50561582220038,0.0,0.0,35.77258312813061,7.0770130904968145,45.595603265912274,1.233999793754331,0.02390553837735439,false,0.0
SEG_20_220_221_BA,130,44.72114815286022,0.0,0.0,35.77258312813061,7.0770130904968145,45.595603265912274,1.2644550618036812,0.019178496399142982,false,0.0
SEG_20_220_221_BA,200,44.46260616627497,0.0,0.0,35.77258312813061,7.0770130904968145,45.595603265912274,1.2279224196735676,0.02484882353742955,false,0.0
SEG_20_220_221_BA,230,45.14767514576937,0.0,0.0,35.77258312813061,7.0770130904968145,45.595603265912274,1.324724413782399,0.009823932310547586,false,0.0
SEG_20_220_221_BA,300,45.3643175762668,0.0,0.0,35.77258312813061,7.0770130904968145,45.595603265912274,1.3553365417701715,0.005072543690158524,false,0.0
SEG_20_220_221_BA,330,45.595603265912274,0.0,0.0,35.77258312813061,7.0770130904968145,45.595603265912274,1.3880177996240042,0.0,false,0.0
SEG_20_220_221_BA,400,45.27000215910219,0.0,0.0,35.77258312813061,7.0770130904968145,45.595603265912274,1.3420095327681312,0.007141063687899615,false,0.0
SEG_20_220_221_BA,430,44.33333424688727,0.0,0.0,35.77258312813061,7.0770130904968145,45.595603265912274,1.2096559677489138,0.027684007417633848,false,0.0
SEG_20_220_221_BA,500,44.15777281037083,0.0,0.0,35.77258312813061,7.0770130904968145,45.595603265912274,1.1848486889899996,0.03153441017450866,false,0.0
SEG_20_220_221_BA,530,43.58938790550142,0.0,0.0,35.77258312813061,7.0770130904968145,45.595603265912274,1.1045344522348561,0.04400019336756363,false,0.0
SEG_20_220_221_BA,600,41.12818432858583,0.0,0.0,35.77258312813061,7.0770130904968145,45.595603265912274,0.7567601093810113,0.09797916065004297,false,0.0
SEG_20_220_221_BA,630,39.45848996978287,0.0,0.0,35.77258312813061,7.0770130904968145,45.595603265912274,0.5208280378344615,0.13459879586059942,false,0.0
SEG_20_220_221_BA,700,37.17253614766185,0.0035335689045936395,0.001177856301531213,35.77258312813061,7.0770130904968145,45.595603265912274,0.19781693231726954,0.18473419617078718,false,0.0006527710112041949
SEG_20_220_221_BA,730,33.8772117267032,0.010997643362136685,0.003142183817753339,35.77258312813061,7.0770130904968145,45.595603265912274,-0.26782081327114715,0.257007051115603,false,0.002826471889723835
SEG_20_220_221_BA,800,32.45154719795217,0.03830288744843842,0.010017678255745434,35.77258312813061,7.0770130904968145,45.595603265912274,-0.46927084741979735,0.28827463892306315,false,0.011041751048909313
SEG_20_220_221_BA,830,30.33361094629045,0.02689873417721519,0.00870253164556962,35.77258312813061,7.0770130904968145,45.595603265912274,-0.7685406416929973,0.33472508808830354,false,0.009003681166932216
SEG_20_220_221_BA,900,31.324753177800417,0.00948429164196799,0.0035566093657379964,35.77258312813061,7.0770130904968145,45.595603265912274,-0.6284897164176296,0.3129874168981746,false,0.002968463942128508
SEG_20_220_221_BA,930,31.284585400998125,0.0023603461841070024,0.0015735641227380016,35.77258312813061,7.0770130904968145,45.595603265912274,-0.634165525729927,0.3138683741380215,false,0.000740838019208548
SEG_20_220_221_BA,1000,32.49054037660577,0.0023501762632197414,0.0005875440658049354,35.77258312813061,7.0770130904968145,45.595603265912274,-0.4637610118217879,0.2874194428984335,false,0.0006754863522877403
SEG_20_220_221_BA,1030,33.77802476712125,0.0,0.0,35.77258312813061,7.0770130904968145,45.595603265912274,-0.2818361836418958,0.2591824134855994,false,0.0
SEG_20_220_221_BA,1100,33.73469311246252,0.0,0.0,35.77258312813061,7.0770130904968145,45.595603265912274,-0.28795905696495294,0.260132760702326,false,0.0
SEG_20_220_221_BA,1130,31.384407019966982,0.0,0.0,35.77258312813061,7.0770130904968145,45.595603265912274,-0.6200604763690745,0.3116790924569195,false,0.0
SEG_20_220_221_BA,1200,31.93335236094993,0.0011883541295306002,0.0,35.77258312813061,7.0770130904968145,45.595603265912274,-0.5424930995727698,0.2996396565976873,false,0.00035607802328899266
SEG_20_220_221_BA,1230,33.30993120347356,0.0,0.0,35.77258312813061,7.0770130904968145,45.595603265912274,-0.3479789980838048,0.26944861307764745,false,0.0
SEG_20_220_221_BA,1300,33.39305396219458,0.0,0.0,35.77258312813061,7.0770130904968145,45.595603265912274,-0.33623354026733737,0.26762556978471747,false,0.0
SEG_20_220_221_BA,1330,33.05586931118666,0.0,0.0,35.77258312813061,7.0770130904968145,45.595603265912274,-0.3838785914628335,0.27502068306003624,false,0.0
SEG_20_220_221_BA,1400,32.46173681764556,0.0,0.0,35.77258312813061,7.0770130904968145,45.595603265912274,-0.4678310281679342,0.2880511608031673,false,0.0
SEG_20_220_221_BA,1430,31.66045229335935,0.0,0.0,35.77258312813061,7.0770130904968145,45.595603265912274,-0.5810545751700154,0.3056248842960475,false,0.0
SEG_20_220_221_BA,1500,31.782153562940284,0.001171875,0.0,35.77258312813061,7.0770130904968145,45.595603265912274,-0.5638578753724187,0.3029557394473397,false,0.00035502625716485125
SEG_20_220_221_BA,1530,31.231030658504128,0.002362204724409449,0.0,35.77258312813061,7.0770130904968145,45.595603265912274,-0.6417329474386577,0.3150429334958979,false,0.0007441959058958218
SEG_20_220_221_BA,1600,30.716847110282483,0.0011827321111768185,0.0,35.77258312813061,7.0770130904968145,45.595603265912274,-0.7143883942559178,0.3263199758287505,false,0.0003859491139311065
SEG_20_220_221_BA,1630,28.728198946379777,0.027711797307996833,0.0023752969121140144,35.77258312813061,7.0770130904968145,45.595603265912274,-0.9953894519723591,0.36993488651004947,false,0.010251560592123303
SEG_20_220_221_BA,1700,27.216714707309603,0.07396449704142012,0.009467455621301775,35.77258312813061,7.0770130904968145,45.595603265912274,-1.2089660300770164,0.403084666988997,true,0.029813954658949482
SEG_20_220_221_BA,1730,22.71125814783348,0.3090909090909091,0.11620553359683794,35.77258312813061,7.0770130904968145,45.595603265912274,-1.8455985333468152,0.5018980664564945,true,0.15513212963200737
SEG_20_220_221_BA,1800,19.790941308749844,0.5167664670658683,0.20059880239520958,35.77258312813061,7.0770130904968145,45.595603265912274,-2.2582467511387407,0.5659462779046999,true,0.29246205858188984
SEG_20_220_221_BA,1830,18.468356427793903,0.6384313725490196,0.2792156862745098,35.77258312813061,7.0770130904968145,45.595603265912274,-2.4451313681436093,0.5949531291408303,true,0.3798367428397144
SEG_20_220_221_BA,1900,25.058043322033612,0.2318075117370892,0.06044600938967136,35.77258312813061,7.0770130904968145,45.595603265912274,-1.5139918026271204,0.45042851662920635,true,0.10441271365524442
SEG_20_220_221_BA,1930,32.543901931867715,0.007159904534606206,0.002386634844868735,35.77258312813061,7.0770130904968145,45.595603265912274,-0.45622088796168103,0.2862491205111906,false,0.002049516375975112
SEG_20_220_221_BA,2000,33.416966246726155,0.0,0.0,35.77258312813061,7.0770130904968145,45.595603265912274,-0.3328546734734231,0.26710112701351163,false,0.0
SEG_20_220_221_BA,2030,35.196081808684276,0.0005995203836930455,0.0,35.77258312813061,7.0770130904968145,45.595603265912274,-0.08146110683622677,0.22808167262484239,false,0.0001367396118853971
SEG_20_220_221_BA,2100,36.783109917834246,0.0,0.0,35.77258312813061,7.0770130904968145,45.595603265912274,0.1427900127895189,0.1932750685780779,false,0.0
SEG_20_220_221_BA,2130,38.54982907027173,0.0,0.0,35.77258312813061,7.0770130904968145,45.595603265912274,0.39243193514372154,0.15452749148969014,false,0.0
SEG_20_220_221_BA,2200,39.40270214002443,0.0,0.0,35.77258312813061,7.0770130904968145,45.595603265912274,0.5129450751996532,0.13582233115265563,false,0.0
SEG_20_220_221_BA,2230,40.55281937005317,0.0,0.0,35.77258312813061,7.0770130904968145,45.595603265912274,0.6754595732402384,0.11059802995586501,false,0.0
SEG_20_220_221_BA,2300,41.85394719101312,0.0,0.0,35.77258312813061,7.0770130904968145,45.595603265912274,0.8593122529402568,0.08206177365562907,false,0.0
SEG_20_220_221_BA,2330,43.02333091470945,0.0,0.0,35.77258312813061,7.0770130904968145,45.595603265912274,1.0245491556763284,0.05641492089053865,false,0.0
SEG_21_221_222_AB,0,44.96496085271291,0.0,0.0,39.03066258667807,4.617472279368811,45.2918811725175,1.2851833009479459,0.007218077751271604,false,0.0
SEG_21_221_222_AB,30,44.2208542813222,0.0,0.0,39.03066258667807,4.617472279368811,45.2918811725175,1.1240331030971786,0.02364721586890471,false,0.0
SEG_21_221_222_AB,100,44.36668968662602,0.0,0.0,39.03066258667807,4.617472279368811,45.2918811725175,1.155616488222288,0.02042731416625007,false,0.0
SEG_21_221_222_AB,130,44.348077999328325,0.0,0.0,39.03066258667807,4.617472279368811,45.2918811725175,1.1515857791737787,0.020838241838403944,false,0.0
SEG_21_221_222_AB,200,44.66859327871431,0.0,0.0,39.03066258667807,4.617472279368811,45.2918811725175,1.2209993587242334,0.013761581053104724,false,0.0
SEG_21_221_222_AB,230,44.212715280912604,0.0,0.0,39.03066258667807,4.617472279368811,45.2918811725175,1.12227045030423,0.023826916958788583,false,0.0
SEG_21_221_222_AB,300,44.085180908912605,0.0,0.0,39.03066258667807,4.617472279368811,45.2918811725175,1.0946504962939305,0.026642749922630802,false,0.0
SEG_21_221_222_AB,330,43.12121329416512,0.0,0.0,39.03066258667807,4.617472279368811,45.2918811725175,0.8858852766185346,0.04792620271355626,false,0.0
SEG_21_221_222_AB,400,43.61978706977246,0.0,0.0,39.03066258667807,4.617472279368811,45.2918811725175,0.9938607544216165,0.03691818620595619,false,0.0
SEG_21_221_222_AB,430,42.80569691845301,0.0,0.0,39.03066258667807,4.617472279368811,45.2918811725175,0.8175543031719015,0.054892492643318885,false,0.0
SEG_21_221_222_AB,500,42.95306790561478,0.0,0.0,39.03066258667807,4.617472279368811,45.2918811725175,0.8494702472740968,0.05163868680998569,false,0.0
SEG_21_221_222_AB,530,43.394341656993404,0.0,0.0,39.03066258667807,4.617472279368811,45.2918811725175,0.9450363329331848,0.04189579824022624,false,0.0
SEG_21_221_222_AB,600,43.56436634691802,0.0,0.0,39.03066258667807,4.617472279368811,45.2918811725175,0.9818583601458437,0.03814182102570097,false,0.0
SEG_21_221_222_AB,630,42.600016569237994,0.0,0.0,39.03066258667807,4.617472279368811,45.2918811725175,0.7730103759383782,0.05943371159670207,false,0.0
SEG_21_221_222_AB,700,41.32871554966998,0.0,0.0,39.03066258667807,4.617472279368811,45.2918811725175,0.49768635823971735,0.08750278240269505,false,0.0
SEG_21_221_222_AB,730,38.888760404290466,0.003142183817753339,0.0,39.03066258667807,4.617472279368811,45.2918811725175,-0.030731572124781892,0.14137458198826947,false,0.00044422492376518295
SEG_21_221_222_AB,800,34.94244923775795,0.008249852681202121,0.0,39.03066258667807,4.617472279368811,45.2918811725175,-0.8853790778964812,0.22850523464323327,false,0.0018851345226901979
SEG_21_221_222_AB,830,32.53026751201347,0.023734177215189875,0.0023734177215189874,39.03066258667807,4.617472279368811,45.2918811725175,-1.4077821546885776,0.2817638245559914,true,0.006687432544841569
SEG_21_221_222_AB,900,32.5172290335411,0.03615886188500297,0.00948429164196799,39.03066258667807,4.617472279368811,45.2918811725175,-1.4106058811093347,0.28205170128212487,true,0.010198668511090468
SEG_21_221_222_AB,930,36.536080070438544,0.004720692368214005,0.0015735641227380016,39.03066258667807,4.617472279368811,45.2918811725175,-0.5402485094248415,0.19331943993953285,false,0.0009126016047499584
SEG_21_221_222_AB,1000,38.3962783923879,0.0,0.0,39.03066258667807,4.617472279368811,45.2918811725175,-0.13738776454049187,0.1522480983703048,false,0.0
SEG_21_221_222_AB,1030,38.12426848720076,0.0,0.0,39.03066258667807,4.617472279368811,45.2918811725175,-0.19629659793024481,0.15825380840365605,false,0.0
SEG_21_221_222_AB,1100,38.03784049711901,0.0,0.0,39.03066258667807,4.617472279368811,45.2918811725175,-0.21501419596931015,0.16016205305687647,false,0.0
SEG_21_221_222_AB,1130,36.52206858425561,0.0,0.0,39.03066258667807,4.617472279368811,45.2918811725175,-0.5432829588671352,0.19362879971484373,false,0.0
SEG_21_221_222_AB,1200,37.52803225398303,0.0,0.0,39.03066258667807,4.617472279368811,45.2918811725175,-0.3254227078761033,0.17141811551085384,false,0.0
SEG_21_221_222_AB,1230,37.98844248263018,0.0,0.0,39.03066258667807,4.617472279368811,45.2918811725175,-0.22571226008320716,0.16125271242473696,false,0.0
SEG_21_221_222_AB,1300,37.90878682459866,0.0005847953216374269,0.0,39.03066258667807,4.617472279368811,45.2918811725175,-0.2429631829284675,0.16301143067554463,false,0.00009532832203248224
SEG_21_221_222_AB,1330,37.33391681778939,0.0,0.0,39.03066258667807,4.617472279368811,45.2918811725175,-0.3674620368529035,0.17570399260777222,false,0.0
SEG_21_221_222_AB,1400,37.29818260650969,0.0,0.0,39.03066258667807,4.617472279368811,45.2918811725175,-0.3752009487765026,0.1764929686969654,false,0.0
SEG_21_221_222_AB,1430,36.92410739191471,0.0,0.0,39.03066258667807,4.617472279368811,45.2918811725175,-0.4562139342288194,0.1847521799487596,false,0.0
SEG_21_221_222_AB,1500,36.64483178596517,0.0,0.0,39.03066258667807,4.617472279368811,45.2918811725175,-0.5166962910363233,0.1909183094783717,false,0.0
SEG_21_221_222_AB,1530,36.08231459226759,0.0011811023622047244,0.0,39.03066258667807,4.617472279368811,45.2918811725175,-0.6385199122004264,0.20333813349837512,false,0.00024016314980123045
SEG_21_221_222_AB,1600,35.1274794314117,0.0011827321111768185,0.0,39.03066258667807,4.617472279368811,45.2918811725175,-0.8453073281470609,0.22441995072780108,false,0.00026542868211448974
SEG_21_221_222_AB,1630,34.344832995074654,0.006334125098970704,0.0,39.03066258667807,4.617472279368811,45.2918811725175,-1.0148040547076005,0.24170001099634975,true,0.0015309581060734742
SEG_21_221_222_AB,1700,33.642140444026865,0.010650887573964497,0.0,39.03066258667807,4.617472279368811,45.2918811725175,-1.1669852717313536,0.25721476845080876,true,0.0027395655811328743
SEG_21_221_222_AB,1730,30.77605106647236,0.045059288537549404,0.0015810276679841897,39.03066258667807,4.617472279368811,45.2918811725175,-1.7876905416601832,0.3204951909759303,true,0.014441285285081444
SEG_21_221_222_AB,1800,29.649353780118382,0.15508982035928143,0.0407185628742515,39.03066258667807,4.617472279368811,45.2918811725175,-2.0316979158653603,0.34537155418244786,true,0.05356361229536167
SEG_21_221_222_AB,1830,26.64839779353939,0.31607843137254904,0.15372549019607842,39.03066258667807,4.617472279368811,45.2918811725175,-2.6816110728944715,0.41162969822261924,true,0.13010726932056124
SEG_21_221_222_AB,1900,31.90679278822421,0.09917840375586855,0.04401408450704225,39.03066258667807,4.617472279368811,45.2918811725175,-1.5428072693113521,0.29552953063065046,true,0.029310147110668972
SEG_21_221_222_AB,1930,38.51418666349579,0.0007955449482895784,0.0,39.03066258667807,4.617472279368811,45.2918811725175,-0.11185252275144729,0.14964480020614201,false,0.00011904916484179954
SEG_21_221_222_AB,2000,38.69775371926587,0.0,0.0,39.03066258667807,4.617472279368811,45.2918811725175,-0.07209764288129256,0.1455918209299917,false,0.0
SEG_21_221_222_AB,2030,38.59426098346264,0.0,0.0,39.03066258667807,4.617472279368811,45.2918811725175,-0.09451093083228729,0.14787683831332854,false,0.0
SEG_21_221_222_AB,2100,41.10734500515133,0.0,0.0,39.03066258667807,4.617472279368811,45.2918811725175,0.44974442570062056,0.09239042537065757,false,0.0
SEG_21_221_222_AB,2130,41.37425636685261,0.0,0.0,39.03066258667807,4.617472279368811,45.2918811725175,0.5075490741213293,0.08649728614147402,false,0.0
SEG_21_221_222_AB,2200,41.94873072599751,0.0,0.0,39.03066258667807,4.617472279368811,45.2918811725175,0.6319622431427624,0.07381345971888159,false,0.0
SEG_21_221_222_AB,2230,43.216922710049005,0.0,0.0,39.03066258667807,4.617472279368811,45.2918811725175,0.9066129410403693,0.045813033346196075,false,0.0
SEG_21_221_222_AB,2300,44.173283940870775,0.0,0.0,39.03066258667807,4.617472279368811,45.2918811725175,1.113730855985925,0.024697521999273327,false,0.0
SEG_21_221_222_AB,2330,45.2918811725175,0.0,0.0,39.03066258667807,4.617472279368811,45.2918811725175,1.3559840118185424,0.0,false,0.0
SEG_21_221_222_BA,0,44.543851117100104,0.0,0.0,39.795085922914176,4.4813400704201864,46.37525985504387,1.059675257749557,0.0394910722585327,false,0.0
SEG_21_221_222_BA,30,45.12660103084238,0.0,0.0,39.795085922914176,4.4813400704201864,46.37525985504387,1.1897144657955634,0.026925106794106406,false,0.0
SEG_21_221_222_BA,100,45.86049635137879,0.0,0.0,39.795085922914176,4.4813400704201864,46.37525985504387,1.3534813991244146,0.011099959445490696,false,0.0
SEG_21_221_222_BA,130,46.37525985504387,0.0,0.0,39.795085922914176,4.4813400704201864,46.37525985504387,1.4683496071996864,0.0,false,0.0
SEG_21_221_222_BA,200,46.292552963045424,0.0006153846153846154,0.0,39.795085922914176,4.4813400704201864,46.37525985504387,1.4498937679420572,0.0017834270310714605,false,1.0974935575824373e-6
SEG_21_221_222_BA,230,45.3783372844941,0.0006075334143377885,0.0,39.795085922914176,4.4813400704201864,46.37525985504387,1.2458887908179708,0.021496862199066324,false,0.000013060062089347705
SEG_21_221_222_BA,300,44.614395503581136,0.0006002400960384153,0.0,39.795085922914176,4.4813400704201864,46.37525985504387,1.0754170638549831,0.037969908027830075,false,0.00002279106124119452
SEG_21_221_222_BA,330,45.07157311583446,0.0,0.0,39.795085922914176,4.4813400704201864,46.37525985504387,1.1774351220851542,0.02811168591366112,false,0.0
SEG_21_221_222_BA,400,45.29002682837542,0.0,0.0,39.795085922914176,4.4813400704201864,46.37525985504387,1.226182530027456,0.023401120124406642,false,0.0
SEG_21_221_222_BA,430,44.50106962377679,0.0,0.0,39.795085922914176,4.4813400704201864,46.37525985504387,1.0501286728773895,0.040413579074818656,false,0.0
SEG_21_221_222_BA,500,44.59192979144893,0.0,0.0,39.795085922914176,4.4813400704201864,46.37525985504387,1.0704038955215887,0.038454341154510636,false,0.0
SEG_21_221_222_BA,530,44.25108716962906,0.0011792452830188679,0.0,39.795085922914176,4.4813400704201864,46.37525985504387,0.9943457038950122,0.04580400610270183,false,0.00005401415813997857
SEG_21_221_222_BA,600,43.33424696153624,0.0,0.0,39.795085922914176,4.4813400704201864,46.37525985504387,0.7897550694674724,0.06557403458251215,false,0.0
SEG_21_221_222_BA,630,41.77153590031148,0.0,0.0,39.795085922914176,4.4813400704201864,46.37525985504387,0.4410399448243575,0.09927111932358658,false,0.0
SEG_21_221_222_BA,700,40.24593082839602,0.0017667844522968198,0.0,39.795085922914176,4.4813400704201864,46.37525985504387,0.10060493031040409,0.13216807939850742,false,0.00023351250777121452
SEG_21_221_222_BA,730,34.00102364047047,0.047918303220738416,0.024351924587588374,39.795085922914176,4.4813400704201864,46.37525985504387,-1.292930728620297,0.26682839628827554,true,0.01278596400124494
SEG_21_221_222_BA,800,30.48538942751548,0.07071302298173247,0.030053034767236298,39.795085922914176,4.4813400704201864,46.37525985504387,-2.0774358448823964,0.34263679550682186,true,0.024228883595061063
SEG_21_221_222_BA,830,31.250242755376544,0.05458860759493671,0.010284810126582278,39.795085922914176,4.4813400704201864,46.37525985504387,-1.9067607084629123,0.32614409378931597,true,0.017803751955271205
SEG_21_221_222_BA,900,33.818423969886545,0.024303497332542976,0.0023710729104919974,39.795085922914176,4.4813400704201864,46.37525985504387,-1.3336773954017815,0.27076583342942967,true,0.0065805567104959195
SEG_21_221_222_BA,930,35.2299165742871,0.029110936270653028,0.0015735641227380016,39.795085922914176,4.4813400704201864,46.37525985504387,-1.018706296975812,0.240329505766523,true,0.006996216926326791
SEG_21_221_222_BA,1000,38.18075536812818,0.005875440658049354,0.0011750881316098707,39.795085922914176,4.4813400704201864,46.37525985504387,-0.36023388750200974,0.17669991526795592,false,0.0010381898664392239
SEG_21_221_222_BA,1030,41.18215355240157,0.0005871990604815032,0.0,39.795085922914176,4.4813400704201864,46.37525985504387,0.3095207254283072,0.11198010143500006,false,0.00006575461035525547
SEG_21_221_222_BA,1100,40.97999225186769,0.0006009615384615385,0.0,39.795085922914176,4.4813400704201864,46.37525985504387,0.26440892910017777,0.11633935033550823,false,0.00006991547496124293
SEG_21_221_222_BA,1130,39.324777704760265,0.0,0.0,39.795085922914176,4.4813400704201864,46.37525985504387,-0.1049481205986254,0.15203110823144597,false,0.0
SEG_21_221_222_BA,1200,39.94335926439526,0.0,0.0,39.795085922914176,4.4813400704201864,46.37525985504387,0.03308683098160501,0.13869249705021464,false,0.0
SEG_21_221_222_BA,1230,40.61460333382539,0.0011730205278592375,0.0,39.795085922914176,4.4813400704201864,46.37525985504387,0.18287329192456855,0.12421831250595004,false,0.00014571063050551324
SEG_21_221_222_BA,1300,38.96584912611079,0.0023391812865497076,0.0,39.795085922914176,4.4813400704201864,46.37525985504387,-0.18504214894935067,0.1597707646726473,false,0.00037373278285999373
SEG_21_221_222_BA,1330,40.09252105144767,0.0005889281507656066,0.0,39.795085922914176,4.4813400704201864,46.37525985504387,0.06637191640437248,0.1354760883978719,false,0.00007978568221311655
SEG_21_221_222_BA,1400,40.20443369542855,0.0011750881316098707,0.0,39.795085922914176,4.4813400704201864,46.37525985504387,0.09134494728849955,0.13306289126796497,false,0.00015636062428668035
SEG_21_221_222_BA,1430,40.19777462240579,0.0005803830528148578,0.0,39.795085922914176,4.4813400704201864,46.37525985504387,0.08985899154353957,0.13320648233448568,false,0.00007731078487201722
SEG_21_221_222_BA,1500,40.387047707106646,0.0,0.0,39.795085922914176,4.4813400704201864,46.37525985504387,0.13209481424982908,0.12912514488662072,false,0.0
SEG_21_221_222_BA,1530,40.178785175156555,0.0003937007874015748,0.0003937007874015748,39.795085922914176,4.4813400704201864,46.37525985504387,0.08562154315738035,0.13361595599153014,false,0.00005260470708327958
SEG_21_221_222_BA,1600,39.884001704411105,0.0,0.0,39.795085922914176,4.4813400704201864,46.37525985504387,0.019841337657865454,0.13997243726337338,false,0.0
SEG_21_221_222_BA,1630,39.08153380109519,0.0,0.0,39.795085922914176,4.4813400704201864,46.37525985504387,-0.15922739863660468,0.15727623040273703,false,0.0
SEG_21_221_222_BA,1700,35.5956179791017,0.00650887573964497,0.0,39.795085922914176,4.4813400704201864,46.37525985504387,-0.9371009291465626,0.2324438053745969,false,0.001512947845633471
SEG_21_221_222_BA,1730,31.745388106550408,0.013438735177865613,0.0007905138339920949,39.795085922914176,4.4813400704201864,46.37525985504387,-1.796270242800163,0.31546716491125576,true,0.004239479686554425
SEG_21_221_222_BA,1800,31.202197998474293,0.01976047904191617,0.0,39.795085922914176,4.4813400704201864,46.37525985504387,-1.9174817776402724,0.327180093523925,true,0.006465235381011692
SEG_21_221_222_BA,1830,30.90735281589278,0.06274509803921569,0.00392156862745098,39.795085922914176,4.4813400704201864,46.37525985504387,-1.98327575398402,0.333537905501758,true,0.02092786858050246
SEG_21_221_222_BA,1900,34.08991759536962,0.01643192488262911,0.0,39.795085922914176,4.4813400704201864,46.37525985504387,-1.2730942615139713,0.26491155624949175,true,0.004353006792832024
SEG_21_221_222_BA,1930,36.34632699717819,0.0007955449482895784,0.0,39.795085922914176,4.4813400704201864,46.37525985504387,-0.7695820606206794,0.2162561005418262,false,0.000172041448322853
SEG_21_221_222_BA,2000,37.29104576740869,0.0017931858936043037,0.0,39.795085922914176,4.4813400704201864,46.37525985504387,-0.5587703937118742,0.19588492045176462,false,0.0003512580761239055
SEG_21_221_222_BA,2030,36.990741059126414,0.0035971223021582736,0.0,39.795085922914176,4.4813400704201864,46.37525985504387,-0.6257826497699418,0.20236045739152397,false,0.0007279153143579999
SEG_21_221_222_BA,2100,38.35580720194135,0.001784651992861392,0.000594883997620464,39.795085922914176,4.4813400704201864,46.37525985504387,-0.3211715019069889,0.17292523380287445,false,0.000308611363122322
SEG_21_221_222_BA,2130,39.40199936682402,0.0,0.0,39.795085922914176,4.4813400704201864,46.37525985504387,-0.08771629689181266,0.15036596042839043,false,0.0
SEG_21_221_222_BA,2200,40.08867138740218,0.0017857142857142857,0.0,39.795085922914176,4.4813400704201864,46.37525985504387,0.06551287335363419,0.13555909955635428,false,0.00024206982063634694
SEG_21_221_222_BA,2230,41.04991192638434,0.0,0.0,39.795085922914176,4.4813400704201864,46.37525985504387,0.280011332269302,0.11483165690726228,false,0.0
SEG_21_221_222_BA,2300,42.46588307533674,0.0,0.0,39.795085922914176,4.4813400704201864,46.37525985504387,0.595981806882186,0.08429875739622274,false,0.0
SEG_21_221_222_BA,2330,43.38178397201862,0.0,0.0,39.795085922914176,4.4813400704201864,46.37525985504387,0.8003628362817241,0.06454898349641652,false,0.0
SEG_22_222_223_AB,0,34.24636466581128,0.0,0.0,31.92190947781143,3.0212100587642783,36.03583202305334,0.769378872302109,0.04965800029529712,false,0.0
SEG_22_222_223_AB,30,34.90943802020147,0.0,0.0,31.92190947781143,3.0212100587642783,36.03583202305334,0.9888516469496951,0.03125761053973376,false,0.0
SEG_22_222_223_AB,100,34.93870335264106,0.001201923076923077,0.0,31.92190947781143,3.0212100587642783,36.03583202305334,0.998538273126083,0.0304454929668449,false,0.00003659314058515012
SEG_22_222_223_AB,130,34.85369318626239,0.0,0.0,31.92190947781143,3.0212100587642783,36.03583202305334,0.9704004857080696,0.032804538439259394,false,0.0
SEG_22_222_223_AB,200,35.28415350725664,0.0,0.0,31.92190947781143,3.0212100587642783,36.03583202305334,1.1128799269324627,0.020859196904786985,false,0.0
SEG_22_222_223_AB,230,36.03583202305334,0.0,0.0,31.92190947781143,3.0212100587642783,36.03583202305334,1.3616804079238922,0.0,false,0.0
SEG_22_222_223_AB,300,35.955644237212326,0.0,0.0,31.92190947781143,3.0212100587642783,36.03583202305334,1.3351387956952443,0.002225223654880882,false,0.0
SEG_22_222_223_AB,330,35.83172339720319,0.0,0.0,31.92190947781143,3.0212100587642783,36.03583202305334,1.294121839707808,0.0056640464335490125,false,0.0
SEG_22_222_223_AB,400,35.94641506921993,0.0,0.0,31.92190947781143,3.0212100587642783,36.03583202305334,1.332084003802962,0.002481334516605689,false,0.0
SEG_22_222_223_AB,430,35.47275649611437,0.0,0.0,31.92190947781143,3.0212100587642783,36.03583202305334,1.1753062346665475,0.01562543433376946,false,0.0
SEG_22_222_223_AB,500,35.38920442809181,0.0,0.0,31.92190947781143,3.0212100587642783,36.03583202305334,1.1476510678964695,0.017944017347729335,false,0.0
SEG_22_222_223_AB,530,35.16117784055673,0.0,0.0,31.92190947781143,3.0212100587642783,36.03583202305334,1.0721758168878248,0.024271790975633922,false,0.0
SEG_22_222_223_AB,600,35.28152257047451,0.0,0.0,31.92190947781143,3.0212100587642783,36.03583202305334,1.1120091047350784,0.020932205813820902,false,0.0
SEG_22_222_223_AB,630,34.61958768574445,0.0,0.0,31.92190947781143,3.0212100587642783,36.03583202305334,0.8929131558089715,0.039301002857457815,false,0.0
SEG_22_222_223_AB,700,34.61147374336775,0.0,0.0,31.92190947781143,3.0212100587642783,36.03583202305334,0.8902274960174063,0.03952616603314098,false,0.0
SEG_22_222_223_AB,730,34.50224453028545,0.0,0.0,31.92190947781143,3.0212100587642783,36.03583202305334,0.8540733687115487,0.042557293856481465,false,0.0
SEG_22_222_223_AB,800,33.84296566609869,0.0005892751915144372,0.0,31.92190947781143,3.0212100587642783,36.03583202305334,0.6358565445373252,0.06085238591277135,false,0.00003585880136285878
SEG_22_222_223_AB,830,32.11717701674242,0.0,0.0,31.92190947781143,3.0212100587642783,36.03583202305334,0.06463222852199016,0.10874329206008133,false,0.0
SEG_22_222_223_AB,900,30.81773066914506,0.0005927682276229994,0.0,31.92190947781143,3.0212100587642783,36.03583202305334,-0.36547568265345803,0.14480313235365516,false,0.00008583469611953477
SEG_22_222_223_AB,930,31.307968418304927,0.0,0.0,31.92190947781143,3.0212100587642783,36.03583202305334,-0.2032103189003723,0.1311989577963355,false,0.0
SEG_22_222_223_AB,1000,31.425744993617737,0.0,0.0,31.92190947781143,3.0212100587642783,36.03583202305334,-0.16422707277647242,0.12793063932827672,false,0.0
SEG_22_222_223_AB,1030,31.407824881822016,0.0,0.0,31.92190947781143,3.0212100587642783,36.03583202305334,-0.17015850801174728,0.12842792524592272,false,0.0
SEG_22_222_223_AB,1100,31.133631591626706,0.0,0.0,31.92190947781143,3.0212100587642783,36.03583202305334,-0.2609146238931631,0.13603683212560566,false,0.0
SEG_22_222_223_AB,1130,29.562857065603854,0.0,0.0,31.92190947781143,3.0212100587642783,36.03583202305334,-0.7808303184229646,0.17962607199713063,false,0.0
SEG_22_222_223_AB,1200,29.850956489896856,0.0005941770647653001,0.0,31.92190947781143,3.0212100587642783,36.03583202305334,-0.6854713666489066,0.17163126771153248,false,0.0001019793628707858
SEG_22_222_223_AB,1230,30.808465075853064,0.0,0.0,31.92190947781143,3.0212100587642783,36.03583202305334,-0.36854253107239443,0.14506025402316647,false,0.0
SEG_22_222_223_AB,1300,30.727918892039273,0.0,0.0,31.92190947781143,3.0212100587642783,36.03583202305334,-0.39520277059467895,0.14729542327809758,false,0.0
SEG_22_222_223_AB,1330,30.686676780094754,0.0,0.0,31.92190947781143,3.0212100587642783,36.03583202305334,-0.4088536294036783,0.14843989836384378,false,0.0
SEG_22_222_223_AB,1400,30.37926115477269,0.0005875440658049354,0.0,31.92190947781143,3.0212100587642783,36.03583202305334,-0.5106061124626692,0.15697073026264385,false,0.00009222722107088357
SEG_22_222_223_AB,1430,30.235532484265644,0.0,0.0,31.92190947781143,3.0212100587642783,36.03583202305334,-0.5581793257485511,0.16095922344951122,false,0.0
SEG_22_222_223_AB,1500,30.19476505152766,0.0,0.0,31.92190947781143,3.0212100587642783,36.03583202305334,-0.5716730689656836,0.1620905261127022,false,0.0
SEG_22_222_223_AB,1530,29.796326654113216,0.0,0.0,31.92190947781143,3.0212100587642783,36.03583202305334,-0.703553471077615,0.17314725423707436,false,0.0
SEG_22_222_223_AB,1600,28.826969124196626,0.0011827321111768185,0.0,31.92190947781143,3.0212100587642783,36.03583202305334,-1.02440422659015,0.20004707798185314,true,0.00023660210287623082
SEG_22_222_223_AB,1630,27.546216414499145,0.004750593824228029,0.0,31.92190947781143,3.0212100587642783,36.03583202305334,-1.4483246706460422,0.2355881668868669,true,0.001119183690673952
SEG_22_222_223_AB,1700,27.258730608990103,0.011834319526627219,0.0,31.92190947781143,3.0212100587642783,36.03583202305334,-1.5434805187722163,0.24356594315480845,true,0.002882437197098325
SEG_22_222_223_AB,1730,25.869562965438273,0.042687747035573126,0.0015810276679841897,31.92190947781143,3.0212100587642783,36.03583202305334,-2.0032855692426295,0.2821155635066608,true,0.012042877809770501
SEG_22_222_223_AB,1800,24.54706920192187,0.09520958083832336,0.004191616766467066,31.92190947781143,3.0212100587642783,36.03583202305334,-2.4410220184775837,0.318814973212821,true,0.030354239964573974
SEG_22_222_223_AB,1830,24.506055917183684,0.09019607843137255,0.00784313725490196,31.92190947781143,3.0212100587642783,36.03583202305334,-2.4545971370361928,0.3199530983076419,true,0.02885851474931672
SEG_22_222_223_AB,1900,27.636885461256785,0.018192488262910797,0.0,31.92190947781143,3.0212100587642783,36.03583202305334,-1.4183138322752986,0.23307208659490541,true,0.004240161199789946
SEG_22_222_223_AB,1930,31.155087897869233,0.0,0.0,31.92190947781143,3.0212100587642783,36.03583202305334,-0.25381273232482143,0.1354414162565118,false,0.0
SEG_22_222_223_AB,2000,32.66905069994861,0.0,0.0,31.92190947781143,3.0212100587642783,36.03583202305334,0.2472986676215346,0.09342871064974664,false,0.0
SEG_22_222_223_AB,2030,32.907107939440984,0.0,0.0,31.92190947781143,3.0212100587642783,36.03583202305334,0.3260939962686726,0.08682258485417525,false,0.0
SEG_22_222_223_AB,2100,32.336690834554425,0.0,0.0,31.92190947781143,3.0212100587642783,36.03583202305334,0.13728981059749537,0.102651749129379,false,0.0
SEG_22_222_223_AB,2130,30.901609785818817,0.0005952380952380953,0.0,31.92190947781143,3.0212100587642783,36.03583202305334,-0.3377122650021662,0.14247547368824412,false,0.0000848068295763358
SEG_22_222_223_AB,2200,31.202204364506777,0.0005952380952380953,0.0,31.92190947781143,3.0212100587642783,36.03583202305334,-0.2382175020293103,0.1341339269051517,false,0.0000798416231578284
SEG_22_222_223_AB,2230,32.00743873118406,0.0005896226415094339,0.0,31.92190947781143,3.0212100587642783,36.03583202305334,0.028309601685760775,0.11178854672460953,false,0.00006591305821026505
SEG_22_222_223_AB,2300,32.632614132443884,0.0005899705014749262,0.0,31.92190947781143,3.0212100587642783,36.03583202305334,0.23523841136790863,0.09443983112232017,false,0.00005571671452644258
SEG_22_222_223_AB,2330,32.912623216674035,0.0,0.0,31.92190947781143,3.0212100587642783,36.03583202305334,0.32791951555590393,0.08666953504448796,false,0.0
SEG_22_222_223_BA,0,38.197938108705586,0.0,0.0,34.74005835512831,3.6636855252157483,40.01487128327087,0.9438254811385988,0.0454064480603464,false,0.0
SEG_22_222_223_BA,30,38.58191730598683,0.0,0.0,34.74005835512831,3.6636855252157483,40.01487128327087,1.048632292377844,0.03581053571658301,false,0.0
SEG_22_222_223_BA,100,39.11098884047829,0.0,0.0,34.74005835512831,3.6636855252157483,40.01487128327087,1.1930419396715506,0.022588663009656302,false,0.0
SEG_22_222_223_BA,130,39.32724336464233,0.0,0.0,34.74005835512831,3.6636855252157483,40.01487128327087,1.2520684370812325,0.017184309147484915,false,0.0
SEG_22_222_223_BA,200,39.4769930736383,0.0,0.0,34.74005835512831,3.6636855252157483,40.01487128327087,1.2929424989965632,0.013441957761774578,false,0.0
SEG_22_222_223_BA,230,40.01487128327087,0.0,0.0,34.74005835512831,3.6636855252157483,40.01487128327087,1.439755921144988,0.0,false,0.0
SEG_22_222_223_BA,300,39.92551349248746,0.0,0.0,34.74005835512831,3.6636855252157483,40.01487128327087,1.4153657844456469,0.002233114537613621,false,0.0
SEG_22_222_223_BA,330,39.85503557258616,0.0,0.0,34.74005835512831,3.6636855252157483,40.01487128327087,1.396128893228803,0.003994407717900952,false,0.0
SEG_22_222_223_BA,400,39.6929467337811,0.0,0.0,34.74005835512831,3.6636855252157483,40.01487128327087,1.3518868758150633,0.00804512270477701,false,0.0
SEG_22_222_223_BA,430,39.45946311331094,0.0,0.0,34.74005835512831,3.6636855252157483,40.01487128327087,1.2881577105078388,0.013880043897383053,false,0.0
SEG_22_222_223_BA,500,38.53450165433976,0.0,0.0,34.74005835512831,3.6636855252157483,40.01487128327087,1.0356902286224479,0.03699548646430383,false,0.0
SEG_22_222_223_BA,530,38.17668788160504,0.0,0.0,34.74005835512831,3.6636855252157483,40.01487128327087,0.938025248844018,0.045937506299922166,false,0.0
SEG_22_222_223_BA,600,38.13270836479297,0.0,0.0,34.74005835512831,3.6636855252157483,40.01487128327087,0.9260210753118252,0.047036585602232936,false,0.0
SEG_22_222_223_BA,630,37.382976744908156,0.0,0.0,34.74005835512831,3.6636855252157483,40.01487128327087,0.7213824362352188,0.06577291026956368,false,0.0
SEG_22_222_223_BA,700,36.59178609663646,0.0,0.0,34.74005835512831,3.6636855252157483,40.01487128327087,0.5054275889028724,0.08554532544667982,false,0.0
SEG_22_222_223_BA,730,33.13632202853713,0.0,0.0,34.74005835512831,3.6636855252157483,40.01487128327087,-0.4377385328389343,0.17189982209462898,false,0.0
SEG_22_222_223_BA,800,29.78340093201753,0.002357100766057749,0.0005892751915144372,34.74005835512831,3.6636855252157483,40.01487128327087,-1.352915633450525,0.25569169718986057,true,0.0006026910953208264
SEG_22_222_223_BA,830,27.64646828875016,0.027689873417721517,0.003955696202531646,34.74005835512831,3.6636855252157483,40.01487128327087,-1.9361896695433274,0.3090951588214056,true,0.008558805821795249
SEG_22_222_223_BA,900,28.22484585941069,0.03556609365737996,0.004742145820983995,34.74005835512831,3.6636855252157483,40.01487128327087,-1.778321979568362,0.29464109331745547,true,0.010479232720241451
SEG_22_222_223_BA,930,31.20757472269851,0.007081038552321007,0.0,34.74005835512831,3.6636855252157483,40.01487128327087,-0.9641885495130699,0.22010058456078183,false,0.001558540724663286
SEG_22_222_223_BA,1000,31.76738277074056,0.00881316098707403,0.0,34.74005835512831,3.6636855252157483,40.01487128327087,-0.8113893957131311,0.2061105845910433,false,0.0018164857631408047
SEG_22_222_223_BA,1030,34.24191588903117,0.0005871990604815032,0.0,34.74005835512831,3.6636855252157483,40.01487128327087,-0.13596758309866347,0.1442702477629415,false,0.00008471535394183295
SEG_22_222_223_BA,1100,34.497699083105786,0.0006009615384615385,0.0006009615384615385,34.74005835512831,3.6636855252157483,40.01487128327087,-0.06615176721758992,0.13787804441774287,false,0.00008285940169335509
SEG_22_222_223_BA,1130,34.1718317247113,0.0011785503830288745,0.0,34.74005835512831,3.6636855252157483,40.01487128327087,-0.15509699904812288,0.1460217007121146,false,0.00017209393130479032
SEG_22_222_223_BA,1200,34.139111477546344,0.0005941770647653001,0.0,34.74005835512831,3.6636855252157483,40.01487128327087,-0.16402796403945713,0.14683940288422276,false,0.00008724860539763682
SEG_22_222_223_BA,1230,33.59071712417299,0.0,0.0,34.74005835512831,3.6636855252157483,40.01487128327087,-0.3137117591138337,0.16054416653299708,false,0.0
SEG_22_222_223_BA,1300,32.752534560611075,0.0011695906432748538,0.0,34.74005835512831,3.6636855252157483,40.01487128327087,-0.5424930117058001,0.1814909429858889,false,0.0002122701087554256
SEG_22_222_223_BA,1330,34.16018456982281,0.0005889281507656066,0.0,34.74005835512831,3.6636855252157483,40.01487128327087,-0.15827608055179732,0.146312771369472,false,0.00008616770987601412
SEG_22_222_223_BA,1400,34.50624077659559,0.0,0.0,34.74005835512831,3.6636855252157483,40.01487128327087,-0.06382031889021185,0.13766458144220722,false,0.0
SEG_22_222_223_BA,1430,34.39080710561223,0.0,0.0,34.74005835512831,3.6636855252157483,40.01487128327087,-0.09532784599341744,0.14054935071126687,false,0.0
SEG_22_222_223_BA,1500,34.64869160637086,0.000390625,0.0,34.74005835512831,3.6636855252157483,40.01487128327087,-0.024938480153006853,0.1341046342224138,false,0.0000523846227431304
SEG_22_222_223_BA,1530,34.484608177221006,0.0,0.0,34.74005835512831,3.6636855252157483,40.01487128327087,-0.06972491938763313,0.1382051954359758,false,0.0
SEG_22_222_223_BA,1600,33.4718305768254,0.0,0.0,34.74005835512831,3.6636855252157483,40.01487128327087,-0.3461617460271051,0.1635152256301507,false,0.0
SEG_22_222_223_BA,1630,32.54664113347084,0.001583531274742676,0.0,34.74005835512831,3.6636855252157483,40.01487128327087,-0.5986914560654882,0.18663636568843076,false,0.00029554452207194103
SEG_22_222_223_BA,1700,30.954582740144087,0.008875739644970414,0.0,34.74005835512831,3.6636855252157483,40.01487128327087,-1.0332425064679385,0.2264230335513948,true,0.002009671895426581
SEG_22_222_223_BA,1730,28.913713126221932,0.012648221343873518,0.0007905138339920949,34.74005835512831,3.6636855252157483,40.01487128327087,-1.5902962164208339,0.2774258119803082,true,0.0035089430764307754
SEG_22_222_223_BA,1800,26.993822406710077,0.05748502994011976,0.004191616766467066,34.74005835512831,3.6636855252157483,40.01487128327087,-2.114328835022507,0.3254052420757015,true,0.018705930083393617
SEG_22_222_223_BA,1830,27.304672815424286,0.07764705882352942,0.01019607843137255,34.74005835512831,3.6636855252157483,40.01487128327087,-2.0294824674577296,0.3176368699993888,true,0.024663568729364305
SEG_22_222_223_BA,1900,30.979705251258085,0.0005868544600938967,0.0,34.74005835512831,3.6636855252157483,40.01487128327087,-1.0263853373847598,0.22579520418925209,true,0.0001325089226462747
SEG_22_222_223_BA,1930,32.26137854232939,0.0,0.0,34.74005835512831,3.6636855252157483,40.01487128327087,-0.6765536495256256,0.19376528006433963,false,0.0
SEG_22_222_223_BA,2000,32.920135487563975,0.0,0.0,34.74005835512831,3.6636855252157483,40.01487128327087,-0.4967464742916669,0.17730247700866683,false,0.0
SEG_22_222_223_BA,2030,33.569254609226014,0.0005995203836930455,0.0,34.74005835512831,3.6636855252157483,40.01487128327087,-0.3195699352043461,0.16108052999634648,false,0.00009657106114888876
SEG_22_222_223_BA,2100,34.26291148306476,0.0,0.0,34.74005835512831,3.6636855252157483,40.01487128327087,-0.130236852693696,0.14374555298421882,false,0.0
SEG_22_222_223_BA,2130,35.80032940432902,0.0,0.0,34.74005835512831,3.6636855252157483,40.01487128327087,0.2894001250662119,0.10532438925284852,false,0.0
SEG_22_222_223_BA,2200,35.891892260363136,0.0,0.0,34.74005835512831,3.6636855252157483,40.01487128327087,0.3143921325417236,0.1030361685714441,false,0.0
SEG_22_222_223_BA,2230,36.70284478047509,0.0,0.0,34.74005835512831,3.6636855252157483,40.01487128327087,0.535740966804511,0.08276989020780505,false,0.0
SEG_22_222_223_BA,2300,37.258645953849275,0.0,0.0,34.74005835512831,3.6636855252157483,40.01487128327087,0.687446447405621,0.06888002487649883,false,0.0
SEG_22_222_223_BA,2330,37.87853214677759,0.0,0.0,34.74005835512831,3.6636855252157483,40.01487128327087,0.8566438822459949,0.05338862947652237,false,0.0
SEG_23_223_224_AB,0,44.233611012997535,0.07575757575757576,0.030303030303030304,40.694905935926805,3.6474217019311928,46.859576931336754,0.9701935685684766,0.05603904453057785,false,0.004245382161407413
SEG_23_223_224_AB,30,44.13859756122381,0.0897736143637783,0.03395784543325527,40.694905935926805,3.6474217019311928,46.859576931336754,0.9441440849775287,0.05806666530728582,false,0.0052128544186868615
SEG_23_223_224_AB,100,45.10932745126502,0.06971153846153846,0.036057692307692304,40.694905935926805,3.6474217019311928,46.859576931336754,1.2102854772731426,0.03735094498689936,false,0.002603791838029042
SEG_23_223_224_AB,130,45.875345034817094,0.06902761104441776,0.034213685474189674,40.694905935926805,3.6474217019311928,46.859576931336754,1.4203016602515177,0.021003857929871042,false,0.001449846135615348
SEG_23_223_224_AB,200,45.643895798553146,0.05292307692307692,0.017846153846153845,40.694905935926805,3.6474217019311928,46.859576931336754,1.356846086649649,0.025943066762317196,false,0.001372986917882633
SEG_23_223_224_AB,230,45.0787164268691,0.06014580801944107,0.018833535844471446,40.694905935926805,3.6474217019311928,46.859576931336754,1.20189296691995,0.03800419510993762,false,0.002285793023015689
SEG_23_223_224_AB,300,46.859576931336754,0.05282112845138055,0.026410564225690276,40.694905935926805,3.6474217019311928,46.859576931336754,1.6901448472892382,0.0,false,0.0
SEG_23_223_224_AB,330,45.98614414477883,0.05069402534701267,0.0356065178032589,40.694905935926805,3.6474217019311928,46.859576931336754,1.4506790388537967,0.018639365605834787,false,0.0009449044724744249
SEG_23_223_224_AB,400,46.611227136188994,0.05698860227954409,0.033593281343731254,40.694905935926805,3.6474217019311928,46.859576931336754,1.622055710511808,0.005299872756249309,false,0.00030203234063808294
SEG_23_223_224_AB,430,45.56755230085492,0.05868405453467694,0.016004742145820983,40.694905935926805,3.6474217019311928,46.859576931336754,1.335915274712602,0.027572264093955322,false,0.001618052249734189
SEG_23_223_224_AB,500,46.28922412104876,0.056558363417569195,0.01684717208182912,40.694905935926805,3.6474217019311928,46.859576931336754,1.5337733451988687,0.012171531363241493,false,0.0006884018941905538
SEG_23_223_224_AB,530,46.310488852911575,0.0514937106918239,0.01650943396226415,40.694905935926805,3.6474217019311928,46.859576931336754,1.5396034173979662,0.01171773443942433,false,0.0006033896271873378
SEG_23_223_224_AB,600,45.59476108325335,0.06745562130177515,0.0242603550295858,40.694905935926805,3.6474217019311928,46.859576931336754,1.3433750050706317,0.026991619022440887,false,0.001820736431099563
SEG_23_223_224_AB,630,44.0831956087183,0.07086614173228346,0.028346456692913385,40.694905935926805,3.6474217019311928,46.859576931336754,0.9289547383560018,0.059248962633330675,false,0.0041987453834643786
SEG_23_223_224_AB,700,41.5166670141367,0.07008244994110718,0.028268551236749116,40.694905935926805,3.6474217019311928,46.859576931336754,0.2252991689375538,0.11401959358337803,false,0.007990772459612477
SEG_23_223_224_AB,730,37.571064376590996,0.08326787117046347,0.04320502749410841,40.694905935926805,3.6474217019311928,46.859576931336754,-0.856451985708654,0.19822015397954182,false,0.01650537024495792
SEG_23_223_224_AB,800,36.28991559070947,0.09369475545079552,0.05657041838538598,40.694905935926805,3.6474217019311928,46.859576931336754,-1.207699768547474,0.225560323690395,true,0.021133819367573838
SEG_23_223_224_AB,830,37.89466021464144,0.07753164556962025,0.049841772151898736,40.694905935926805,3.6474217019311928,46.859576931336754,-0.7677329220810206,0.19131450396642694,false,0.01483292831385272
SEG_23_223_224_AB,900,38.905191297319654,0.07587433313574392,0.05038529934795495,40.694905935926805,3.6474217019311928,46.859576931336754,-0.4906793852927822,0.16974941207157387,false,0.012879623441115266
SEG_23_223_224_AB,930,38.50705465175682,0.0975609756097561,0.03383162863886703,40.694905935926805,3.6474217019311928,46.859576931336754,-0.5998350240147966,0.17824578936807028,false,0.017389833109080027
SEG_23_223_224_AB,1000,38.114771323116386,0.1045828437132785,0.043478260869565216,40.694905935926805,3.6474217019311928,46.859576931336754,-0.7073858806740992,0.18661725480437252,false,0.019516963193406765
SEG_23_223_224_AB,1030,38.556354334186636,0.12918379330593072,0.0551967116852613,40.694905935926805,3.6474217019311928,46.859576931336754,-0.5863187140132093,0.17719371665085268,false,0.022890556466933408
SEG_23_223_224_AB,1100,38.919911584866284,0.1268028846153846,0.057692307692307696,40.694905935926805,3.6474217019311928,46.859576931336754,-0.48664357897544946,0.16943527591178312,false,0.02148488174121769
SEG_23_223_224_AB,1130,39.572697488576964,0.10312315851502651,0.0648202710665881,40.694905935926805,3.6474217019311928,46.859576931336754,-0.30767170320768444,0.1555045930832291,false,0.01603612480233653
SEG_23_223_224_AB,1200,39.09269104345427,0.12002376708259062,0.055852644087938205,40.694905935926805,3.6474217019311928,46.859576931336754,-0.4392732794302918,0.16574810095411838,false,0.01989371146329882
SEG_23_223_224_AB,1230,38.60609756493043,0.14780058651026393,0.04457478005865103,40.694905935926805,3.6474217019311928,46.859576931336754,-0.5726807980251963,0.1761321784552202,false,0.026032439279012016
SEG_23_223_224_AB,1300,39.2472893926597,0.13216374269005848,0.03859649122807018,40.694905935926805,3.6474217019311928,46.859576931336754,-0.39688762681338324,0.16244891732230793,false,0.02146985690926409
SEG_23_223_224_AB,1330,39.427868111651776,0.0989399293286219,0.027090694935217905,40.694905935926805,3.6474217019311928,46.859576931336754,-0.3473790331411838,0.1585953033800251,false,0.01569140810827103
SEG_23_223_224_AB,1400,39.46432872678842,0.09048178613396005,0.02937720329024677,40.694905935926805,3.6474217019311928,46.859576931336754,-0.33738276231860725,0.15781722091483186,false,0.014279584031071742
SEG_23_223_224_AB,1430,39.40668408531194,0.08067324434126523,0.02959953569355775,40.694905935926805,3.6474217019311928,46.859576931336754,-0.3531869786081481,0.15904737801934332,false,0.01283086798879206
SEG_23_223_224_AB,1500,39.595813587972174,0.080859375,0.031640625,40.694905935926805,3.6474217019311928,46.859576931336754,-0.3013340484794223,0.15501128731930633,false,0.012534115810584535
SEG_23_223_224_AB,1530,39.58053914448197,0.05826771653543307,0.028346456692913385,40.694905935926805,3.6474217019311928,46.859576931336754,-0.30552178566432714,0.15533724936357718,false,0.009051146813310797
SEG_23_223_224_AB,1600,38.65002572658257,0.05972797161442933,0.02956830277942046,40.694905935926805,3.6474217019311928,46.859576931336754,-0.5606371778348351,0.17519473589750126,false,0.010464026212683398
SEG_23_223_224_AB,1630,37.10450515454729,0.07125890736342043,0.030087094220110848,40.694905935926805,3.6474217019311928,46.859576931336754,-0.9843667869493985,0.20817669333813132,false,0.014834443705805082
SEG_23_223_224_AB,1700,35.62515721761843,0.08165680473372781,0.031360946745562134,40.694905935926805,3.6474217019311928,46.859576931336754,-1.3899540915776494,0.23974650326399868,true,0.019576933402622378
SEG_23_223_224_AB,1730,33.85695902423562,0.10513833992094862,0.04426877470355731,40.694905935926805,3.6474217019311928,46.859576931336754,-1.874734393358111,0.2774804801621202,true,0.029173837044713033
SEG_23_223_224_AB,1800,34.089821390463925,0.11497005988023952,0.048502994011976046,40.694905935926805,3.6474217019311928,46.859576931336754,-1.8108913871861045,0.27251111463478056,true,0.031330619167591535
SEG_23_223_224_AB,1830,34.58919283595268,0.12941176470588237,0.06901960784313725,40.694905935926805,3.6474217019311928,46.859576931336754,-1.6739805810612316,0.2618543507843411,true,0.033887033630914734
SEG_23_223_224_AB,1900,36.53958095334161,0.11502347417840375,0.07805164319248827,40.694905935926805,3.6474217019311928,46.859576931336754,-1.1392499475410482,0.22023237625719522,true,0.025331893043667994
SEG_23_223_224_AB,1930,38.552069399752924,0.10421638822593476,0.07000795544948289,40.694905935926805,3.6474217019311928,46.859576931336754,-0.5874934985004114,0.17728515867219213,false,0.018476018922877622
SEG_23_223_224_AB,2000,38.861777593629704,0.10340705319784818,0.05977286312014345,40.694905935926805,3.6474217019311928,46.859576931336754,-0.5025819584630202,0.1706758759138225,false,0.017649089380209978
SEG_23_223_224_AB,2030,39.41779333449385,0.10731414868105515,0.050959232613908875,40.694905935926805,3.6474217019311928,46.859576931336754,-0.3501411972069925,0.15881030269964524,false,0.017042592435993105
SEG_23_223_224_AB,2100,39.615907669170596,0.08328375966686496,0.046995835812016655,40.694905935926805,3.6474217019311928,46.859576931336754,-0.2958249292054477,0.1545824724960768,false,0.012874209488073022
SEG_23_223_224_AB,2130,40.829736243692274,0.07916666666666666,0.03214285714285714,40.694905935926805,3.6474217019311928,46.859576931336754,0.036965922447103054,0.12867893998445598,false,0.010187082748769432
SEG_23_223_224_AB,2200,40.935599623168535,0.07976190476190476,0.039285714285714285,40.694905935926805,3.6474217019311928,46.859576931336754,0.06599009023669812,0.12641977790044095,false,0.010083482284916123
SEG_23_223_224_AB,2230,40.984296099400986,0.09375,0.031839622641509434,40.694905935926805,3.6474217019311928,46.859576931336754,0.0793410214456305,0.125380577817525,false,0.01175442917039297
SEG_23_223_224_AB,2300,42.414796854217656,0.0743362831858407,0.032448377581120944,40.694905935926805,3.6474217019311928,46.859576931336754,0.4715360763961633,0.09485318409152575,false,0.007051033153706339
SEG_23_223_224_AB,2330,43.637002806248695,0.06738223017292785,0.022659511031604056,40.694905935926805,3.6474217019311928,46.859576931336754,0.806623722385636,0.06877087537111337,false,0.004633934953450097
SEG_23_223_224_BA,0,46.879077553609555,0.11403508771929824,0.05701754385964912,42.802035467904155,4.978891279562936,48.35962815211924,0.8188654575448566,0.03061542561602194,false,0.0034912327456867124
SEG_23_223_224_BA,30,46.86283397115434,0.12451209992193599,0.07572209211553474,42.802035467904155,4.978891279562936,48.35962815211924,0.8156029676564164,0.03095131700054876,false,0.0038538134750878434
SEG_23_223_224_BA,100,46.565824170796155,0.11538461538461539,0.040865384615384616,42.802035467904155,4.978891279562936,48.35962815211924,0.7559491644939872,0.037093006085169376,false,0.004279962240596466
SEG_23_223_224_BA,130,46.981938436063515,0.10024009603841537,0.013805522208883553,42.802035467904155,4.978891279562936,48.35962815211924,0.8395248527150581,0.028488426580164948,false,0.0028556826163790793
SEG_23_223_224_BA,200,47.257002319962574,0.08307692307692308,0.009846153846153846,42.802035467904155,4.978891279562936,48.35962815211924,0.8947708640164344,0.022800544054810908,false,0.0018941990445535215
SEG_23_223_224_BA,230,47.5374580776002,0.0692588092345079,0.0,42.802035467904155,4.978891279562936,48.35962815211924,0.9510998219892313,0.017001166177970574,false,0.0011774805250842318
SEG_23_223_224_BA,300,47.65783585694573,0.08103241296518607,0.0,42.802035467904155,4.978891279562936,48.35962815211924,0.9752774496148136,0.01451194564536281,false,0.0011759379724633728
SEG_23_223_224_BA,330,47.34457099655687,0.10018105009052504,0.0012070006035003018,42.802035467904155,4.978891279562936,48.35962815211924,0.9123588513166876,0.020989763452469636,false,0.0021027765438201324
SEG_23_223_224_BA,400,47.722517052574744,0.08518296340731854,0.0011997600479904018,42.802035467904155,4.978891279562936,48.35962815211924,0.9882685337733517,0.013174441654936054,false,0.0011222379814042709
SEG_23_223_224_BA,430,48.35962815211924,0.06046235921754594,0.0011855364552459987,42.802035467904155,4.978891279562936,48.35962815211924,1.1162309783761641,0.0,false,0.0
SEG_23_223_224_BA,500,48.203140495226535,0.08303249097472924,0.0008022462896109105,42.802035467904155,4.978891279562936,48.35962815211924,1.0848007566448623,0.003235915222517068,false,0.0002686861015086374
SEG_23_223_224_BA,530,47.8811363480971,0.09787735849056604,0.0,42.802035467904155,4.978891279562936,48.35962815211924,1.0201268907078458,0.009894447544489081,false,0.0009684423893780587
SEG_23_223_224_BA,600,47.538052064331666,0.09644970414201183,0.0,42.802035467904155,4.978891279562936,48.35962815211924,0.9512191229938354,0.016988883479485007,false,0.0016385727852994414
SEG_23_223_224_BA,630,46.93622240818004,0.09921259842519685,0.006299212598425197,42.802035467904155,4.978891279562936,48.35962815211924,0.8303428832129071,0.029433761141871427,false,0.0029201999243116533
SEG_23_223_224_BA,700,46.29765811668067,0.11130742049469965,0.0035335689045936395,42.802035467904155,4.978891279562936,48.35962815211924,0.7020885680161659,0.04263825248929688,false,0.004745953898985342
SEG_23_223_224_BA,730,43.553525297551715,0.05106048703849175,0.0015710919088766694,42.802035467904155,4.978891279562936,48.35962815211924,0.15093517561474631,0.0993825436260496,false,0.005074521080670247
SEG_23_223_224_BA,800,35.16810616540675,0.07837360047142015,0.021803182086034177,42.802035467904155,4.978891279562936,48.35962815211924,-1.5332588871407409,0.27277964059643844,true,0.021378722568842847
SEG_23_223_224_BA,830,25.80897736545394,0.2721518987341772,0.08306962025316456,42.802035467904155,4.978891279562936,48.35962815211924,-3.413020519689259,0.4663115009017511,true,0.12690756037199555
SEG_23_223_224_BA,900,35.57799947318872,0.13159454653230587,0.04919976289270895,42.802035467904155,4.978891279562936,48.35962815211924,-1.4509326653442383,0.2643037005728176,true,0.034780925623690284
SEG_23_223_224_BA,930,42.880277822834096,0.12981904012588513,0.04720692368214005,42.802035467904155,4.978891279562936,48.35962815211924,0.015714814912931637,0.11330422789954864,false,0.014709046108123939
SEG_23_223_224_BA,1000,43.66864960168426,0.12690951821386603,0.02937720329024677,42.802035467904155,4.978891279562936,48.35962815211924,0.17405765362608558,0.0970019565840978,false,0.012310471575890202
SEG_23_223_224_BA,1030,43.74334781493922,0.13270698766881972,0.028772753963593658,42.802035467904155,4.978891279562936,48.35962815211924,0.1890606350250928,0.09545731664145819,false,0.012667852942436612
SEG_23_223_224_BA,1100,44.142898017571355,0.1171875,0.024639423076923076,42.802035467904155,4.978891279562936,48.35962815211924,0.2693094655774258,0.08719525554009248,false,0.010218194008604587
SEG_23_223_224_BA,1130,44.72796142326276,0.0966411314083677,0.052445492044784915,42.802035467904155,4.978891279562936,48.35962815211924,0.38681823868378823,0.07509707720317389,false,0.007257466506376263
SEG_23_223_224_BA,1200,44.617863488221076,0.09982174688057041,0.035056446821152706,42.802035467904155,4.978891279562936,48.35962815211924,0.36470529649249955,0.07737372694695116,false,0.007723580586504929
SEG_23_223_224_BA,1230,44.17849398065673,0.1219941348973607,0.03988269794721408,42.802035467904155,4.978891279562936,48.35962815211924,0.27645884102803864,0.0864591877818085,false,0.010547513817370187
SEG_23_223_224_BA,1300,44.016652777498436,0.11169590643274854,0.03567251461988304,42.802035467904155,4.978891279562936,48.35962815211924,0.2439533706188709,0.08980580580478442,false,0.010030940882288788
SEG_23_223_224_BA,1330,42.73434799948809,0.08303886925795052,0.026501766784452298,42.802035467904155,4.978891279562936,48.35962815211924,-0.013594887820488784,0.11632182395895121,false,0.009659232731573687
SEG_23_223_224_BA,1400,42.15273081569665,0.08871915393654524,0.023501762632197415,42.802035467904155,4.978891279562936,48.35962815211924,-0.13041149439690172,0.1283487399220333,false,0.011386991614704483
SEG_23_223_224_BA,1430,41.41109423720205,0.09924550203134068,0.01044689495066744,42.802035467904155,4.978891279562936,48.35962815211924,-0.27936766492804516,0.1436846018141413,false,0.014260050441217738
SEG_23_223_224_BA,1500,41.24243859362214,0.094140625,0.0171875,42.802035467904155,4.978891279562936,48.35962815211924,-0.31324180158015447,0.14717213159930406,false,0.013854876451340734
SEG_23_223_224_BA,1530,40.96265740527698,0.09133858267716535,0.025590551181102362,42.802035467904155,4.978891279562936,48.35962815211924,-0.36943527370789325,0.15295756045878756,false,0.013970926782062486
SEG_23_223_224_BA,1600,40.46435899883113,0.10408042578356003,0.019515079834417505,42.802035467904155,4.978891279562936,48.35962815211924,-0.46951747644472225,0.16326157695946059,false,0.01699233444403611
SEG_23_223_224_BA,1630,39.075533667435096,0.10372129849564529,0.027711797307996833,42.802035467904155,4.978891279562936,48.35962815211924,-0.7484601673801127,0.1919802703089497,false,0.01991244292198924
SEG_23_223_224_BA,1700,37.59024664590208,0.10946745562130178,0.047337278106508875,42.802035467904155,4.978891279562936,48.35962815211924,-1.0467769889644156,0.22269363760079333,true,0.024377705891211104
SEG_23_223_224_BA,1730,34.933789117429555,0.11462450592885376,0.039525691699604744,42.802035467904155,4.978891279562936,48.35962815211924,-1.5803209808520464,0.2776249435263975,true,0.03182262198523924
SEG_23_223_224_BA,1800,31.955392861634646,0.14910179640718563,0.055089820359281436,42.802035467904155,4.978891279562936,48.35962815211924,-2.1785256992439614,0.3392134289966769,true,0.05057733162884583
SEG_23_223_224_BA,1830,30.791917672405194,0.1984313725490196,0.07529411764705882,42.802035467904155,4.978891279562936,48.35962815211924,-2.412207280925654,0.3632722407304984,true,0.07208460933711067
SEG_23_223_224_BA,1900,37.21745662561584,0.12206572769953052,0.04870892018779343,42.802035467904155,4.978891279562936,48.35962815211924,-1.1216510923248255,0.2304023408007765,true,0.028124229393522014
SEG_23_223_224_BA,1930,40.80038339721277,0.147175815433572,0.0477326968973747,42.802035467904155,4.978891279562936,48.35962815211924,-0.4020276720858819,0.15631312819710355,false,0.023005512105381192
SEG_23_223_224_BA,2000,41.929411999337546,0.14465032875074715,0.02869097429766886,42.802035467904155,4.978891279562936,48.35962815211924,-0.17526461606994767,0.13296661695898312,false,0.01923366485599158
SEG_23_223_224_BA,2030,42.73519721386352,0.13788968824940048,0.0407673860911271,42.802035467904155,4.978891279562936,48.35962815211924,-0.013424324872283611,0.11630426355975286,false,0.016037158644330432
SEG_23_223_224_BA,2100,42.94207480141916,0.1439619274241523,0.046995835812016655,42.802035467904155,4.978891279562936,48.35962815211924,0.028126610052690036,0.11202636491866141,false,0.016127531416011934
SEG_23_223_224_BA,2130,43.195393236720335,0.14345238095238094,0.044642857142857144,42.802035467904155,4.978891279562936,48.35962815211924,0.07900509304768565,0.10678814359685264,false,0.015319013456453265
SEG_23_223_224_BA,2200,43.74490379888817,0.1363095238095238,0.033928571428571426,42.802035467904155,4.978891279562936,48.35962815211924,0.18937315117810335,0.0954251413744348,false,0.013007355580205694
SEG_23_223_224_BA,2230,44.69191587386381,0.12558962264150944,0.009433962264150943,42.802035467904155,4.978891279562936,48.35962815211924,0.3795785647533879,0.07584244168955011,false,0.009525023632001282
SEG_23_223_224_BA,2300,45.733977380618875,0.10383480825958702,0.0017699115044247787,42.802035467904155,4.978891279562936,48.35962815211924,0.5888744598118831,0.054294271313277354,false,0.00563763525140815
SEG_23_223_224_BA,2330,46.08283086876783,0.08050089445438283,0.0,42.802035467904155,4.978891279562936,48.35962815211924,0.658940960275733,0.04708053743071717,false,0.0037900253745657827
SEG_24_224_225_AB,0,28.489045858310977,0.050239234449760764,0.009170653907496013,25.013938979676453,3.734258471485713,31.46496841399271,0.9306015920349285,0.09457891444627411,false,0.004751572256870231
SEG_24_224_225_AB,30,28.682688636015257,0.05113192818110851,0.00663544106167057,25.013938979676453,3.734258471485713,31.46496841399271,0.982457343098469,0.08842468046909442,false,0.004521324411183204
SEG_24_224_225_AB,100,28.73024717834381,0.052884615384615384,0.004807692307692308,25.013938979676453,3.734258471485713,31.46496841399271,0.9951930823869255,0.08691320454123673,false,0.004596371394007712
SEG_24_224_225_AB,130,29.123503329504437,0.046218487394957986,0.003601440576230492,25.013938979676453,3.734258471485713,31.46496841399271,1.1005034550254233,0.07441498283681754,false,0.0034393479462394663
SEG_24_224_225_AB,200,29.319341147170714,0.046153846153846156,0.0018461538461538461,25.013938979676453,3.734258471485713,31.46496841399271,1.1529470175591012,0.06819098746871202,false,0.003147276344709786
SEG_24_224_225_AB,230,29.584320136170497,0.031591737545565005,0.0006075334143377885,25.013938979676453,3.734258471485713,31.46496841399271,1.2239059485016501,0.05976959051978185,false,0.0018882252169068383
SEG_24_224_225_AB,300,29.80385404991967,0.033013205282112844,0.0,25.013938979676453,3.734258471485713,31.46496841399271,1.2826951071593877,0.052792500606303784,false,0.0017428496598719736
SEG_24_224_225_AB,330,29.971060138682244,0.0356065178032589,0.0,25.013938979676453,3.734258471485713,31.46496841399271,1.3274713565913259,0.04747846098730278,false,0.0016905426664157296
SEG_24_224_225_AB,400,30.364359228842055,0.01739652069586083,0.0,25.013938979676453,3.734258471485713,31.46496841399271,1.4327932278980362,0.03497887462239456,false,0.0006085107162864082
SEG_24_224_225_AB,430,30.800957130303928,0.01007705986959099,0.0,25.013938979676453,3.734258471485713,31.46496841399271,1.549710121786254,0.021103192444124372,false,0.00021265813369894152
SEG_24_224_225_AB,500,31.46496841399271,0.0036101083032490976,0.0,25.013938979676453,3.734258471485713,31.46496841399271,1.7275262233654782,0.0,false,0.0
SEG_24_224_225_AB,530,31.05083889907986,0.003537735849056604,0.0,25.013938979676453,3.734258471485713,31.46496841399271,1.6166261563039486,0.013161605931524928,false,0.000046562285135111776
SEG_24_224_225_AB,600,30.37421221791369,0.000591715976331361,0.0,25.013938979676453,3.734258471485713,31.46496841399271,1.4354317675564106,0.03466573306947776,false,0.00002051226808844838
SEG_24_224_225_AB,630,29.479855958154168,0.0,0.0,25.013938979676453,3.734258471485713,31.46496841399271,1.195931404475305,0.06308960586643234,false,0.0
SEG_24_224_225_AB,700,28.145188528518105,0.00530035335689046,0.0,25.013938979676453,3.734258471485713,31.46496841399271,0.8385197684497323,0.10550717362227749,false,0.000559225301884863
SEG_24_224_225_AB,730,26.31773007920501,0.047918303220738416,0.004713275726630008,25.013938979676453,3.734258471485713,31.46496841399271,0.3491432394099463,0.1635863181893005,false,0.007838778797759098
SEG_24_224_225_AB,800,25.1515380626929,0.07955215085444903,0.015321154979375369,25.013938979676453,3.734258471485713,31.46496841399271,0.03684776618092578,0.2006495054510266,false,0.01596209972651066
SEG_24_224_225_AB,830,23.171271150100775,0.14161392405063292,0.05617088607594937,25.013938979676453,3.734258471485713,31.46496841399271,-0.4934494608892334,0.2635851132843873,false,0.037327322213532695
SEG_24_224_225_AB,900,23.080866226227325,0.13337285121517486,0.03260225251926497,25.013938979676453,3.734258471485713,31.46496841399271,-0.5176590662402742,0.2664583061852658,false,0.03553830402589496
SEG_24_224_225_AB,930,23.666792312983898,0.11565696302124312,0.014162077104642014,25.013938979676453,3.734258471485713,31.46496841399271,-0.3607534606881616,0.24783676876474808,false,0.028664048000328853
SEG_24_224_225_AB,1000,23.747757162611855,0.10869565217391304,0.018213866039952998,25.013938979676453,3.734258471485713,31.46496841399271,-0.33907182021089055,0.24526359441533568,false,0.02665908634949301
SEG_24_224_225_AB,1030,23.660877705865484,0.07927187316500293,0.009982384028185555,25.013938979676453,3.734258471485713,31.46496841399271,-0.3623373379595332,0.2480247431189757,false,0.019661385978309878
SEG_24_224_225_AB,1100,23.3801773798804,0.08353365384615384,0.003605769230769231,25.013938979676453,3.734258471485713,31.46496841399271,-0.43750629804316776,0.256945785793859,false,0.021463620327732212
SEG_24_224_225_AB,1130,22.641227993826476,0.12080141426045964,0.011196228638774307,25.013938979676453,3.734258471485713,31.46496841399271,-0.6353901327312166,0.2804306142650456,false,0.033876414805146936
SEG_24_224_225_AB,1200,22.567373031241445,0.12299465240641712,0.004753416518122401,25.013938979676453,3.734258471485713,31.46496841399271,-0.6551678109902277,0.2827778266192201,false,0.03478016049327306
SEG_24_224_225_AB,1230,23.259781918850077,0.08269794721407625,0.0035190615835777126,25.013938979676453,3.734258471485713,31.46496841399271,-0.4697470928220099,0.26077211924019367,false,0.021565318951828335
SEG_24_224_225_AB,1300,22.84663433983277,0.11410181392627268,0.0052662375658279695,25.013938979676453,3.734258471485713,31.46496841399271,-0.5803842065012166,0.2739025178975645,false,0.03125277413108547
SEG_24_224_225_AB,1330,22.47917957841803,0.13191990577149587,0.0076560659599528855,25.013938979676453,3.734258471485713,31.46496841399271,-0.6787852047771998,0.2855807359265815,false,0.03767378377358908
SEG_24_224_225_AB,1400,22.32601747908896,0.15569917743830788,0.00763807285546416,25.013938979676453,3.734258471485713,31.46496841399271,-0.7198006032823099,0.2904484382332826,false,0.045222582921163275
SEG_24_224_225_AB,1430,22.339543931506842,0.1404526987811956,0.006964596633778294,25.013938979676453,3.734258471485713,31.46496841399271,-0.716178343998126,0.2900185489596018,false,0.04073388789798237
SEG_24_224_225_AB,1500,22.29066431040846,0.1453125,0.011328125,25.013938979676453,3.734258471485713,31.46496841399271,-0.7292678560047589,0.29157201058890525,false,0.042369057788700294
SEG_24_224_225_AB,1530,22.06119049637359,0.17716535433070865,0.014960629921259842,25.013938979676453,3.734258471485713,31.46496841399271,-0.7907188283429349,0.2988650042132948,false,0.05294852436849711
SEG_24_224_225_AB,1600,21.5201284191938,0.23240685984624482,0.02069781194559432,25.013938979676453,3.734258471485713,31.46496841399271,-0.9356102656420046,0.31606070166516886,false,0.0734546751948027
SEG_24_224_225_AB,1630,20.49482147106448,0.38717339667458434,0.03721298495645289,25.013938979676453,3.734258471485713,31.46496841399271,-1.2101780160959228,0.34864636755998535,true,0.13498659836645513
SEG_24_224_225_AB,1700,19.90678420402206,0.5029585798816568,0.03195266272189349,25.013938979676453,3.734258471485713,31.46496841399271,-1.3676489762698347,0.36733500119550855,true,0.1847542905421197
SEG_24_224_225_AB,1730,19.056155647563067,0.6600790513833992,0.05217391304347826,25.013938979676453,3.734258471485713,31.46496841399271,-1.5954394634453413,0.39436914740112533,true,0.2603148127114147
SEG_24_224_225_AB,1800,18.060600549538,0.7838323353293413,0.10479041916167664,25.013938979676453,3.734258471485713,31.46496841399271,-1.8620399426641707,0.426009258553512,true,0.3339198320039205
SEG_24_224_225_AB,1830,17.65558761792693,0.8329411764705882,0.14901960784313725,25.013938979676453,3.734258471485713,31.46496841399271,-1.970498672745041,0.4388811269209679,true,0.3655621621882886
SEG_24_224_225_AB,1900,19.93742269933501,0.5064553990610329,0.022887323943661973,25.013938979676453,3.734258471485713,31.46496841399271,-1.3594442696200673,0.366361267648097,true,0.18554564200722284
SEG_24_224_225_AB,1930,22.501672784915502,0.1431980906921241,0.0015910898965791568,25.013938979676453,3.734258471485713,31.46496841399271,-0.6727617313970824,0.2848658708677159,false,0.0407922488116061
SEG_24_224_225_AB,2000,23.273057563944967,0.07890017931858936,0.0005977286312014345,25.013938979676453,3.734258471485713,31.46496841399271,-0.4661919974272319,0.2603502009684122,false,0.020541677542038502
SEG_24_224_225_AB,2030,23.810019736097843,0.07314148681055156,0.001199040767386091,25.013938979676453,3.734258471485713,31.46496841399271,-0.3223984769055418,0.24328480414080614,false,0.017794212293272393
SEG_24_224_225_AB,2100,24.2317137153017,0.06067816775728733,0.001784651992861392,25.013938979676453,3.734258471485713,31.46496841399271,-0.20947271602855477,0.22988278912348523,false,0.013948866442947943
SEG_24_224_225_AB,2130,25.030577516435958,0.04642857142857143,0.0005952380952380953,25.013938979676453,3.734258471485713,31.46496841399271,0.0044556467867862826,0.20449379808356427,false,0.009494354911022627
SEG_24_224_225_AB,2200,25.656293939271936,0.033928571428571426,0.0,25.013938979676453,3.734258471485713,31.46496841399271,0.17201673759339847,0.18460766902081532,false,0.006263474484634805
SEG_24_224_225_AB,2230,25.912338490082757,0.0330188679245283,0.0011792452830188679,25.013938979676453,3.734258471485713,31.46496841399271,0.2405831083376684,0.17647022081359082,false,0.005826846913656301
SEG_24_224_225_AB,2300,26.31946057638652,0.03303834808259587,0.0017699115044247787,25.013938979676453,3.734258471485713,31.46496841399271,0.3496066506051601,0.16353132060726766,false,0.005402804692629492
SEG_24_224_225_AB,2330,26.929372083352757,0.04114490161001789,0.0011926058437686344,25.013938979676453,3.734258471485713,31.46496841399271,0.5129353306157804,0.1441474935224451,false,0.005930934438311695
SEG_24_224_225_BA,0,24.689653492112928,0.05063795853269538,0.003189792663476874,20.455148563752214,3.75373912440625,26.906379954528187,1.1280765093206921,0.0823866483028014,false,0.004171891680405016
SEG_24_224_225_BA,30,24.853480999965594,0.040983606557377046,0.00156128024980484,20.455148563752214,3.75373912440625,26.906379954528187,1.1717203275038697,0.07629785047382795,false,0.0031269610849929486
SEG_24_224_225_BA,100,24.90809903595745,0.0390625,0.0018028846153846155,20.455148563752214,3.75373912440625,26.906379954528187,1.186270628998381,0.07426792165827718,false,0.0029010906897764524
SEG_24_224_225_BA,130,25.172201951402464,0.04081632653061224,0.003001200480192077,20.455148563752214,3.75373912440625,26.906379954528187,1.25662791987346,0.06445229741260201,false,0.0026307060168408985
SEG_24_224_225_BA,200,25.427495334950706,0.029538461538461538,0.0012307692307692308,20.455148563752214,3.75373912440625,26.906379954528187,1.3246383423048866,0.05496408740517299,false,0.0016235545818143406
SEG_24_224_225_BA,230,25.67614772326528,0.02490886998784933,0.0018226002430133657,20.455148563752214,3.75373912440625,26.906379954528187,1.3908795967111596,0.04572269600525974,false,0.0011389006902889727
SEG_24_224_225_BA,300,26.016230405524446,0.02100840336134454,0.0006002400960384153,20.455148563752214,3.75373912440625,26.906379954528187,1.481477976350277,0.03308321485491898,false,0.0006950255221621636
SEG_24_224_225_BA,330,26.56641111260085,0.013277006638503319,0.0,20.455148563752214,3.75373912440625,26.906379954528187,1.6280466879315403,0.012635250171219064,false,0.0001677583004024257
SEG_24_224_225_BA,400,26.736317825139434,0.01259748050389922,0.0,20.455148563752214,3.75373912440625,26.906379954528187,1.673310012554681,0.006320513189665753,false,0.0000796225416814522
SEG_24_224_225_BA,430,26.683125906890858,0.014819205690574985,0.0005927682276229994,20.455148563752214,3.75373912440625,26.906379954528187,1.6591396303076222,0.00829743904659895,false,0.00012296145593655825
SEG_24_224_225_BA,500,26.906379954528187,0.012434817488969114,0.0,20.455148563752214,3.75373912440625,26.906379954528187,1.7186147403880658,0.0,false,0.0
SEG_24_224_225_BA,530,26.420732691902533,0.01611635220125786,0.0,20.455148563752214,3.75373912440625,26.906379954528187,1.589237805409274,0.0180495207250622,false,0.0002908924330690056
SEG_24_224_225_BA,600,24.333546526059003,0.02544378698224852,0.0,20.455148563752214,3.75373912440625,26.906379954528187,1.0332092438417004,0.09562168648540889,false,0.002432977821818096
SEG_24_224_225_BA,630,23.439150789601428,0.04251968503937008,0.0,20.455148563752214,3.75373912440625,26.906379954528187,0.7949412910576756,0.12886271474595917,false,0.005479202044316374
SEG_24_224_225_BA,700,22.3050434539305,0.14840989399293286,0.004122497055359246,20.455148563752214,3.75373912440625,26.906379954528187,0.49281391936657176,0.1710128418751965,false,0.025379997734128103
SEG_24_224_225_BA,730,18.893743199391082,0.6959937156323645,0.04870384917517675,20.455148563752214,3.75373912440625,26.906379954528187,-0.4159600101693557,0.2977969079704691,false,0.20726477648219607
SEG_24_224_225_BA,800,16.688318811274687,0.8986446670595168,0.253388332351208,20.455148563752214,3.75373912440625,26.906379954528187,-1.0034873569093183,0.3797635044373132,true,0.3412724480064247
SEG_24_224_225_BA,830,14.839122677547321,0.9414556962025317,0.5356012658227848,20.455148563752214,3.75373912440625,26.906379954528187,-1.4961151268318922,0.4484905549306352,true,0.42223398763248093
SEG_24_224_225_BA,900,17.66080660405569,0.8002371072910492,0.17723770005927683,20.455148563752214,3.75373912440625,26.906379954528187,-0.7444155992429338,0.3436201141178236,false,0.2749775661286674
SEG_24_224_225_BA,930,18.075079147127955,0.8489378442171518,0.06136900078678206,20.455148563752214,3.75373912440625,26.906379954528187,-0.6340529636567986,0.3282232995417868,false,0.278641180334845
SEG_24_224_225_BA,1000,18.21245930374179,0.8472385428907168,0.035840188014101056,20.455148563752214,3.75373912440625,26.906379954528187,-0.5974547473021746,0.3231174414945129,false,0.27375755031438753
SEG_24_224_225_BA,1030,18.638857227613546,0.8003523194362889,0.014092777451556078,20.455148563752214,3.75373912440625,26.906379954528187,-0.4838618976820776,0.30726997615014595,false,0.2459242381049025
SEG_24_224_225_BA,1100,18.57049917584536,0.8106971153846154,0.0234375,20.455148563752214,3.75373912440625,26.906379954528187,-0.5020725536447502,0.3098105651065092,false,0.2511625314475246
SEG_24_224_225_BA,1130,18.131177484522503,0.8644667059516794,0.0347672362993518,20.455148563752214,3.75373912440625,26.906379954528187,-0.6191083083317108,0.3261383539828021,false,0.2819357485520157
SEG_24_224_225_BA,1200,17.818022996369614,0.9031491384432561,0.0368389780154486,20.455148563752214,3.75373912440625,26.906379954528187,-0.7025329891031598,0.33777702439041996,false,0.3050630285641345
SEG_24_224_225_BA,1230,17.722121398574657,0.9131964809384164,0.05865102639296188,20.455148563752214,3.75373912440625,26.906379954528187,-0.7280812743239995,0.34134129420141013,false,0.31171166866369243
SEG_24_224_225_BA,1300,17.445098711531642,0.9263157894736842,0.08011695906432749,20.455148563752214,3.75373912440625,26.906379954528187,-0.8018804057665271,0.3516370934695088,false,0.3257269918454397
SEG_24_224_225_BA,1330,17.766686758082905,0.911660777385159,0.05594817432273263,20.455148563752214,3.75373912440625,26.906379954528187,-0.7162090162817477,0.3396849822195098,false,0.30967747495630227
SEG_24_224_225_BA,1400,18.092361275159217,0.8772032902467685,0.0399529964747356,20.455148563752214,3.75373912440625,26.906379954528187,-0.6294489868063841,0.3275809935883115,false,0.2873551253979724
SEG_24_224_225_BA,1430,18.036834258179034,0.8728961114335462,0.0412071967498549,20.455148563752214,3.75373912440625,26.906379954528187,-0.6442414417799207,0.3296447055062292,false,0.28774558159104396
SEG_24_224_225_BA,1500,17.803537566084902,0.8890625,0.066015625,20.455148563752214,3.75373912440625,26.906379954528187,-0.7063919227702677,0.338315388537109,false,0.3007835251212735
SEG_24_224_225_BA,1530,17.70443558265314,0.8933070866141732,0.08622047244094488,20.455148563752214,3.75373912440625,26.906379954528187,-0.7327927940475005,0.3419986035812452,false,0.30550977619127767
SEG_24_224_225_BA,1600,17.552924022531837,0.9083382613837966,0.08870490833826139,20.455148563752214,3.75373912440625,26.906379954528187,-0.7731556309682118,0.3476296680491282,false,0.31576532828117143
SEG_24_224_225_BA,1630,16.96212187837575,0.936658749010293,0.15756136183689629,20.455148563752214,3.75373912440625,26.906379954528187,-0.9305459355620445,0.369587365262746,false,0.3461772391970139
SEG_24_224_225_BA,1700,16.393871381357837,0.9715976331360947,0.21005917159763313,20.455148563752214,3.75373912440625,26.906379954528187,-1.0819284579443895,0.390706910068783,true,0.37960990907274655
SEG_24_224_225_BA,1730,15.733852493135851,0.9770750988142293,0.3391304347826087,20.455148563752214,3.75373912440625,26.906379954528187,-1.257758175020529,0.4152371103163607,true,0.40571784059369315
SEG_24_224_225_BA,1800,15.267335896719118,0.9922155688622755,0.4544910179640719,20.455148563752214,3.75373912440625,26.906379954528187,-1.3820386806591631,0.4325756224909879,true,0.4292082673458485
SEG_24_224_225_BA,1830,15.25645084403687,0.9866666666666667,0.4470588235294118,20.455148563752214,3.75373912440625,26.906379954528187,-1.3849384699949416,0.43298017534055905,true,0.42720710633601827
SEG_24_224_225_BA,1900,16.88659432191961,0.9653755868544601,0.13438967136150234,20.455148563752214,3.75373912440625,26.906379954528187,-0.950666555017209,0.37239441535955514,false,0.3595004772690541
SEG_24_224_225_BA,1930,18.322756021989093,0.8249801113762928,0.03579952267303103,20.455148563752214,3.75373912440625,26.906379954528187,-0.568071587047332,0.3190181639836139,false,0.26318364045426224
SEG_24_224_225_BA,2000,19.030514667522247,0.71249252839211,0.016736401673640166,20.455148563752214,3.75373912440625,26.906379954528187,-0.3795239490584762,0.2927136723823926,false,0.20855630453067064
SEG_24_224_225_BA,2030,19.60526915208935,0.592326139088729,0.006594724220623501,20.455148563752214,3.75373912440625,26.906379954528187,-0.22640875764036889,0.2713524009836226,false,0.1607291200070858
SEG_24_224_225_BA,2100,19.936072772487687,0.5056513979773944,0.010707911957168352,20.455148563752214,3.75373912440625,26.906379954528187,-0.13828232971480986,0.2590577845782423,false,0.13099293092891492
SEG_24_224_225_BA,2130,20.81782963096398,0.31666666666666665,0.007142857142857143,20.455148563752214,3.75373912440625,26.906379954528187,0.09661861285289354,0.22628649167423723,false,0.07165738903017511
SEG_24_224_225_BA,2200,21.16261393080264,0.28214285714285714,0.002976190476190476,20.455148563752214,3.75373912440625,26.906379954528187,0.18846950829656509,0.2134722706448255,false,0.06022967636050434
SEG_24_224_225_BA,2230,21.825301113635753,0.19929245283018868,0.0005896226415094339,20.455148563752214,3.75373912440625,26.906379954528187,0.3650100618274221,0.18884290080937918,false,0.0376349649018692
SEG_24_224_225_BA,2300,22.11081727823732,0.1705014749262537,0.00471976401179941,20.455148563752214,3.75373912440625,26.906379954528187,0.441071864509762,0.17823143374899833,false,0.030388722332425087
SEG_24_224_225_BA,2330,22.74962627271467,0.11687537268932618,0.002385211687537269,20.455148563752214,3.75373912440625,26.906379954528187,0.6112512438715058,0.15448951842791317,false,0.018056020042856877
SEG_25_225_226_AB,0,33.17033308448288,0.01555023923444976,0.0035885167464114833,28.08229911067862,4.838973875847402,35.8214325261927,1.0514696099518084,0.07400874992286631,false,0.0011508537667431363
SEG_25_225_226_AB,30,34.11745570968308,0.00858704137392662,0.00234192037470726,28.08229911067862,4.838973875847402,35.8214325261927,1.2471975988809365,0.04756863967580504,false,0.0004084738769975453
SEG_25_225_226_AB,100,34.22710561482958,0.0078125,0.001201923076923077,28.08229911067862,4.838973875847402,35.8214325261927,1.2698573420330532,0.044507625712549154,false,0.00034771582587929026
SEG_25_225_226_AB,130,34.819810323051975,0.019807923169267706,0.00900360144057623,28.08229911067862,4.838973875847402,35.8214325261927,1.3923429605607205,0.027961533989695656,false,0.0005538599169627591
SEG_25_225_226_AB,200,34.824065759408825,0.012923076923076923,0.0018461538461538461,28.08229911067862,4.838973875847402,35.8214325261927,1.3932223693911938,0.02784273817231068,false,0.00035981384714986106
SEG_25_225_226_AB,230,35.28743144878255,0.006075334143377886,0.001215066828675577,28.08229911067862,4.838973875847402,35.8214325261927,1.4889793834322294,0.014907306596956731,false,0.00009056686875429363
SEG_25_225_226_AB,300,35.64657426710604,0.008403361344537815,0.003601440576230492,28.08229911067862,4.838973875847402,35.8214325261927,1.5631981801312709,0.00488138655423133,false,0.0000410200550775742
SEG_25_225_226_AB,330,35.8214325261927,0.008449004224502113,0.004828002414001207,28.08229911067862,4.838973875847402,35.8214325261927,1.5993335806465383,0.0,false,0.0
SEG_25_225_226_AB,400,35.51776632306495,0.00599880023995201,0.0023995200959808036,28.08229911067862,4.838973875847402,35.8214325261927,1.5365793251124398,0.00847722108560882,false,0.00005085315588247643
SEG_25_225_226_AB,430,35.256005772001195,0.005334914048606995,0.0005927682276229994,28.08229911067862,4.838973875847402,35.8214325261927,1.4824850981586082,0.015784593588714382,false,0.00008420945008798426
SEG_25_225_226_AB,500,34.86735060902891,0.009225832330525471,0.002807862013638187,28.08229911067862,4.838973875847402,35.8214325261927,1.4021674165707483,0.026634387568564268,false,0.00024572439393380594
SEG_25_225_226_AB,530,34.19124656518235,0.010220125786163521,0.0019654088050314465,28.08229911067862,4.838973875847402,35.8214325261927,1.2624468763915218,0.04550867584143542,false,0.00046510439146121103
SEG_25_225_226_AB,600,32.997939154373434,0.007100591715976331,0.001183431952662722,28.08229911067862,4.838973875847402,35.8214325261927,1.0158434762853492,0.07882134165781125,false,0.0005596781656175947
SEG_25_225_226_AB,630,31.48837999032711,0.009448818897637795,0.0007874015748031496,28.08229911067862,4.838973875847402,35.8214325261927,0.7038849489659662,0.1209625698999406,false,0.0011429534163773915
SEG_25_225_226_AB,700,29.65785859351468,0.028268551236749116,0.0035335689045936395,28.08229911067862,4.838973875847402,35.8214325261927,0.3255978484819051,0.17206385948331926,false,0.004863996027797011
SEG_25_225_226_AB,730,28.271277668516664,0.024351924587588374,0.0015710919088766694,28.08229911067862,4.838973875847402,35.8214325261927,0.039053436262858676,0.21077199668537402,false,0.005132703768457655
SEG_25_225_226_AB,800,27.327014219109028,0.041838538597525045,0.0029463759575721863,28.08229911067862,4.838973875847402,35.8214325261927,-0.1560836885975801,0.23713228947146484,false,0.009921268445771363
SEG_25_225_226_AB,830,26.659468120950585,0.041930379746835444,0.0031645569620253164,28.08229911067862,4.838973875847402,35.8214325261927,-0.2940356832322984,0.25576767200873024,false,0.010724435614290113
SEG_25_225_226_AB,900,26.77342377683666,0.036751630112625965,0.006520450503852994,28.08229911067862,4.838973875847402,35.8214325261927,-0.27048613351167355,0.25258645763929516,false,0.009282964062617843
SEG_25_225_226_AB,930,26.713364815880443,0.05350118017309206,0.007081038552321007,28.08229911067862,4.838973875847402,35.8214325261927,-0.2828976410951275,0.2542630784978357,false,0.013603374774077756
SEG_25_225_226_AB,1000,26.376376017818043,0.045828437132784956,0.006462984723854289,28.08229911067862,4.838973875847402,35.8214325261927,-0.3525381902504764,0.26367054141311674,false,0.012083608830918392
SEG_25_225_226_AB,1030,26.038809624511355,0.062243100411039344,0.007633587786259542,28.08229911067862,4.838973875847402,35.8214325261927,-0.4222981025722954,0.2730941286205758,false,0.016998225269395793
SEG_25_225_226_AB,1100,25.733977524126132,0.05108173076923077,0.006009615384615385,28.08229911067862,4.838973875847402,35.8214325261927,-0.4852932970507613,0.2816038971833581,false,0.014384814459486441
SEG_25_225_226_AB,1130,26.017924114297198,0.05362404242781379,0.007071302298173247,28.08229911067862,4.838973875847402,35.8214325261927,-0.42661420568630515,0.2736771737067511,false,0.014675676374374984
SEG_25_225_226_AB,1200,25.779453307881614,0.0510992275698158,0.0106951871657754,28.08229911067862,4.838973875847402,35.8214325261927,-0.47589548153816613,0.28033438391857646,false,0.01432487047949945
SEG_25_225_226_AB,1230,25.294429679524196,0.07155425219941348,0.005865102639296188,28.08229911067862,4.838973875847402,35.8214325261927,-0.5761282252564777,0.29387442389332535,false,0.021027964642220346
SEG_25_225_226_AB,1300,24.882094087601335,0.0783625730994152,0.005847953216374269,28.08229911067862,4.838973875847402,35.8214325261927,-0.6613395949604841,0.30538528660439535,false,0.023930776845022792
SEG_25_225_226_AB,1330,24.184354953186176,0.09952885747938751,0.014723203769140165,28.08229911067862,4.838973875847402,35.8214325261927,-0.8055311430690115,0.3248635454346353,false,0.03233329751381235
SEG_25_225_226_AB,1400,24.00247430234765,0.10575793184488837,0.014688601645123384,28.08229911067862,4.838973875847402,35.8214325261927,-0.8431177586418586,0.32994097081971824,false,0.03489387470478806
SEG_25_225_226_AB,1430,24.001781401537844,0.114335461404527,0.009286128845037725,28.08229911067862,4.838973875847402,35.8214325261927,-0.8432609503241416,0.329960314010678,false,0.03772616474759348
SEG_25_225_226_AB,1500,24.163576696906137,0.1015625,0.00859375,28.08229911067862,4.838973875847402,35.8214325261927,-0.80982508158018,0.32544359639336917,false,0.033052865258701554
SEG_25_225_226_AB,1530,23.860380593418977,0.11023622047244094,0.008661417322834646,28.08229911067862,4.838973875847402,35.8214325261927,-0.8724821884929682,0.3339076940607492,false,0.03680872217992511
SEG_25_225_226_AB,1600,23.48351789285389,0.140153755174453,0.011827321111768185,28.08229911067862,4.838973875847402,35.8214325261927,-0.9503628942446791,0.3444282867335723,false,0.04827291777401339
SEG_25_225_226_AB,1630,22.764477388215372,0.17814726840855108,0.00791765637371338,28.08229911067862,4.838973875847402,35.8214325261927,-1.0989564851767233,0.36450119990120605,true,0.06493489309403909
SEG_25_225_226_AB,1700,21.811688721518966,0.28816568047337277,0.01952662721893491,28.08229911067862,4.838973875847402,35.8214325261927,-1.295855392081765,0.39109948476878426,true,0.1127014491611822
SEG_25_225_226_AB,1730,20.162852611741958,0.5043478260869565,0.06403162055335969,28.08229911067862,4.838973875847402,35.8214325261927,-1.636596249974548,0.4371288027914897,true,0.22046496140788174
SEG_25_225_226_AB,1800,19.228352877646763,0.5976047904191617,0.11317365269461079,28.08229911067862,4.838973875847402,35.8214325261927,-1.8297156505068652,0.46321652927791335,true,0.2768204168978189
SEG_25_225_226_AB,1830,19.424382946451825,0.5419607843137255,0.13019607843137254,28.08229911067862,4.838973875847402,35.8214325261927,-1.7892049815438646,0.45774410522949693,true,0.24807935428516267
SEG_25_225_226_AB,1900,21.62518651430534,0.29284037558685444,0.04812206572769953,28.08229911067862,4.838973875847402,35.8214325261927,-1.3343970771577078,0.39630592666853953,true,0.11605437641291151
SEG_25_225_226_AB,1930,24.634580143720214,0.08671439936356404,0.010342084327764518,28.08229911067862,4.838973875847402,35.8214325261927,-0.7124896838494793,0.312294947285892,false,0.02708046877817202
SEG_25_225_226_AB,2000,25.817795343445745,0.06096832038254633,0.002988643156007173,28.08229911067862,4.838973875847402,35.8214325261927,-0.46797189349081036,0.2792640181386458,false,0.017026258129194186
SEG_25_225_226_AB,2030,26.63502390200294,0.04016786570743405,0.002997601918465228,28.08229911067862,4.838973875847402,35.8214325261927,-0.2990872126628775,0.25645006289105393,false,0.010301051686870871
SEG_25_225_226_AB,2100,26.60191814432736,0.0529446757882213,0.006543723973825104,28.08229911067862,4.838973875847402,35.8214325261927,-0.30592869569729064,0.25737425143799075,false,0.013626596298620569
SEG_25_225_226_AB,2130,28.092281266976073,0.039285714285714285,0.0035714285714285713,28.08229911067862,4.838973875847402,35.8214325261927,0.002062866333558362,0.21576890465128826,false,0.00847663553987204
SEG_25_225_226_AB,2200,28.73792588324162,0.02738095238095238,0.0011904761904761906,28.08229911067862,4.838973875847402,35.8214325261927,0.1354888018378042,0.19774492931770968,false,0.005414444493223003
SEG_25_225_226_AB,2230,29.666457148832748,0.021816037735849055,0.0047169811320754715,28.08229911067862,4.838973875847402,35.8214325261927,0.32737478622504673,0.17182382007920602,false,0.003748514942765697
SEG_25_225_226_AB,2300,30.277106198439196,0.019469026548672566,0.00471976401179941,28.08229911067862,4.838973875847402,35.8214325261927,0.45356869949545275,0.15477678966913128,false,0.0030133534271866266
SEG_25_225_226_AB,2330,31.015873683373528,0.01908169350029815,0.0041741204531902205,28.08229911067862,4.838973875847402,35.8214325261927,0.6062389770974286,0.13415317322402837,false,0.002559869733553314
SEG_25_225_226_BA,0,32.06094019028164,0.03189792663476874,0.011961722488038277,26.30835881818831,4.7123155703025175,33.48839629151796,1.220754698252102,0.042625394444399445,false,0.0013596617047655325
SEG_25_225_226_BA,30,32.48236972642373,0.039032006245121,0.01600312256049961,26.30835881818831,4.7123155703025175,33.48839629151796,1.3101862165481126,0.030041049333528125,false,0.0011725624251962578
SEG_25_225_226_BA,100,32.871685112958374,0.028846153846153848,0.013221153846153846,26.30835881818831,4.7123155703025175,33.48839629151796,1.39280279447599,0.018415667719382134,false,0.0005312211842129462
SEG_25_225_226_BA,130,33.352876574389654,0.031212484993997598,0.013805522208883553,26.30835881818831,4.7123155703025175,33.48839629151796,1.494916384759246,0.004046766406745749,false,0.00012630963574476528
SEG_25_225_226_BA,200,33.48839629151796,0.023384615384615386,0.014153846153846154,26.30835881818831,4.7123155703025175,33.48839629151796,1.5236750099205918,0.0,false,0.0
SEG_25_225_226_BA,230,33.24265462701931,0.02490886998784933,0.013365735115431349,26.30835881818831,4.7123155703025175,33.48839629151796,1.471526196702875,0.007338113845746844,false,0.0001827841237397452
SEG_25_225_226_BA,300,33.460978057545006,0.024009603841536616,0.009603841536614645,26.30835881818831,4.7123155703025175,33.48839629151796,1.5178565893237743,0.0008187383395214013,false,0.000019657583181786345
SEG_25_225_226_BA,330,33.288355875351826,0.02112251056125528,0.005431502715751358,26.30835881818831,4.7123155703025175,33.48839629151796,1.4812244538867798,0.005973424777489242,false,0.00012617372794938048
SEG_25_225_226_BA,400,33.3880845412808,0.023395320935812838,0.010797840431913617,26.30835881818831,4.7123155703025175,33.48839629151796,1.502387863773306,0.0029954181551108835,false,0.00007007876907577952
SEG_25_225_226_BA,430,33.02597840160907,0.03023117960877297,0.013040901007705987,26.30835881818831,4.7123155703025175,33.48839629151796,1.4255453573092327,0.013808302012539408,false,0.00041744125823326014
SEG_25_225_226_BA,500,32.45583318240041,0.04091456077015644,0.014841556357801846,26.30835881818831,4.7123155703025175,33.48839629151796,1.3045548992843556,0.030833459450522488,false,0.0012615374504425568
SEG_25_225_226_BA,530,32.10817806057247,0.036163522012578615,0.012971698113207548,26.30835881818831,4.7123155703025175,33.48839629151796,1.23077904182292,0.041214820170265176,false,0.0014904730564718539
SEG_25_225_226_BA,600,30.86163709830766,0.036686390532544376,0.01242603550295858,26.30835881818831,4.7123155703025175,33.48839629151796,0.9662507130920018,0.07843789145184031,false,0.0028776031183515376
SEG_25_225_226_BA,630,28.711479244990525,0.03779527559055118,0.011023622047244094,26.30835881818831,4.7123155703025175,33.48839629151796,0.5099659373296048,0.14264394762126442,false,0.005391267311669837
SEG_25_225_226_BA,700,26.14312196145663,0.06654888103651355,0.010011778563015312,26.30835881818831,4.7123155703025175,33.48839629151796,-0.035064896284327914,0.21933789441932047,false,0.014596691442510726
SEG_25_225_226_BA,730,23.098122478261956,0.16182246661429694,0.003927729772191673,26.30835881818831,4.7123155703025175,33.48839629151796,-0.6812439218115152,0.3102648966169718,false,0.050207830874388217
SEG_25_225_226_BA,800,21.210887544724702,0.3553329404832057,0.013553329404832056,26.30835881818831,4.7123155703025175,33.48839629151796,-1.081733851949216,0.3666197879383952,true,0.13027208728747927
SEG_25_225_226_BA,830,20.282101072481,0.5118670886075949,0.040348101265822785,26.30835881818831,4.7123155703025175,33.48839629151796,-1.278831533203206,0.3943543639437248,true,0.2018570201515743
SEG_25_225_226_BA,900,22.020612331024665,0.31772377000592766,0.016597510373443983,26.30835881818831,4.7123155703025175,33.48839629151796,-0.9099022387603773,0.34244052359706123,false,0.10880149416006213
SEG_25_225_226_BA,930,21.803178041815617,0.34146341463414637,0.014162077104642014,26.30835881818831,4.7123155703025175,33.48839629151796,-0.9560439467943938,0.34893334837482226,false,0.11914797261579298
SEG_25_225_226_BA,1000,21.696855495813413,0.3290246768507638,0.023501762632197415,26.30835881818831,4.7123155703025175,33.48839629151796,-0.9786066432895647,0.35210825544044166,false,0.11585230496277751
SEG_25_225_226_BA,1030,22.945053030411415,0.21550205519671167,0.009982384028185555,26.30835881818831,4.7123155703025175,33.48839629151796,-0.7137267735150811,0.31483571710410607,false,0.06784774408526537
SEG_25_225_226_BA,1100,23.008001857067804,0.203125,0.013822115384615384,26.30835881818831,4.7123155703025175,33.48839629151796,-0.7003684095181751,0.3129559965552803,false,0.0635691868002913
SEG_25_225_226_BA,1130,22.987677172090613,0.20035356511490865,0.011196228638774307,26.30835881818831,4.7123155703025175,33.48839629151796,-0.7046815088159553,0.31356291379312773,false,0.0628234476662719
SEG_25_225_226_BA,1200,23.12574617297926,0.19607843137254902,0.019013666072489603,26.30835881818831,4.7123155703025175,33.48839629151796,-0.6753819004113802,0.3094400229957677,false,0.06067451431289563
SEG_25_225_226_BA,1230,23.195820029865022,0.20703812316715542,0.01818181818181818,26.30835881818831,4.7123155703025175,33.48839629151796,-0.6605115344861066,0.30734754128133246,false,0.06363265810692689
SEG_25_225_226_BA,1300,22.958833227914802,0.21708601521357518,0.018724400234055003,26.30835881818831,4.7123155703025175,33.48839629151796,-0.7108024792275272,0.3144242253926658,false,0.06825710217710884
SEG_25_225_226_BA,1330,23.161100248922818,0.19081272084805653,0.011778563015312132,26.30835881818831,4.7123155703025175,33.48839629151796,-0.6678794156104123,0.30838431176863695,false,0.05884364959542896
SEG_25_225_226_BA,1400,23.029603471657637,0.20387779083431257,0.011750881316098707,26.30835881818831,4.7123155703025175,33.48839629151796,-0.6957843331193089,0.3123109488079414,false,0.06367326629633117
SEG_25_225_226_BA,1430,22.865970659691076,0.2048752176436448,0.019152640742890307,26.30835881818831,4.7123155703025175,33.48839629151796,-0.7305088352298619,0.31719720285672093,false,0.06498584597122604
SEG_25_225_226_BA,1500,22.799912514634478,0.219140625,0.018359375,26.30835881818831,4.7123155703025175,33.48839629151796,-0.7445270273630252,0.31916977104068406,false,0.06994306310696241
SEG_25_225_226_BA,1530,22.577020610754236,0.24173228346456693,0.018503937007874015,26.30835881818831,4.7123155703025175,33.48839629151796,-0.7918268952421904,0.3258255661387819,false,0.07876255811386303
SEG_25_225_226_BA,1600,22.348557506741596,0.2720283855706682,0.018332347723240685,26.30835881818831,4.7123155703025175,33.48839629151796,-0.8403090269254837,0.3326477233428432,false,0.09048962314471193
SEG_25_225_226_BA,1630,21.684942906346848,0.31512272367379257,0.03167062549485352,26.30835881818831,4.7123155703025175,33.48839629151796,-0.9811346126687037,0.3524639783410806,false,0.11106940885174196
SEG_25_225_226_BA,1700,20.64056985187324,0.4408284023668639,0.036686390532544376,26.30835881818831,4.7123155703025175,33.48839629151796,-1.2027609105880004,0.38365009562726815,true,0.16912385872326316
SEG_25_225_226_BA,1730,19.923185444719472,0.5335968379446641,0.04901185770750988,26.30835881818831,4.7123155703025175,33.48839629151796,-1.3549969814646619,0.4050719756393448,true,0.21614512534115235
SEG_25_225_226_BA,1800,20.329519813040587,0.49520958083832334,0.04730538922155689,26.30835881818831,4.7123155703025175,33.48839629151796,-1.2687688071713539,0.3929383886863012,true,0.1945868547566294
SEG_25_225_226_BA,1830,21.182070891823045,0.4023529411764706,0.03294117647058824,26.30835881818831,4.7123155703025175,33.48839629151796,-1.087849030882321,0.36748028459075227,true,0.14785677332945563
SEG_25_225_226_BA,1900,23.252475345900095,0.2007042253521127,0.017018779342723004,26.30835881818831,4.7123155703025175,33.48839629151796,-0.6484887157275072,0.30565575181665083,false,0.06134640089277851
SEG_25_225_226_BA,1930,24.742629823147578,0.10660302307080351,0.011137629276054098,26.30835881818831,4.7123155703025175,33.48839629151796,-0.33226318816764155,0.26115811555256635,false,0.0278402446173778
SEG_25_225_226_BA,2000,25.39641256887796,0.0812910938433951,0.00657501494321578,26.30835881818831,4.7123155703025175,33.48839629151796,-0.1935240192862988,0.24163545044674356,false,0.019642810078157276
SEG_25_225_226_BA,2030,26.30569847412024,0.06474820143884892,0.010191846522781775,26.30835881818831,4.7123155703025175,33.48839629151796,-0.0005645513396502058,0.2144831826186007,false,0.013887400313434578
SEG_25_225_226_BA,2100,27.165786166735103,0.04580606781677573,0.006543723973825104,26.30835881818831,4.7123155703025175,33.48839629151796,0.1819545689915984,0.18880002702262172,false,0.0086481868416073
SEG_25_225_226_BA,2130,28.121460053105675,0.03988095238095238,0.0125,26.30835881818831,4.7123155703025175,33.48839629151796,0.38475802561774725,0.16026256353672083,false,0.006391423664857319
SEG_25_225_226_BA,2200,28.715978068529495,0.03571428571428571,0.007738095238095238,26.30835881818831,4.7123155703025175,33.48839629151796,0.5109206322077072,0.14250960784877106,false,0.0050896288517418235
SEG_25_225_226_BA,2230,28.97508033230968,0.0347877358490566,0.009433962264150943,26.30835881818831,4.7123155703025175,33.48839629151796,0.5659046968176994,0.13477253195165467,false,0.004688431241242704
SEG_25_225_226_BA,2300,29.72236388340124,0.03657817109144543,0.01592920353982301,26.30835881818831,4.7123155703025175,33.48839629151796,0.7244856619383324,0.11245783092547165,false,0.004113501780164745
SEG_25_225_226_BA,2330,30.585427236151414,0.03995229576624926,0.01311866428145498,26.30835881818831,4.7123155703025175,33.48839629151796,0.9076362467992627,0.08668581887577032,false,0.0034632974744642883
SEG_26_226_227_AB,0,37.83822815119623,0.007974481658692184,0.0011961722488038277,30.670658236659193,6.033388297041643,39.558641517337286,1.187984190914999,0.0434902034081997,false,0.00034681182941148083
SEG_26_226_227_AB,30,38.209631293913255,0.00819672131147541,0.0,30.670658236659193,6.033388297041643,39.558641517337286,1.2495421620635048,0.034101530580437224,false,0.0002795207424626002
SEG_26_226_227_AB,100,39.183864528159305,0.004206730769230769,0.0006009615384615385,30.670658236659193,6.033388297041643,39.558641517337286,1.411015812735673,0.009473960045208538,false,0.000039854399228641683
SEG_26_226_227_AB,130,39.424406668978285,0.006602641056422569,0.0012004801920768306,30.670658236659193,6.033388297041643,39.558641517337286,1.4508843126525315,0.0033933128947355104,false,0.000022404827036068797
SEG_26_226_227_AB,200,39.558641517337286,0.0012307692307692308,0.0,30.670658236659193,6.033388297041643,39.558641517337286,1.4731329798607766,0.0,false,0.0
SEG_26_226_227_AB,230,39.4028249526681,0.004860267314702308,0.0018226002430133657,30.670658236659193,6.033388297041643,39.558641517337286,1.4473072651880463,0.003938875519800097,false,0.000019143987945565474
SEG_26_226_227_AB,300,39.42191851583591,0.0078031212484993995,0.0012004801920768306,30.670658236659193,6.033388297041643,39.558641517337286,1.4504719153361525,0.0034562107356859526,false,0.000026969231430922798
SEG_26_226_227_AB,330,39.465281385981015,0.006638503319251659,0.0030175015087507543,30.670658236659193,6.033388297041643,39.558641517337286,1.4576590659073108,0.0023600439189842668,false,0.000015667159389756748
SEG_26_226_227_AB,400,39.32675689139125,0.007198560287942412,0.001799640071985603,30.670658236659193,6.033388297041643,39.558641517337286,1.434699414088168,0.005861794466435598,false,0.00004219648086216387
SEG_26_226_227_AB,430,39.13910698579042,0.013040901007705987,0.005334914048606995,30.670658236659193,6.033388297041643,39.558641517337286,1.4035975031283117,0.010605382678851527,false,0.0001383037456637425
SEG_26_226_227_AB,500,39.333957891885746,0.01444043321299639,0.0020056157240272766,30.670658236659193,6.033388297041643,39.558641517337286,1.435892939208709,0.005679760902635356,false,0.00008201820798029396
SEG_26_226_227_AB,530,38.78920763289916,0.008647798742138365,0.0011792452830188679,30.670658236659193,6.033388297041643,39.558641517337286,1.3456036635700617,0.019450462779438567,false,0.00016820368755803792
SEG_26_226_227_AB,600,37.411200658343425,0.004142011834319527,0.0,30.670658236659193,6.033388297041643,39.558641517337286,1.1172067982081193,0.05428500010680867,false,0.0002248491128684383
SEG_26_226_227_AB,630,36.44571152349659,0.002362204724409449,0.0,30.670658236659193,6.033388297041643,39.558641517337286,0.9571824325759184,0.07869152919410534,false,0.0001858855020333197
SEG_26_226_227_AB,700,34.202724602960025,0.014134275618374558,0.0005889281507656066,30.670658236659193,6.033388297041643,39.558641517337286,0.5854200313997217,0.13539183118889292,false,0.0019136654585002533
SEG_26_226_227_AB,730,31.232706229868345,0.01178318931657502,0.0007855459544383347,30.670658236659193,6.033388297041643,39.558641517337286,0.09315627729193918,0.2104707079948625,false,0.0024800161978970445
SEG_26_226_227_AB,800,29.07991288257695,0.02769593400117855,0.0041249263406010605,30.670658236659193,6.033388297041643,39.558641517337286,-0.26365704903532167,0.2648910132611062,false,0.007336404020784909
SEG_26_226_227_AB,830,27.979224376048524,0.055379746835443035,0.005537974683544304,30.670658236659193,6.033388297041643,39.558641517337286,-0.4460899461634787,0.2927152373575284,false,0.01621049573973654
SEG_26_226_227_AB,900,28.61845407349596,0.04149377593360996,0.0017783046828689982,30.670658236659193,6.033388297041643,39.558641517337286,-0.3401412377468712,0.2765561966794686,false,0.011475360858069238
SEG_26_226_227_AB,930,28.204687794017413,0.03383162863886703,0.0023603461841070024,30.670658236659193,6.033388297041643,39.558641517337286,-0.4087206593102786,0.28701576413699137,false,0.009710210745783342
SEG_26_226_227_AB,1000,28.086685133933006,0.03172737955346651,0.0017626321974148062,30.670658236659193,6.033388297041643,39.558641517337286,-0.4282789330819614,0.2899987447338526,false,0.009200900244199789
SEG_26_226_227_AB,1030,27.476287119878815,0.04286553141514973,0.0005871990604815032,30.670658236659193,6.033388297041643,39.558641517337286,-0.5294489529783251,0.3054289514002436,false,0.013092374311343384
SEG_26_226_227_AB,1100,27.12390719902781,0.034254807692307696,0.0,30.670658236659193,6.033388297041643,39.558641517337286,-0.587853932651818,0.3143367375965055,false,0.010767544496995681
SEG_26_226_227_AB,1130,26.753677590536466,0.04832056570418385,0.0017678255745433118,30.670658236659193,6.033388297041643,39.558641517337286,-0.6492173971370854,0.3236957447385754,false,0.015641161501805056
SEG_26_226_227_AB,1200,26.659002243364046,0.04931669637551991,0.0023767082590612004,30.670658236659193,6.033388297041643,39.558641517337286,-0.664909300676402,0.32608903590179505,false,0.016081633974954837
SEG_26_226_227_AB,1230,26.68314006536729,0.04809384164222874,0.002932551319648094,30.670658236659193,6.033388297041643,39.558641517337286,-0.660908593144437,0.325478857668231,false,0.015653528638589407
SEG_26_226_227_AB,1300,26.540517722564474,0.051492100643651256,0.002925687536571094,30.670658236659193,6.033388297041643,39.558641517337286,-0.684547440137386,0.32908419742036354,false,0.016945236613804558
SEG_26_226_227_AB,1330,26.343641626958558,0.043580683156654886,0.001177856301531213,30.670658236659193,6.033388297041643,39.558641517337286,-0.7171785399295957,0.334061013813809,false,0.01455860719801052
SEG_26_226_227_AB,1400,25.837331535082907,0.05111633372502938,0.0011750881316098707,30.670658236659193,6.033388297041643,39.558641517337286,-0.8010965751941104,0.3468599895231682,false,0.01773021098032646
SEG_26_226_227_AB,1430,25.21716280276309,0.07196749854904237,0.002901915264074289,30.670658236659193,6.033388297041643,39.558641517337286,-0.9038860364034781,0.36253718946058305,false,0.02609089465647841
SEG_26_226_227_AB,1500,25.105147784688757,0.0765625,0.002734375,30.670658236659193,6.033388297041643,39.558641517337286,-0.9224518923635957,0.3653688088938551,false,0.027973549430935784
SEG_26_226_227_AB,1530,25.03556754137248,0.08267716535433071,0.0007874015748031496,30.670658236659193,6.033388297041643,39.558641517337286,-0.9339844243158977,0.3671277227657023,false,0.030353079441258857
SEG_26_226_227_AB,1600,24.67212292562016,0.1017149615612064,0.0035481963335304554,30.670658236659193,6.033388297041643,39.558641517337286,-0.9942233146141611,0.37631521257353695,false,0.03827688738181453
SEG_26_226_227_AB,1630,24.014793005621534,0.13064133016627077,0.001583531274742676,30.670658236659193,6.033388297041643,39.558641517337286,-1.1031720325875984,0.3929318074510567,true,0.05133313399004304
SEG_26_226_227_AB,1700,23.417951865380974,0.16863905325443787,0.004733727810650888,30.670658236659193,6.033388297041643,39.558641517337286,-1.2020950772942038,0.40801931089778104,true,0.06880799029932994
SEG_26_226_227_AB,1730,22.36965822936626,0.2316205533596838,0.010276679841897233,30.670658236659193,6.033388297041643,39.558641517337286,-1.3758438208532295,0.43451904890206217,true,0.10064354255201914
SEG_26_226_227_AB,1800,22.0011601740805,0.27065868263473053,0.007784431137724551,30.670658236659193,6.033388297041643,39.558641517337286,-1.4369202901841436,0.44383428423753896,true,0.12012760267986083
SEG_26_226_227_AB,1830,22.286723040320396,0.2603921568627451,0.01647058823529412,30.670658236659193,6.033388297041643,39.558641517337286,-1.3895898595569756,0.4366155614683371,true,0.11369126777057875
SEG_26_226_227_AB,1900,23.533451719552158,0.15492957746478872,0.009389671361502348,30.670658236659193,6.033388297041643,39.558641517337286,-1.1829516294528282,0.4050995985481908,true,0.06276190963422673
SEG_26_226_227_AB,1930,25.560204554672318,0.06284805091487669,0.0007955449482895784,30.670658236659193,6.033388297041643,39.558641517337286,-0.8470288054380138,0.35386546215268544,false,0.022239754582388346
SEG_26_226_227_AB,2000,26.222627346930942,0.06037059175134489,0.001195457262402869,30.670658236659193,6.033388297041643,39.558641517337286,-0.7372359726804354,0.33712012493051857,false,0.020352141433342723
SEG_26_226_227_AB,2030,26.52357187486667,0.045563549160671464,0.002398081534772182,30.670658236659193,6.033388297041643,39.558641517337286,-0.6873561185886161,0.32951257026249914,false,0.015013762194214589
SEG_26_226_227_AB,2100,27.797343215654067,0.034503271861986914,0.001189767995240928,30.670658236659193,6.033388297041643,39.558641517337286,-0.47623572021943317,0.29731299788261484,false,0.0102582711940462
SEG_26_226_227_AB,2130,30.026415291152514,0.013095238095238096,0.0,30.670658236659193,6.033388297041643,39.558641517337286,-0.10677962593963522,0.24096444823584506,false,0.0031554868221360666
SEG_26_226_227_AB,2200,31.46936099898532,0.01011904761904762,0.0005952380952380953,30.670658236659193,6.033388297041643,39.558641517337286,0.13238046732675152,0.20448832942877207,false,0.002069227143029241
SEG_26_226_227_AB,2230,32.91724124992608,0.01061320754716981,0.0011792452830188679,30.670658236659193,6.033388297041643,39.558641517337286,0.37235843321545453,0.16788747066808382,false,0.0017818245707697574
SEG_26_226_227_AB,2300,34.27928000570127,0.008259587020648967,0.0005899705014749262,30.670658236659193,6.033388297041643,39.558641517337286,0.5981086565920998,0.13345659277309216,false,0.0011022963414886668
SEG_26_226_227_AB,2330,35.969172939429285,0.005366726296958855,0.0,30.670658236659193,6.033388297041643,39.558641517337286,0.878198856415079,0.09073791313927834,false,0.0004869655445757335
SEG_26_226_227_BA,0,30.484778956071423,0.017942583732057416,0.0027910685805422647,25.19659909374246,4.663580990089337,33.42596842646641,1.133931172969221,0.08799115205488492,false,0.0015787886134249686
SEG_26_226_227_BA,30,30.704459395542614,0.01639344262295082,0.00117096018735363,25.19659909374246,4.663580990089337,33.42596842646641,1.181036699803222,0.08141900321933318,false,0.0013347377576939867
SEG_26_226_227_BA,100,31.523402978966207,0.01201923076923077,0.0006009615384615385,25.19659909374246,4.663580990089337,33.42596842646641,1.3566407227984152,0.05691878312174103,false,0.0006841199894440028
SEG_26_226_227_BA,130,31.98883987842209,0.014405762304921969,0.0024009603841536613,25.19659909374246,4.663580990089337,33.42596842646641,1.4564431922837726,0.042994372809447574,false,0.0006193667151421019
SEG_26_226_227_BA,200,32.57453529382473,0.016,0.0018461538461538461,25.19659909374246,4.663580990089337,33.42596842646641,1.5820323943684607,0.02547220537573185,false,0.0004075552860117096
SEG_26_226_227_BA,230,32.93362909091355,0.020048602673147023,0.003037667071688943,25.19659909374246,4.663580990089337,33.42596842646641,1.659031978561795,0.014729246712356517,false,0.00029530081501079287
SEG_26_226_227_BA,300,33.126368066128734,0.012004801920768308,0.004201680672268907,25.19659909374246,4.663580990089337,33.42596842646641,1.700360514642712,0.008963101876816728,false,0.00010760026262685149
SEG_26_226_227_BA,330,33.42596842646641,0.01448400724200362,0.0012070006035003018,25.19659909374246,4.663580990089337,33.42596842646641,1.764603070089774,0.0,false,0.0
SEG_26_226_227_BA,400,33.04082475004494,0.01979604079184163,0.0011997600479904018,25.19659909374246,4.663580990089337,33.42596842646641,1.6820176754670693,0.011522289242531488,false,0.00022809570786055133
SEG_26_226_227_BA,430,32.38730326172874,0.015411973918197985,0.0005927682276229994,25.19659909374246,4.663580990089337,33.42596842646641,1.5418846983181762,0.031073599767875854,false,0.0004789055091670256
SEG_26_226_227_BA,500,32.85181199151901,0.014039310068190935,0.0012033694344163659,25.19659909374246,4.663580990089337,33.42596842646641,1.6414881427050978,0.017176957377031215,false,0.0002411526306442409
SEG_26_226_227_BA,530,31.60384239128558,0.014937106918238994,0.0019654088050314465,25.19659909374246,4.663580990089337,33.42596842646641,1.3738891446635686,0.054512288527685214,false,0.000814255882095927
SEG_26_226_227_BA,600,29.683561766956483,0.023076923076923078,0.001183431952662722,25.19659909374246,4.663580990089337,33.42596842646641,0.9621281763411745,0.11196105410506883,false,0.0025837166331938964
SEG_26_226_227_BA,630,27.644190315362163,0.02283464566929134,0.002362204724409449,25.19659909374246,4.663580990089337,33.42596842646641,0.5248308599810156,0.17297264322568687,false,0.003949769018539306
SEG_26_226_227_BA,700,24.604067538716322,0.09481743227326266,0.001177856301531213,25.19659909374246,4.663580990089337,33.42596842646641,-0.12705505839511266,0.26392356910039383,false,0.02502455513849435
SEG_26_226_227_BA,730,20.83403268902806,0.4139827179890024,0.024351924587588374,25.19659909374246,4.663580990089337,33.42596842646641,-0.9354541958176283,0.376711171888386,false,0.1559519148351763
SEG_26_226_227_BA,800,18.745384073919215,0.6865055981143194,0.07601649970536241,25.19659909374246,4.663580990089337,33.42596842646641,-1.3833178910225514,0.43919697898485505,true,0.3015111847480001
SEG_26_226_227_BA,830,19.18327491752082,0.617879746835443,0.0680379746835443,25.19659909374246,4.663580990089337,33.42596842646641,-1.289422053353564,0.42609666015445474,true,0.2632764965036623
SEG_26_226_227_BA,900,21.83120669576628,0.2673384706579727,0.01066982809721399,25.19659909374246,4.663580990089337,33.42596842646641,-0.7216326692145023,0.34687885726354883,false,0.09273406320442236
SEG_26_226_227_BA,930,22.016378316006573,0.23839496459480725,0.003147128245476003,25.19659909374246,4.663580990089337,33.42596842646641,-0.6819267821217715,0.34133910392333816,false,0.08137352359462743
SEG_26_226_227_BA,1000,22.334623987604587,0.19388954171562867,0.0023501762632197414,25.19659909374246,4.663580990089337,33.42596842646641,-0.6136861592454188,0.33181819288980685,false,0.06433607735231273
SEG_26_226_227_BA,1030,22.077675396368708,0.2372284204345273,0.004697592483852026,25.19659909374246,4.663580990089337,33.42596842646641,-0.6687830025900343,0.33950528778433886,false,0.08054030315024832
SEG_26_226_227_BA,1100,22.471945988741474,0.2127403846153846,0.0018028846153846155,25.19659909374246,4.663580990089337,33.42596842646641,-0.5842405462221406,0.32770994987991525,false,0.06971714077974159
SEG_26_226_227_BA,1130,22.133977121094325,0.24042427813789038,0.0035356511490866236,25.19659909374246,4.663580990089337,33.42596842646641,-0.6567103646653869,0.3378209169979105,false,0.08122035010910282
SEG_26_226_227_BA,1200,22.415064337025573,0.21449792038027332,0.0041592394533571005,25.19659909374246,4.663580990089337,33.42596842646641,-0.5964375364399114,0.32941167026061374,false,0.07065811821989397
SEG_26_226_227_BA,1230,22.671097174051315,0.1906158357771261,0.0011730205278592375,25.19659909374246,4.663580990089337,33.42596842646641,-0.5415370559786858,0.32175197185609367,false,0.06133102102828765
SEG_26_226_227_BA,1300,22.68363815635734,0.17788180222352254,0.002925687536571094,25.19659909374246,4.663580990089337,33.42596842646641,-0.5388479245295537,0.3213767850508523,false,0.05716708171764723
SEG_26_226_227_BA,1330,22.45576928201874,0.2061248527679623,0.002944640753828033,25.19659909374246,4.663580990089337,33.42596842646641,-0.5877092769586953,0.3281939061415961,false,0.06764892058277894
SEG_26_226_227_BA,1400,22.507958036595873,0.1991774383078731,0.0011750881316098707,25.19659909374246,4.663580990089337,33.42596842646641,-0.576518572929315,0.3266325825050964,false,0.0650578410512501
SEG_26_226_227_BA,1430,22.337201243801047,0.2199651770168311,0.0046430644225188625,25.19659909374246,4.663580990089337,33.42596842646641,-0.6131335246493997,0.331741089478364,false,0.07297148747086474
SEG_26_226_227_BA,1500,22.02802753149322,0.242578125,0.001171875,25.19659909374246,4.663580990089337,33.42596842646641,-0.6794288699998631,0.34099059598071046,false,0.08271685941563328
SEG_26_226_227_BA,1530,21.851334321940097,0.2503937007874016,0.0027559055118110236,25.19659909374246,4.663580990089337,33.42596842646641,-0.7173167527081543,0.34627670189988013,false,0.08670550488516685
SEG_26_226_227_BA,1600,21.58856227241984,0.2838557066824364,0.0029568302779420462,25.19659909374246,4.663580990089337,33.42596842646641,-0.7736623056381196,0.3541380163775243,false,0.1005240969019584
SEG_26_226_227_BA,1630,21.29581533162408,0.3238321456848773,0.003167062549485352,25.19659909374246,4.663580990089337,33.42596842646641,-0.8364352994850969,0.36289608546502944,false,0.11751741801678309
SEG_26_226_227_BA,1700,20.365890962230914,0.4840236686390533,0.011242603550295858,25.19659909374246,4.663580990089337,33.42596842646641,-1.035836654660308,0.3907165021401335,true,0.1891160347636859
SEG_26_226_227_BA,1730,19.91473374546022,0.5335968379446641,0.019762845849802372,25.19659909374246,4.663580990089337,33.42596842646641,-1.1325771675257337,0.4042137091922849,true,0.2156871570788872
SEG_26_226_227_BA,1800,19.9024760792317,0.5395209580838324,0.019161676646706587,25.19659909374246,4.663580990089337,33.42596842646641,-1.135205548217432,0.4045804200702505,true,0.21827961585826092
SEG_26_226_227_BA,1830,20.179387707503956,0.504313725490196,0.01568627450980392,25.19659909374246,4.663580990089337,33.42596842646641,-1.0758280808032867,0.3962960938021446,true,0.19985755946257172
SEG_26_226_227_BA,1900,21.23529284237014,0.352112676056338,0.011737089201877934,25.19659909374246,4.663580990089337,33.42596842646641,-0.8494129853840999,0.36470672827069966,false,0.12841786206714775
SEG_26_226_227_BA,1930,22.84794805918148,0.21559268098647574,0.003977724741447892,25.19659909374246,4.663580990089337,33.42596842646641,-0.5036153632910294,0.31646114877884407,false,0.06822670749329096
SEG_26_226_227_BA,2000,23.239139857424444,0.18051404662283324,0.005379557680812911,25.19659909374246,4.663580990089337,33.42596842646641,-0.41973308504298495,0.304757918725733,false,0.05501308514953459
SEG_26_226_227_BA,2030,23.627272121124467,0.14808153477218225,0.007194244604316547,25.19659909374246,4.663580990089337,33.42596842646641,-0.33650685512978107,0.2931462203375809,false,0.04340954222025329
SEG_26_226_227_BA,2100,23.9340508876647,0.11421772754312909,0.00297441998810232,25.19659909374246,4.663580990089337,33.42596842646641,-0.2707250520063498,0.28396836309119733,false,0.03243422112641873
SEG_26_226_227_BA,2130,25.04446092937955,0.07023809523809524,0.004761904761904762,25.19659909374246,4.663580990089337,33.42596842646641,-0.03262260582291194,0.25074838192123855,false,0.017612088730182232
SEG_26_226_227_BA,2200,25.647552440841423,0.055952380952380955,0.0011904761904761906,25.19659909374246,4.663580990089337,33.42596842646641,0.09669679760194846,0.23270577792642505,false,0.013020442336359498
SEG_26_226_227_BA,2230,26.01575760658374,0.04834905660377359,0.001768867924528302,25.19659909374246,4.663580990089337,33.42596842646641,0.17565010977231646,0.22169023572748087,false,0.010718513755691883
SEG_26_226_227_BA,2300,27.214802187448097,0.02654867256637168,0.0011799410029498525,25.19659909374246,4.663580990089337,33.42596842646641,0.43275823835686733,0.18581858750576583,false,0.004933236836436261
SEG_26_226_227_BA,2330,28.227440097866936,0.017889087656529516,0.0,25.19659909374246,4.663580990089337,33.42596842646641,0.6498956511241838,0.1555236414476872,false,0.0027821760545203435
SEG_27_227_228_AB,0,55.50839715853206,0.00039872408293460925,0.0,51.614581585001396,3.265821436092531,57.420025930373285,1.1922928579308716,0.03329202209276667,false,0.00001327433097797714
SEG_27_227_228_AB,30,56.46170578292603,0.0,0.0,51.614581585001396,3.265821436092531,57.420025930373285,1.4841975572688053,0.016689650203385465,false,0.0
SEG_27_227_228_AB,100,57.01269753454257,0.0,0.0,51.614581585001396,3.265821436092531,57.420025930373285,1.6529121555402229,0.007093838590819131,false,0.0
SEG_27_227_228_AB,130,57.20228782264052,0.0,0.0,51.614581585001396,3.265821436092531,57.420025930373285,1.7109650196688855,0.00379202384890578,false,0.0
SEG_27_227_228_AB,200,57.420025930373285,0.0,0.0,51.614581585001396,3.265821436092531,57.420025930373285,1.77763679336919,0.0,false,0.0
SEG_27_227_228_AB,230,57.40769018690966,0.0,0.0,51.614581585001396,3.265821436092531,57.420025930373285,1.7738595680355282,0.00021483347079260233,false,0.0
SEG_27_227_228_AB,300,57.41683207374114,0.0,0.0,51.614581585001396,3.265821436092531,57.420025930373285,1.7766588291128325,0.00005562269574759784,false,0.0
SEG_27_227_228_AB,330,57.09260458905215,0.0,0.0,51.614581585001396,3.265821436092531,57.420025930373285,1.6773798296226092,0.005702215142120637,false,0.0
SEG_27_227_228_AB,400,56.72491046321918,0.0,0.0,51.614581585001396,3.265821436092531,57.420025930373285,1.5647912717273849,0.01210580204190417,false,0.0
SEG_27_227_228_AB,430,56.20246800941614,0.0,0.0,51.614581585001396,3.265821436092531,57.420025930373285,1.4048185163191365,0.02120441259350077,false,0.0
SEG_27_227_228_AB,500,56.31004739794815,0.0,0.0,51.614581585001396,3.265821436092531,57.420025930373285,1.4377595054813401,0.019330860870231507,false,0.0
SEG_27_227_228_AB,530,54.96721970851774,0.0,0.0,51.614581585001396,3.265821436092531,57.420025930373285,1.02658341526709,0.04271691247283282,false,0.0
SEG_27_227_228_AB,600,54.17935903687352,0.0,0.0,51.614581585001396,3.265821436092531,57.420025930373285,0.7853391564913033,0.05643792110838388,false,0.0
SEG_27_227_228_AB,630,52.3134992585982,0.0,0.0,51.614581585001396,3.265821436092531,57.420025930373285,0.2140097636302613,0.08893285206745097,false,0.0
SEG_27_227_228_AB,700,50.86174796367766,0.0,0.0,51.614581585001396,3.265821436092531,57.420025930373285,-0.2305189172328061,0.11421586563977004,false,0.0
SEG_27_227_228_AB,730,48.97447452939544,0.0,0.0,51.614581585001396,3.265821436092531,57.420025930373285,-0.808405207470491,0.14708372669874453,false,0.0
SEG_27_227_228_AB,800,48.74909336627471,0.0,0.0,51.614581585001396,3.265821436092531,57.420025930373285,-0.8774172975467912,0.1510088583835338,false,0.0
SEG_27_227_228_AB,830,49.513946376522334,0.0,0.0,51.614581585001396,3.265821436092531,57.420025930373285,-0.6432180232708671,0.13768854029146124,false,0.0
SEG_27_227_228_AB,900,50.15487135683643,0.0,0.0,51.614581585001396,3.265821436092531,57.420025930373285,-0.4469657195683883,0.12652649412500228,false,0.0
SEG_27_227_228_AB,930,50.215278990325665,0.0,0.0,51.614581585001396,3.265821436092531,57.420025930373285,-0.4284688008998924,0.12547446336551632,false,0.0
SEG_27_227_228_AB,1000,50.6145370212441,0.0,0.0,51.614581585001396,3.265821436092531,57.420025930373285,-0.3062153223397989,0.11852117443105004,false,0.0
SEG_27_227_228_AB,1030,50.79326047707574,0.0,0.0,51.614581585001396,3.265821436092531,57.420025930373285,-0.25148990047304737,0.11540861129761708,false,0.0
SEG_27_227_228_AB,1100,51.120976590106224,0.0,0.0,51.614581585001396,3.265821436092531,57.420025930373285,-0.15114267713477847,0.10970126255089468,false,0.0
SEG_27_227_228_AB,1130,50.93702500881531,0.0,0.0,51.614581585001396,3.265821436092531,57.420025930373285,-0.20746895978390148,0.11290487624333659,false,0.0
SEG_27_227_228_AB,1200,50.86141171745594,0.0,0.0,51.614581585001396,3.265821436092531,57.420025930373285,-0.2306218763897291,0.1142217215448532,false,0.0
SEG_27_227_228_AB,1230,50.552860300354034,0.0,0.0,51.614581585001396,3.265821436092531,57.420025930373285,-0.32510083769848835,0.11959530701616679,false,0.0
SEG_27_227_228_AB,1300,49.98329266541684,0.0,0.0,51.614581585001396,3.265821436092531,57.420025930373285,-0.49950340259152376,0.12951462742239306,false,0.0
SEG_27_227_228_AB,1330,49.67094034693939,0.0,0.0,51.614581585001396,3.265821436092531,57.420025930373285,-0.5951462062749893,0.13495440759344707,false,0.0
SEG_27_227_228_AB,1400,49.34236654703375,0.0,0.0,51.614581585001396,3.265821436092531,57.420025930373285,-0.6957560547726372,0.14067669340892308,false,0.0
SEG_27_227_228_AB,1430,49.057964430743695,0.0,0.0,51.614581585001396,3.265821436092531,57.420025930373285,-0.7828404596782321,0.1456297060849347,false,0.0
SEG_27_227_228_AB,1500,48.82861857472342,0.0,0.0,51.614581585001396,3.265821436092531,57.420025930373285,-0.8530665453685385,0.14962388498513887,false,0.0
SEG_27_227_228_AB,1530,48.516736305218046,0.0,0.0,51.614581585001396,3.265821436092531,57.420025930373285,-0.9485654192685562,0.15505547900572603,false,0.0
SEG_27_227_228_AB,1600,48.16525253137324,0.0,0.0,51.614581585001396,3.265821436092531,57.420025930373285,-1.0561903402027963,0.16117675408614848,false,0.0
SEG_27_227_228_AB,1630,47.63748012103302,0.0,0.0,51.614581585001396,3.265821436092531,57.420025930373285,-1.2177951372402256,0.17036818863861958,false,0.0
SEG_27_227_228_AB,1700,47.95055438104848,0.0,0.0,51.614581585001396,3.265821436092531,57.420025930373285,-1.1219312738472411,0.16491583547536806,false,0.0
SEG_27_227_228_AB,1730,48.20832968478871,0.0,0.0,51.614581585001396,3.265821436092531,57.420025930373285,-1.0430000435933748,0.16042654276670912,false,0.0
SEG_27_227_228_AB,1800,47.89052633527203,0.0,0.0,51.614581585001396,3.265821436092531,57.420025930373285,-1.1403119621215732,0.165961255514872,false,0.0
SEG_27_227_228_AB,1830,47.621429741753396,0.0,0.0,51.614581585001396,3.265821436092531,57.420025930373285,-1.2227097902896067,0.1706477144489891,false,0.0
SEG_27_227_228_AB,1900,47.96518515986917,0.0,0.0,51.614581585001396,3.265821436092531,57.420025930373285,-1.117451304838831,0.1646610327548253,false,0.0
SEG_27_227_228_AB,1930,49.090264032158565,0.0,0.0,51.614581585001396,3.265821436092531,57.420025930373285,-0.7729502675636517,0.14506719151111622,false,0.0
SEG_27_227_228_AB,2000,49.50949161628508,0.0,0.0,51.614581585001396,3.265821436092531,57.420025930373285,-0.6445820783254452,0.13776612228772597,false,0.0
SEG_27_227_228_AB,2030,49.951167856700074,0.0,0.0,51.614581585001396,3.265821436092531,57.420025930373285,-0.5093400728888449,0.13007409788929464,false,0.0
SEG_27_227_228_AB,2100,49.75219567120531,0.0,0.0,51.614581585001396,3.265821436092531,57.420025930373285,-0.570265689732377,0.13353930331668398,false,0.0
SEG_27_227_228_AB,2130,50.30454343959252,0.0,0.0,51.614581585001396,3.265821436092531,57.420025930373285,-0.40113587685195085,0.12391987595771722,false,0.0
SEG_27_227_228_AB,2200,50.89591048123059,0.0,0.0,51.614581585001396,3.265821436092531,57.420025930373285,-0.220058297072935,0.11362090740003755,false,0.0
SEG_27_227_228_AB,2230,51.54198956315366,0.0,0.0,51.614581585001396,3.265821436092531,57.420025930373285,-0.022227798815169505,0.10236909983891762,false,0.0
SEG_27_227_228_AB,2300,52.36376650582681,0.0,0.0,51.614581585001396,3.265821436092531,57.420025930373285,0.22940167902192282,0.08805742147657028,false,0.0
SEG_27_227_228_AB,2330,53.682681437327346,0.0,0.0,51.614581585001396,3.265821436092531,57.420025930373285,0.6332556426601135,0.06508782315037248,false,0.0
SEG_27_227_228_BA,0,50.78962432610207,0.0,0.0,45.67348078493151,3.986867631671103,51.91460878226573,1.28324890962736,0.02166990145070609,false,0.0
SEG_27_227_228_BA,30,51.5324820530616,0.0,0.0,45.67348078493151,3.986867631671103,51.91460878226573,1.469575067300209,0.007360678201521332,false,0.0
SEG_27_227_228_BA,100,51.85097576009616,0.0,0.0,45.67348078493151,3.986867631671103,51.91460878226573,1.5494607661642732,0.0012257247750137338,false,0.0
SEG_27_227_228_BA,130,51.63928062719197,0.001800720288115246,0.0012004801920768306,45.67348078493151,3.986867631671103,51.91460878226573,1.496362656956304,0.005303481265331459,false,9.550086312121474e-6
SEG_27_227_228_BA,200,51.91460878226573,0.0,0.0,45.67348078493151,3.986867631671103,51.91460878226573,1.565421422009498,0.0,false,0.0
SEG_27_227_228_BA,230,51.4754739649805,0.0,0.0,45.67348078493151,3.986867631671103,51.91460878226573,1.4552761004551014,0.008458790841071298,false,0.0
SEG_27_227_228_BA,300,51.325801394717075,0.0,0.0,45.67348078493151,3.986867631671103,51.91460878226573,1.4177347060344667,0.011341843873237369,false,0.0
SEG_27_227_228_BA,330,51.28257455322461,0.0,0.0,45.67348078493151,3.986867631671103,51.91460878226573,1.4068923993701887,0.012174496617935094,false,0.0
SEG_27_227_228_BA,400,51.33680874558949,0.0,0.0,45.67348078493151,3.986867631671103,51.91460878226573,1.4204956080481104,0.01112981586935551,false,0.0
SEG_27_227_228_BA,430,51.59740130415542,0.0,0.0,45.67348078493151,3.986867631671103,51.91460878226573,1.485858339555879,0.006110177569491221,false,0.0
SEG_27_227_228_BA,500,51.594402972500504,0.0,0.0,45.67348078493151,3.986867631671103,51.91460878226573,1.4851062875862835,0.006167932635459072,false,0.0
SEG_27_227_228_BA,530,51.06371558771293,0.0,0.0,45.67348078493151,3.986867631671103,51.91460878226573,1.351997432762042,0.016390245722962517,false,0.0
SEG_27_227_228_BA,600,50.29997949437047,0.0,0.0,45.67348078493151,3.986867631671103,51.91460878226573,1.160434490647925,0.031101636432765086,false,0.0
SEG_27_227_228_BA,630,49.330424710004884,0.0,0.0,45.67348078493151,3.986867631671103,51.91460878226573,0.9172473889083084,0.049777589254291287,false,0.0
SEG_27_227_228_BA,700,46.37208837554292,0.0,0.0,45.67348078493151,3.986867631671103,51.91460878226573,0.17522718463531903,0.10676224933079258,false,0.0
SEG_27_227_228_BA,730,42.565422329281276,0.0,0.0,45.67348078493151,3.986867631671103,51.91460878226573,-0.779574027228862,0.18008777629810782,false,0.0
SEG_27_227_228_BA,800,39.38687528962883,0.004714201532115498,0.002357100766057749,45.67348078493151,3.986867631671103,51.91460878226573,-1.5768282461556513,0.2413142232310615,true,0.0011376038808771313
SEG_27_227_228_BA,830,39.992511004146294,0.003955696202531646,0.0015822784810126582,45.67348078493151,3.986867631671103,51.91460878226573,-1.424920590705448,0.2296482253795213,true,0.0009084186130519039
SEG_27_227_228_BA,900,41.970054435321956,0.0,0.0,45.67348078493151,3.986867631671103,51.91460878226573,-0.9289062722298758,0.1915559912750586,false,0.0
SEG_27_227_228_BA,930,42.28718433301939,0.0,0.0,45.67348078493151,3.986867631671103,51.91460878226573,-0.8493626487651287,0.18544730809057186,false,0.0
SEG_27_227_228_BA,1000,42.78051279270513,0.0,0.0,45.67348078493151,3.986867631671103,51.91460878226573,-0.7256242894158461,0.17594461759058558,false,0.0
SEG_27_227_228_BA,1030,43.09692255426988,0.0,0.0,45.67348078493151,3.986867631671103,51.91460878226573,-0.6462612929995027,0.16984980595689306,false,0.0
SEG_27_227_228_BA,1100,43.05469030702038,0.0,0.0,45.67348078493151,3.986867631671103,51.91460878226573,-0.6568541320779848,0.1706633004286828,false,0.0
SEG_27_227_228_BA,1130,43.40142683233756,0.0,0.0,45.67348078493151,3.986867631671103,51.91460878226573,-0.56988447134414,0.16398432251763997,false,0.0
SEG_27_227_228_BA,1200,43.566697257394495,0.0,0.0,45.67348078493151,3.986867631671103,51.91460878226573,-0.528430768757165,0.16080081735534374,false,0.0
SEG_27_227_228_BA,1230,43.65555743095804,0.0,0.0,45.67348078493151,3.986867631671103,51.91460878226573,-0.506142551095346,0.15908915707998209,false,0.0
SEG_27_227_228_BA,1300,43.22280778321807,0.0,0.0,45.67348078493151,3.986867631671103,51.91460878226573,-0.6146863222259115,0.1674249542263105,false,0.0
SEG_27_227_228_BA,1330,43.0129071126368,0.0,0.0,45.67348078493151,3.986867631671103,51.91460878226573,-0.667334338155472,0.17146814506420377,false,0.0
SEG_27_227_228_BA,1400,42.868989685389856,0.0,0.0,45.67348078493151,3.986867631671103,51.91460878226573,-0.703432207596556,0.1742403402251179,false,0.0
SEG_27_227_228_BA,1430,42.64953794104319,0.0,0.0,45.67348078493151,3.986867631671103,51.91460878226573,-0.758475857052929,0.17846750767363057,false,0.0
SEG_27_227_228_BA,1500,42.735613733600324,0.0,0.0,45.67348078493151,3.986867631671103,51.91460878226573,-0.7368860275152341,0.17680948126110108,false,0.0
SEG_27_227_228_BA,1530,42.96429302807056,0.0,0.0,45.67348078493151,3.986867631671103,51.91460878226573,-0.6795278918566441,0.17240456904401527,false,0.0
SEG_27_227_228_BA,1600,42.59500069357322,0.0,0.0,45.67348078493151,3.986867631671103,51.91460878226573,-0.772155079065904,0.17951802599109892,false,0.0
SEG_27_227_228_BA,1630,41.884010394020834,0.0,0.0,45.67348078493151,3.986867631671103,51.91460878226573,-0.9504881378071526,0.19321340608217,false,0.0
SEG_27_227_228_BA,1700,41.627144953766184,0.0,0.0,45.67348078493151,3.986867631671103,51.91460878226573,-1.0149160205424979,0.19816125113541821,false,0.0
SEG_27_227_228_BA,1730,41.936765187715594,0.0,0.0,45.67348078493151,3.986867631671103,51.91460878226573,-0.9372559970469018,0.19219722210366755,false,0.0
SEG_27_227_228_BA,1800,41.523543075565925,0.0,0.0,45.67348078493151,3.986867631671103,51.91460878226573,-1.0409018038118647,0.20015687203347357,true,0.0
SEG_27_227_228_BA,1830,41.84385366510862,0.0,0.0,45.67348078493151,3.986867631671103,51.91460878226573,-0.960560388160592,0.19398692108794874,false,0.0
SEG_27_227_228_BA,1900,42.51452386738231,0.0,0.0,45.67348078493151,3.986867631671103,51.91460878226573,-0.7923405563944248,0.1810682028696041,false,0.0
SEG_27_227_228_BA,1930,43.50438827795056,0.0,0.0,45.67348078493151,3.986867631671103,51.91460878226573,-0.5440593236028187,0.16200103788874434,false,0.0
SEG_27_227_228_BA,2000,43.91807535951391,0.0,0.0,45.67348078493151,3.986867631671103,51.91460878226573,-0.4402968915930186,0.1540324315317479,false,0.0
SEG_27_227_228_BA,2030,44.28123755382028,0.0,0.0,45.67348078493151,3.986867631671103,51.91460878226573,-0.349207287458317,0.14703705580177737,false,0.0
SEG_27_227_228_BA,2100,44.6889613294821,0.0,0.0,45.67348078493151,3.986867631671103,51.91460878226573,-0.24694059256658904,0.13918331703294945,false,0.0
SEG_27_227_228_BA,2130,45.76639902635074,0.0,0.0,45.67348078493151,3.986867631671103,51.91460878226573,0.023306076349537602,0.11842928031493223,false,0.0
SEG_27_227_228_BA,2200,46.221202357981966,0.0,0.0,45.67348078493151,3.986867631671103,51.91460878226573,0.13738142914488335,0.10966867627111271,false,0.0
SEG_27_227_228_BA,2230,47.07018193108558,0.0,0.0,45.67348078493151,3.986867631671103,51.91460878226573,0.35032543720761433,0.09331529149141987,false,0.0
SEG_27_227_228_BA,2300,47.63045102324634,0.0011799410029498525,0.0,45.67348078493151,3.986867631671103,51.91460878226573,0.49085407871807274,0.08252316370113688,false,0.00009737246454411432
SEG_27_227_228_BA,2330,48.70369247858996,0.0,0.0,45.67348078493151,3.986867631671103,51.91460878226573,0.760048231746366,0.061849956669087665,false,0.0
SEG_28_228_229_AB,0,37.40865710048075,0.01036682615629984,0.001594896331738437,31.699010355453993,4.276481704599622,38.29009658565995,1.3351271300624716,0.0230200381763808,false,0.00023864473388592532
SEG_28_228_229_AB,30,37.49751749196001,0.01131928181108509,0.00429352068696331,31.699010355453993,4.276481704599622,38.29009658565995,1.3559059846483998,0.020699323438028914,false,0.00023430147529384797
SEG_28_228_229_AB,100,37.67988210927421,0.01201923076923077,0.004807692307692308,31.699010355453993,4.276481704599622,38.29009658565995,1.3985495944919906,0.015936613662507038,false,0.00019154583728974806
SEG_28_228_229_AB,130,37.77683959695187,0.007202881152460984,0.0012004801920768306,31.699010355453993,4.276481704599622,38.29009658565995,1.4212218504198901,0.013404431810712625,false,0.00009655052924883043
SEG_28_228_229_AB,200,37.98666564048134,0.011076923076923076,0.005538461538461538,31.699010355453993,4.276481704599622,38.29009658565995,1.4702869600177606,0.007924528069543956,false,0.00008777938784725612
SEG_28_228_229_AB,230,38.29009658565995,0.007290400972053463,0.0,31.699010355453993,4.276481704599622,38.29009658565995,1.5412403666118428,0.0,false,0.0
SEG_28_228_229_AB,300,38.088538841016465,0.004801920768307323,0.0006002400960384153,31.699010355453993,4.276481704599622,38.29009658565995,1.4941086918927158,0.00526396542752449,false,0.000025277144910081586
SEG_28_228_229_AB,330,37.76736527050524,0.008449004224502113,0.003621001810500905,31.699010355453993,4.276481704599622,38.29009658565995,1.4190064015764061,0.013651867238968612,false,0.0001153446839743878
SEG_28_228_229_AB,400,38.27692323842939,0.007198560287942412,0.0,31.699010355453993,4.276481704599622,38.29009658565995,1.538159949544609,0.0003440405850398451,false,2.4765968929083034e-6
SEG_28_228_229_AB,430,37.29797229283869,0.013040901007705987,0.008298755186721992,31.699010355453993,4.276481704599622,38.29009658565995,1.3092449177001433,0.025910728394266322,false,0.00033789924402718383
SEG_28_228_229_AB,500,37.49033804243346,0.012033694344163659,0.006417970316887284,31.699010355453993,4.276481704599622,38.29009658565995,1.3542271631258311,0.020886824911431894,false,0.0002513456668042346
SEG_28_228_229_AB,530,36.75382455832454,0.007075471698113208,0.0023584905660377358,31.699010355453993,4.276481704599622,38.29009658565995,1.1820029996699808,0.040121915699496156,false,0.00028388147900586903
SEG_28_228_229_AB,600,35.7913610981876,0.004142011834319527,0.0,31.699010355453993,4.276481704599622,38.29009658565995,0.956943353301858,0.0652580095190503,false,0.0002702994477120427
SEG_28_228_229_AB,630,35.06663707182049,0.0007874015748031496,0.0,31.699010355453993,4.276481704599622,38.29009658565995,0.7874760022343608,0.08418520195236814,false,0.00006628756059241586
SEG_28_228_229_AB,700,32.986018457179824,0.0005889281507656066,0.0,31.699010355453993,4.276481704599622,38.29009658565995,0.30095021810606,0.13852349827883595,false,0.00008158038767893754
SEG_28_228_229_AB,730,29.978864393388605,0.0007855459544383347,0.0,31.699010355453993,4.276481704599622,38.29009658565995,-0.4022339111646997,0.21705957762937564,false,0.0001705102730788497
SEG_28_228_229_AB,800,28.62262959581313,0.002357100766057749,0.0,31.699010355453993,4.276481704599622,38.29009658565995,-0.7193718977756935,0.2524795665693722,false,0.0005951197797745957
SEG_28_228_229_AB,830,28.830139795313457,0.0007911392405063291,0.0,31.699010355453993,4.276481704599622,38.29009658565995,-0.6708483183863239,0.24706014436874912,false,0.0001954589749752762
SEG_28_228_229_AB,900,29.103858724875398,0.0035566093657379964,0.0005927682276229994,31.699010355453993,4.276481704599622,38.29009658565995,-0.6068426828033306,0.2399115875885489,false,0.0008532717993665047
SEG_28_228_229_AB,930,28.400807696737278,0.0055074744295830055,0.0,31.699010355453993,4.276481704599622,38.29009658565995,-0.7712420832221246,0.258272759035722,false,0.0014224306162470921
SEG_28_228_229_AB,1000,28.15277900924172,0.007050528789659225,0.0,31.699010355453993,4.276481704599622,38.29009658565995,-0.8292403875826434,0.2647503788281058,false,0.0018666301680007461
SEG_28_228_229_AB,1030,27.952379852258186,0.002935995302407516,0.0,31.699010355453993,4.276481704599622,38.29009658565995,-0.8761011415449463,0.2699840861010873,false,0.0007926720085175787
SEG_28_228_229_AB,1100,28.034738361696107,0.007211538461538462,0.001201923076923077,31.699010355453993,4.276481704599622,38.29009658565995,-0.856842668078466,0.26783317720343874,false,0.001931489258678645
SEG_28_228_229_AB,1130,28.172507056349172,0.008249852681202121,0.0005892751915144372,31.699010355453993,4.276481704599622,38.29009658565995,-0.8246272386274557,0.26423515298992284,false,0.0021799010853617677
SEG_28_228_229_AB,1200,28.37983375148559,0.0053475935828877,0.0,31.699010355453993,4.276481704599622,38.29009658565995,-0.7761465693629463,0.25882052326516874,false,0.001384066969332453
SEG_28_228_229_AB,1230,28.38864332202415,0.0064516129032258064,0.0,31.699010355453993,4.276481704599622,38.29009658565995,-0.774086565100778,0.25859044887716476,false,0.0016683254766268695
SEG_28_228_229_AB,1300,28.05464864906411,0.005851375073142188,0.0,31.699010355453993,4.276481704599622,38.29009658565995,-0.8521869045926576,0.26731319190323294,false,0.0015641497478246515
SEG_28_228_229_AB,1330,27.837687052147825,0.00530035335689046,0.0005889281507656066,31.699010355453993,4.276481704599622,38.29009658565995,-0.9029205711679007,0.2729794507080629,false,0.0014468875479225949
SEG_28_228_229_AB,1400,27.645702265682765,0.006462984723854289,0.0,31.699010355453993,4.276481704599622,38.29009658565995,-0.9478137332872589,0.27799340480022783,false,0.001796667128556114
SEG_28_228_229_AB,1430,27.11242085079284,0.011607661056297156,0.0005803830528148578,31.699010355453993,4.276481704599622,38.29009658565995,-1.072514702852111,0.2919208028076187,true,0.0033885177342729968
SEG_28_228_229_AB,1500,27.15631814540898,0.010546875,0.0,31.699010355453993,4.276481704599622,38.29009658565995,-1.0622498876024802,0.29077436290460257,true,0.0030667608587594806
SEG_28_228_229_AB,1530,27.01619627460947,0.010236220472440945,0.0,31.699010355453993,4.276481704599622,38.29009658565995,-1.0950155768953402,0.2944338436396809,true,0.0030138897380439776
SEG_28_228_229_AB,1600,26.881133999380296,0.00768775872264932,0.0,31.699010355453993,4.276481704599622,38.29009658565995,-1.126598145127517,0.2979611858840919,true,0.0022906537057913626
SEG_28_228_229_AB,1630,27.138989071420788,0.004750593824228029,0.000791765637371338,31.699010355453993,4.276481704599622,38.29009658565995,-1.0663020676853636,0.2912269361685385,true,0.0013835008844111094
SEG_28_228_229_AB,1700,27.56942149775256,0.008875739644970414,0.001183431952662722,31.699010355453993,4.276481704599622,38.29009658565995,-0.9656510054187306,0.2799855848867824,false,0.002485079155799844
SEG_28_228_229_AB,1730,27.42759971942957,0.015810276679841896,0.0015810276679841897,31.699010355453993,4.276481704599622,38.29009658565995,-0.9988141961253467,0.28368946110986054,false,0.0044852088713021425
SEG_28_228_229_AB,1800,27.316033590199677,0.008982035928143712,0.0,31.699010355453993,4.276481704599622,38.29009658565995,-1.0249024941554532,0.2866031682868666,true,0.0025742799546724544
SEG_28_228_229_AB,1830,27.288998862192543,0.012549019607843137,0.0,31.699010355453993,4.276481704599622,38.29009658565995,-1.0312242160461504,0.28730921842561863,true,0.003605449015537175
SEG_28_228_229_AB,1900,28.72889106079508,0.006455399061032864,0.0,31.699010355453993,4.276481704599622,38.29009658565995,-0.6945240269505577,0.24970439819798332,false,0.001611941537663038
SEG_28_228_229_AB,1930,29.67904765869781,0.015910898965791568,0.002386634844868735,31.699010355453993,4.276481704599622,38.29009658565995,-0.4723421813271376,0.2248897154829082,false,0.003578197541494164
SEG_28_228_229_AB,2000,30.38758496374841,0.009563658099222952,0.0005977286312014345,31.699010355453993,4.276481704599622,38.29009658565995,-0.30665988592797294,0.20638526215865222,false,0.0019737980840038465
SEG_28_228_229_AB,2030,30.71137317739984,0.009592326139088728,0.002398081534772182,31.699010355453993,4.276481704599622,38.29009658565995,-0.23094619509113973,0.19792907524548858,false,0.00189860024216296
SEG_28_228_229_AB,2100,31.49161764837916,0.007733491969066032,0.001189767995240928,31.699010355453993,4.276481704599622,38.29009658565995,-0.04849610530351794,0.17755188791628418,false,0.001373096099293096
SEG_28_228_229_AB,2130,32.8269987238926,0.005357142857142857,0.0011904761904761906,31.699010355453993,4.276481704599622,38.29009658565995,0.2637655078064256,0.1426765234071867,false,0.0007643385182527859
SEG_28_228_229_AB,2200,33.83940351117212,0.004761904761904762,0.0005952380952380953,31.699010355453993,4.276481704599622,38.29009658565995,0.5005032883493933,0.11623614123122014,false,0.0005535054344343816
SEG_28_228_229_AB,2230,34.11474187664465,0.01061320754716981,0.003537735849056604,31.699010355453993,4.276481704599622,38.29009658565995,0.5648876080990569,0.10904529059294713,false,0.0011573203011043915
SEG_28_228_229_AB,2300,35.22796810989205,0.010619469026548672,0.0017699115044247787,31.699010355453993,4.276481704599622,38.29009658565995,0.8252011812987408,0.07997181383226645,false,0.0008492581999886702
SEG_28_228_229_AB,2330,35.92390139836183,0.005963029218843173,0.002385211687537269,31.699010355453993,4.276481704599622,38.29009658565995,0.9879361902480963,0.06179653221831491,false,0.0003684945272409953
SEG_28_228_229_BA,0,48.05778460194498,0.0007974481658692185,0.0,43.07494221081555,4.605918652100143,50.89145266699083,1.0818346496105449,0.05568062840705312,false,0.00004440241499765002
SEG_28_228_229_BA,30,48.97093615185379,0.00117096018735363,0.0,43.07494221081555,4.605918652100143,50.89145266699083,1.2800907672022972,0.03773750629018145,false,0.000044189117435809666
SEG_28_228_229_BA,100,49.83501157811883,0.0,0.0,43.07494221081555,4.605918652100143,50.89145266699083,1.4676918716792617,0.020758713566005692,false,0.0
SEG_28_228_229_BA,130,49.94067244155086,0.0006002400960384153,0.0,43.07494221081555,4.605918652100143,50.89145266699083,1.4906321082342107,0.018682512988210786,false,0.000011213993390282584
SEG_28_228_229_BA,200,50.30849436532411,0.0,0.0,43.07494221081555,4.605918652100143,50.89145266699083,1.57049064494665,0.011454935379450063,false,0.0
SEG_28_228_229_BA,230,50.48255859190303,0.0,0.0,43.07494221081555,4.605918652100143,50.89145266699083,1.6082820693565347,0.008034631625931508,false,0.0
SEG_28_228_229_BA,300,50.25043131154863,0.0,0.0,43.07494221081555,4.605918652100143,50.89145266699083,1.5578844618676235,0.012595854939271116,false,0.0
SEG_28_228_229_BA,330,50.50183194510144,0.0,0.0,43.07494221081555,4.605918652100143,50.89145266699083,1.6124665447357573,0.007655916690743273,false,0.0
SEG_28_228_229_BA,400,50.89145266699083,0.0,0.0,43.07494221081555,4.605918652100143,50.89145266699083,1.6970578611090354,0.0,false,0.0
SEG_28_228_229_BA,430,50.81827298571916,0.0017783046828689982,0.0,43.07494221081555,4.605918652100143,50.89145266699083,1.6811696774915716,0.0014379562271590218,false,2.5571242925175253e-6
SEG_28_228_229_BA,500,50.27067187234983,0.0,0.0,43.07494221081555,4.605918652100143,50.89145266699083,1.5622789295797204,0.012198134698631825,false,0.0
SEG_28_228_229_BA,530,49.288663134768,0.00039308176100628933,0.0,43.07494221081555,4.605918652100143,50.89145266699083,1.3490730934032464,0.031494277491167566,false,0.000012379826057848887
SEG_28_228_229_BA,600,47.14322490226942,0.001183431952662722,0.000591715976331361,43.07494221081555,4.605918652100143,50.89145266699083,0.8832728058709564,0.07365142019521453,false,0.00008716144401800536
SEG_28_228_229_BA,630,46.638146917637584,0.0007874015748031496,0.0,43.07494221081555,4.605918652100143,50.89145266699083,0.7736143375431379,0.08357603342912671,false,0.00006580790033789505
SEG_28_228_229_BA,700,45.15755329492174,0.0005889281507656066,0.0,43.07494221081555,4.605918652100143,50.89145266699083,0.4521597625604157,0.11266920222515492,false,0.00006635406491469665
SEG_28_228_229_BA,730,41.088352457770206,0.0007855459544383347,0.0,43.07494221081555,4.605918652100143,50.89145266699083,-0.43131238371731256,0.19262763579116896,false,0.00015131786000877374
SEG_28_228_229_BA,800,39.68945345380677,0.0029463759575721863,0.0005892751915144372,43.07494221081555,4.605918652100143,50.89145266699083,-0.7350300803652082,0.22011553269042153,false,0.0006485431134072526
SEG_28_228_229_BA,830,40.33975569902861,0.0007911392405063291,0.0,43.07494221081555,4.605918652100143,50.89145266699083,-0.5938416890059033,0.2073373113753983,false,0.00016403268305015687
SEG_28_228_229_BA,900,40.299483777527016,0.0023710729104919974,0.0,43.07494221081555,4.605918652100143,50.89145266699083,-0.6025852045873671,0.20812864114476276,false,0.0004934881829158571
SEG_28_228_229_BA,930,40.25483787019606,0.0007867820613690008,0.0,43.07494221081555,4.605918652100143,50.89145266699083,-0.6122783647804146,0.2090059182707095,false,0.0001644421072153497
SEG_28_228_229_BA,1000,41.12955048989632,0.002937720329024677,0.0005875440658049354,43.07494221081555,4.605918652100143,50.89145266699083,-0.42236779844824224,0.19181810825821188,false,0.0005635079561052053
SEG_28_228_229_BA,1030,41.529013362849724,0.005871990604815032,0.0011743981209630064,43.07494221081555,4.605918652100143,50.89145266699083,-0.3356396334227341,0.18396879659545978,false,0.0010802630451876676
SEG_28_228_229_BA,1100,40.95994475778992,0.006009615384615385,0.0,43.07494221081555,4.605918652100143,50.89145266699083,-0.45919123040986903,0.1951508040886142,false,0.0011727812745709989
SEG_28_228_229_BA,1130,41.02447252084924,0.0017678255745433118,0.0005892751915144372,43.07494221081555,4.605918652100143,50.89145266699083,-0.4451814816641124,0.19388285515656944,false,0.0003427510698112601
SEG_28_228_229_BA,1200,41.045350836486385,0.0029708853238265003,0.0011883541295306002,43.07494221081555,4.605918652100143,50.89145266699083,-0.44064854975320505,0.19347260324700488,false,0.0005747849175490341
SEG_28_228_229_BA,1230,41.433431357755175,0.0017595307917888563,0.0,43.07494221081555,4.605918652100143,50.89145266699083,-0.35639162934671054,0.185846950982602,false,0.0003270034328139625
SEG_28_228_229_BA,1300,41.30598697729896,0.005851375073142188,0.0017554125219426564,43.07494221081555,4.605918652100143,50.89145266699083,-0.3840613278547612,0.18835119037404072,false,0.0011021134603513207
SEG_28_228_229_BA,1330,40.48470940976294,0.00530035335689046,0.0005889281507656066,43.07494221081555,4.605918652100143,50.89145266699083,-0.5623705055823227,0.2044890195083368,false,0.0010838640609982517
SEG_28_228_229_BA,1400,40.425413101011706,0.0017626321974148062,0.0,43.07494221081555,4.605918652100143,50.89145266699083,-0.575244443059312,0.2056541721153815,false,0.00036249266530325765
SEG_28_228_229_BA,1430,39.905971268559306,0.004062681369704005,0.0,43.07494221081555,4.605918652100143,50.89145266699083,-0.6880214744590205,0.21586103014813168,false,0.0008769745856279291
SEG_28_228_229_BA,1500,39.51302690159754,0.005078125,0.00234375,43.07494221081555,4.605918652100143,50.89145266699083,-0.7733343939094313,0.2235822553513697,false,0.0011353786404561742
SEG_28_228_229_BA,1530,39.81798870652297,0.004724409448818898,0.0011811023622047244,43.07494221081555,4.605918652100143,50.89145266699083,-0.7071235404488792,0.21758985802443645,false,0.0010279835812178099
SEG_28_228_229_BA,1600,39.727936453794754,0.010644589000591367,0.002365464222353637,43.07494221081555,4.605918652100143,50.89145266699083,-0.7266749610296904,0.21935935462964187,false,0.0023349901734675067
SEG_28_228_229_BA,1630,39.31653521719022,0.006334125098970704,0.0,43.07494221081555,4.605918652100143,50.89145266699083,-0.8159950875188867,0.22744325113966182,false,0.0014406540056352292
SEG_28_228_229_BA,1700,38.8463444637547,0.0017751479289940828,0.0,43.07494221081555,4.605918652100143,50.89145266699083,-0.9180791209008339,0.23668234196523183,false,0.00042014616916905055
SEG_28_228_229_BA,1730,37.02955418601924,0.0015810276679841897,0.0015810276679841897,43.07494221081555,4.605918652100143,50.89145266699083,-1.3125260086909738,0.27238166243115874,true,0.00043064294455519167
SEG_28_228_229_BA,1800,37.01312551276497,0.0011976047904191617,0.0,43.07494221081555,4.605918652100143,50.89145266699083,-1.3160928700481054,0.27270448035820377,true,0.000326592192045753
SEG_28_228_229_BA,1830,37.16533508752283,0.001568627450980392,0.0,43.07494221081555,4.605918652100143,50.89145266699083,-1.2830463518060924,0.2697136131932627,true,0.0004230801775580591
SEG_28_228_229_BA,1900,37.63341150564269,0.0029342723004694834,0.0011737089201877935,43.07494221081555,4.605918652100143,50.89145266699083,-1.1814213658966177,0.2605160683484981,true,0.0007644250831822127
SEG_28_228_229_BA,1930,37.92609742013457,0.0015910898965791568,0.0,43.07494221081555,4.605918652100143,50.89145266699083,-1.1178757549991214,0.2547648881570606,true,0.000405353839549818
SEG_28_228_229_BA,2000,38.296078207689526,0.002988643156007173,0.0005977286312014345,43.07494221081555,4.605918652100143,50.89145266699083,-1.0375485031519227,0.2474948895980504,true,0.0007396739079439642
SEG_28_228_229_BA,2030,38.85612397890555,0.002398081534772182,0.0,43.07494221081555,4.605918652100143,50.89145266699083,-0.9159558712541224,0.2364901777679383,false,0.0005671227284602836
SEG_28_228_229_BA,2100,39.87796785620831,0.001189767995240928,0.000594883997620464,43.07494221081555,4.605918652100143,50.89145266699083,-0.6941013500421963,0.21641128782173827,false,0.000257479224059177
SEG_28_228_229_BA,2130,41.27165050513762,0.0017857142857142857,0.0005952380952380953,43.07494221081555,4.605918652100143,50.89145266699083,-0.39151618643018987,0.18902589055180963,false,0.0003375462331282315
SEG_28_228_229_BA,2200,41.87748152178788,0.002976190476190476,0.0,43.07494221081555,4.605918652100143,50.89145266699083,-0.25998303041710696,0.17712151398361606,false,0.0005271473630464763
SEG_28_228_229_BA,2230,43.26702179209223,0.0047169811320754715,0.0005896226415094339,43.07494221081555,4.605918652100143,50.89145266699083,0.04170277327609727,0.14981751306627472,false,0.0007066863823880883
SEG_28_228_229_BA,2300,44.36026490440463,0.00471976401179941,0.0,43.07494221081555,4.605918652100143,50.89145266699083,0.27905892193797577,0.12833565206564546,false,0.0006057139920502441
SEG_28_228_229_BA,2330,46.32984779538571,0.0,0.0,43.07494221081555,4.605918652100143,50.89145266699083,0.7066789125956521,0.089634007923768,false,0.0
SEG_29_229_230_AB,0,44.61385640568752,0.0,0.0,40.368724044648765,3.057583764198078,44.81030093910992,1.3883944606018472,0.004383914620197215,false,0.0
SEG_29_229_230_AB,30,44.76421634985497,0.0,0.0,40.368724044648765,3.057583764198078,44.81030093910992,1.4375705276414639,0.001028437396963133,false,0.0
SEG_29_229_230_AB,100,44.667698412623054,0.0,0.0,40.368724044648765,3.057583764198078,44.81030093910992,1.4060037923774737,0.0031823603836234576,false,0.0
SEG_29_229_230_AB,130,44.660580547340004,0.0,0.0,40.368724044648765,3.057583764198078,44.81030093910992,1.4036758544264698,0.0033412047817613266,false,0.0
SEG_29_229_230_AB,200,44.81030093910992,0.0,0.0,40.368724044648765,3.057583764198078,44.81030093910992,1.4526427522505057,0.0,false,0.0
SEG_29_229_230_AB,230,44.80881311670084,0.0,0.0,40.368724044648765,3.057583764198078,44.81030093910992,1.4521561515475248,0.00003320268728174575,false,0.0
SEG_29_229_230_AB,300,44.788537374788326,0.0,0.0,40.368724044648765,3.057583764198078,44.81030093910992,1.4455248558983502,0.00048568217274793307,false,0.0
SEG_29_229_230_AB,330,44.68549466963174,0.0,0.0,40.368724044648765,3.057583764198078,44.81030093910992,1.4118241585166007,0.0027852138205404367,false,0.0
SEG_29_229_230_AB,400,44.561936330171235,0.0,0.0,40.368724044648765,3.057583764198078,44.81030093910992,1.3714137073272423,0.005542578463737046,false,0.0
SEG_29_229_230_AB,430,44.305261168997674,0.0,0.0,40.368724044648765,3.057583764198078,44.81030093910992,1.2874666494644202,0.011270617682271685,false,0.0
SEG_29_229_230_AB,500,44.151164297414894,0.0,0.0,40.368724044648765,3.057583764198078,44.81030093910992,1.2370683992555023,0.01470948928887333,false,0.0
SEG_29_229_230_AB,530,43.85327672128212,0.0,0.0,40.368724044648765,3.057583764198078,44.81030093910992,1.139642588842455,0.021357237014057204,false,0.0
SEG_29_229_230_AB,600,42.49286652933259,0.0,0.0,40.368724044648765,3.057583764198078,44.81030093910992,0.6947127694606032,0.051716555372532745,false,0.0
SEG_29_229_230_AB,630,41.39629959211505,0.0,0.0,40.368724044648765,3.057583764198078,44.81030093910992,0.3360743733330851,0.07618786920520704,false,0.0
SEG_29_229_230_AB,700,41.168884000304345,0.0,0.0,40.368724044648765,3.057583764198078,44.81030093910992,0.2616968225122169,0.0812629431735726,false,0.0
SEG_29_229_230_AB,730,40.29672108490506,0.0,0.0,40.368724044648765,3.057583764198078,44.81030093910992,-0.023548973731089468,0.1007263901293165,false,0.0
SEG_29_229_230_AB,800,39.91502629189728,0.0,0.0,40.368724044648765,3.057583764198078,44.81030093910992,-0.14838440668868497,0.10924440462617167,false,0.0
SEG_29_229_230_AB,830,39.025579760543096,0.0,0.0,40.368724044648765,3.057583764198078,44.81030093910992,-0.43928290692567173,0.12909355789480959,false,0.0
SEG_29_229_230_AB,900,38.992437482532715,0.0,0.0,40.368724044648765,3.057583764198078,44.81030093910992,-0.45012227571041313,0.1298331708256715,false,0.0
SEG_29_229_230_AB,930,38.96570910837752,0.0,0.0,40.368724044648765,3.057583764198078,44.81030093910992,-0.45886394109605727,0.13042964917094121,false,0.0
SEG_29_229_230_AB,1000,38.89447069066935,0.0,0.0,40.368724044648765,3.057583764198078,44.81030093910992,-0.48216286704612027,0.13201942688310092,false,0.0
SEG_29_229_230_AB,1030,38.966451682368024,0.0,0.0,40.368724044648765,3.057583764198078,44.81030093910992,-0.4586210780879519,0.13041307766896634,false,0.0
SEG_29_229_230_AB,1100,38.693328548670635,0.0,0.0,40.368724044648765,3.057583764198078,44.81030093910992,-0.5479475380513544,0.13650817473311058,false,0.0
SEG_29_229_230_AB,1130,38.324391300594385,0.0011785503830288745,0.0,40.368724044648765,3.057583764198078,44.81030093910992,-0.6686105440485138,0.14474148806384624,false,0.00017058513619781524
SEG_29_229_230_AB,1200,38.42892953989012,0.0017825311942959,0.0,40.368724044648765,3.057583764198078,44.81030093910992,-0.6344207237990095,0.14240858163151082,false,0.00025384773909360215
SEG_29_229_230_AB,1230,38.58992415775417,0.0,0.0,40.368724044648765,3.057583764198078,44.81030093910992,-0.5817665267990222,0.13881577786786697,false,0.0
SEG_29_229_230_AB,1300,38.69888734227717,0.0,0.0,40.368724044648765,3.057583764198078,44.81030093910992,-0.5461295032777461,0.13638412304209235,false,0.0
SEG_29_229_230_AB,1330,37.99118993380869,0.0,0.0,40.368724044648765,3.057583764198078,44.81030093910992,-0.7775859286928275,0.15217730884171743,false,0.0
SEG_29_229_230_AB,1400,37.63823054339646,0.0,0.0,40.368724044648765,3.057583764198078,44.81030093910992,-0.8930232863034709,0.16005405554984256,false,0.0
SEG_29_229_230_AB,1430,37.21514155480987,0.0,0.0,40.368724044648765,3.057583764198078,44.81030093910992,-1.031396924187291,0.169495835223706,false,0.0
SEG_29_229_230_AB,1500,37.17812326996269,0.0,0.0,40.368724044648765,3.057583764198078,44.81030093910992,-1.0435039628498564,0.17032194627565989,false,0.0
SEG_29_229_230_AB,1530,37.23703420696862,0.0,0.0,40.368724044648765,3.057583764198078,44.81030093910992,-1.0242368089305642,0.16900727228840004,false,0.0
SEG_29_229_230_AB,1600,37.549593684616795,0.0,0.0,40.368724044648765,3.057583764198078,44.81030093910992,-0.9220124704486558,0.16203210204634141,false,0.0
SEG_29_229_230_AB,1630,37.29019937489562,0.0,0.0,40.368724044648765,3.057583764198078,44.81030093910992,-1.0068488411667629,0.1678208225923973,false,0.0
SEG_29_229_230_AB,1700,36.991239735141626,0.0,0.0,40.368724044648765,3.057583764198078,44.81030093910992,-1.1046252760283617,0.17449249480812812,false,0.0
SEG_29_229_230_AB,1730,36.22964531542762,0.0,0.0,40.368724044648765,3.057583764198078,44.81030093910992,-1.353709022688612,0.19148846233686428,false,0.0
SEG_29_229_230_AB,1800,35.626569326015414,0.0005988023952095808,0.0,40.368724044648765,3.057583764198078,44.81030093910992,-1.5509484234447755,0.20494688543988446,true,0.00012272268589214638
SEG_29_229_230_AB,1830,34.88299866148167,0.003137254901960784,0.0,40.368724044648765,3.057583764198078,44.81030093910992,-1.7941373994068979,0.2215406294886945,true,0.0006950294258468847
SEG_29_229_230_AB,1900,35.91880099369813,0.0017605633802816902,0.0,40.368724044648765,3.057583764198078,44.81030093910992,-1.455372409762168,0.19842535664944386,false,0.00034934041663634485
SEG_29_229_230_AB,1930,37.877769721956795,0.0,0.0,40.368724044648765,3.057583764198078,44.81030093910992,-0.8146806481180018,0.1547084280146508,false,0.0
SEG_29_229_230_AB,2000,38.83022365592904,0.0,0.0,40.368724044648765,3.057583764198078,44.81030093910992,-0.5031752217991101,0.1334531828140779,false,0.0
SEG_29_229_230_AB,2030,39.73378823849589,0.0,0.0,40.368724044648765,3.057583764198078,44.81030093910992,-0.20765933335579487,0.1132889669166071,false,0.0
SEG_29_229_230_AB,2100,40.42479360144376,0.0,0.0,40.368724044648765,3.057583764198078,44.81030093910992,0.018337864509723568,0.09786828576816232,false,0.0
SEG_29_229_230_AB,2130,40.961876565883905,0.0,0.0,40.368724044648765,3.057583764198078,44.81030093910992,0.19399387456870157,0.08588258263329707,false,0.0
SEG_29_229_230_AB,2200,41.266421972504475,0.0,0.0,40.368724044648765,3.057583764198078,44.81030093910992,0.2935971659606034,0.07908625678325651,false,0.0
SEG_29_229_230_AB,2230,42.38451349080973,0.0,0.0,40.368724044648765,3.057583764198078,44.81030093910992,0.6592752976269329,0.05413459399874263,false,0.0
SEG_29_229_230_AB,2300,43.15643106043001,0.0,0.0,40.368724044648765,3.057583764198078,44.81030093910992,0.9117352886364455,0.03690825198713259,false,0.0
SEG_29_229_230_AB,2330,43.79312578963,0.0005963029218843172,0.0,40.368724044648765,3.057583764198078,44.81030093910992,1.11996988768658,0.02269958309055109,false,0.000013535827722451454
SEG_29_229_230_BA,0,41.60652523269019,0.0,0.0,38.600364788920494,2.7161314771359226,42.588073427903716,1.1067801647582975,0.023047489970993068,false,0.0
SEG_29_229_230_BA,30,41.933913612341435,0.0,0.0,38.600364788920494,2.7161314771359226,42.588073427903716,1.2273149703843003,0.01536016454629467,false,0.0
SEG_29_229_230_BA,100,42.061837556500144,0.0,0.0,38.600364788920494,2.7161314771359226,42.588073427903716,1.2744128171695381,0.012356414109561046,false,0.0
SEG_29_229_230_BA,130,42.05155437104471,0.0,0.0,38.600364788920494,2.7161314771359226,42.588073427903716,1.2706268496852695,0.012597871039347818,false,0.0
SEG_29_229_230_BA,200,41.97559600122947,0.0,0.0,38.600364788920494,2.7161314771359226,42.588073427903716,1.242661204261015,0.014381430700571464,false,0.0
SEG_29_229_230_BA,230,41.93090703155381,0.0,0.0,38.600364788920494,2.7161314771359226,42.588073427903716,1.2262080354612541,0.015430761324820392,false,0.0
SEG_29_229_230_BA,300,41.978578993524955,0.0,0.0,38.600364788920494,2.7161314771359226,42.588073427903716,1.2437594545926343,0.01431138779758512,false,0.0
SEG_29_229_230_BA,330,41.88995811363331,0.0,0.0,38.600364788920494,2.7161314771359226,42.588073427903716,1.211131844096735,0.016392272720488873,false,0.0
SEG_29_229_230_BA,400,42.13161973534261,0.0,0.0,38.600364788920494,2.7161314771359226,42.588073427903716,1.3001045701019291,0.010717876058277774,false,0.0
SEG_29_229_230_BA,430,42.24273369907275,0.0,0.0,38.600364788920494,2.7161314771359226,42.588073427903716,1.341013474794314,0.008108836606933664,false,0.0
SEG_29_229_230_BA,500,42.374990450755284,0.0,0.0,38.600364788920494,2.7161314771359226,42.588073427903716,1.3897065343151271,0.0050033485902844215,false,0.0
SEG_29_229_230_BA,530,42.588073427903716,0.0,0.0,38.600364788920494,2.7161314771359226,42.588073427903716,1.4681574410337963,0.0,false,0.0
SEG_29_229_230_BA,600,41.844599729720336,0.0,0.0,38.600364788920494,2.7161314771359226,42.588073427903716,1.1944322165953425,0.01745732169458164,false,0.0
SEG_29_229_230_BA,630,41.029214637688,0.0,0.0,38.600364788920494,2.7161314771359226,42.588073427903716,0.8942313246664529,0.036603177010452674,false,0.0
SEG_29_229_230_BA,700,40.40277747123057,0.0,0.0,38.600364788920494,2.7161314771359226,42.588073427903716,0.6635955208658257,0.05131239290203106,false,0.0
SEG_29_229_230_BA,730,38.986869593635674,0.0,0.0,38.600364788920494,2.7161314771359226,42.588073427903716,0.14229974063064785,0.0845589749525634,false,0.0
SEG_29_229_230_BA,800,37.248442963236506,0.0011785503830288745,0.0,38.600364788920494,2.7161314771359226,42.588073427903716,-0.49773799135436103,0.12537853992636075,false,0.0001477649262538135
SEG_29_229_230_BA,830,35.72478001422153,0.010284810126582278,0.0,38.600364788920494,2.7161314771359226,42.588073427903716,-1.058706030582577,0.16115529211014637,false,0.0016574515802467585
SEG_29_229_230_BA,900,35.88476908006654,0.005334914048606995,0.0005927682276229994,38.600364788920494,2.7161314771359226,42.588073427903716,-0.9998027458219608,0.15739862849595748,false,0.0008397081543945568
SEG_29_229_230_BA,930,36.429157169452694,0.0015735641227380016,0.0,38.600364788920494,2.7161314771359226,42.588073427903716,-0.7993750073384784,0.14461598665357092,false,0.00022756252817241688
SEG_29_229_230_BA,1000,36.581872286268855,0.0017626321974148062,0.0,38.600364788920494,2.7161314771359226,42.588073427903716,-0.7431497774106569,0.14103012083424268,false,0.00024858423178773684
SEG_29_229_230_BA,1030,36.555847908740894,0.0005871990604815032,0.0,38.600364788920494,2.7161314771359226,42.588073427903716,-0.7527311904412964,0.14164119279484724,false,0.00008317157533461377
SEG_29_229_230_BA,1100,36.51822141805761,0.001201923076923077,0.0006009615384615385,38.600364788920494,2.7161314771359226,42.588073427903716,-0.766584161477501,0.1425246910997655,false,0.00017130371526414125
SEG_29_229_230_BA,1130,36.33808875570051,0.0035356511490866236,0.0005892751915144372,38.600364788920494,2.7161314771359226,42.588073427903716,-0.83290372806455,0.146754341512622,false,0.0005188721562025528
SEG_29_229_230_BA,1200,36.50332470233554,0.0017825311942959,0.0005941770647653001,38.600364788920494,2.7161314771359226,42.588073427903716,-0.772068695583256,0.14287447719063634,false,0.00025467821246102733
SEG_29_229_230_BA,1230,36.92927343080079,0.0017595307917888563,0.0005865102639296188,38.600364788920494,2.7161314771359226,42.588073427903716,-0.6152468583302226,0.13287288063599698,false,0.00023379392487272196
SEG_29_229_230_BA,1300,37.08138513904829,0.0,0.0,38.600364788920494,2.7161314771359226,42.588073427903716,-0.5592437857514633,0.12930118330376142,false,0.0
SEG_29_229_230_BA,1330,36.90263275876302,0.001177856301531213,0.0,38.600364788920494,2.7161314771359226,42.588073427903716,-0.6250551729357672,0.13349842365528547,false,0.00015724195954686156
SEG_29_229_230_BA,1400,36.87193729213549,0.0,0.0,38.600364788920494,2.7161314771359226,42.588073427903716,-0.6363563440631291,0.13421917630166877,false,0.0
SEG_29_229_230_BA,1430,36.3760076195299,0.0,0.0,38.600364788920494,2.7161314771359226,42.588073427903716,-0.8189431138054148,0.1458639780663022,false,0.0
SEG_29_229_230_BA,1500,36.03166510039227,0.001171875,0.0,38.600364788920494,2.7161314771359226,42.588073427903716,-0.9457199366640535,0.15394939943950806,false,0.0001804094524681735
SEG_29_229_230_BA,1530,36.12114155245156,0.0003937007874015748,0.0,38.600364788920494,2.7161314771359226,42.588073427903716,-0.9127773295728665,0.15184842503852308,false,0.00005978284450335554
SEG_29_229_230_BA,1600,35.741231660092915,0.0017740981667652277,0.0,38.600364788920494,2.7161314771359226,42.588073427903716,-1.0526490167708846,0.16076899508970857,false,0.00028521997946133985
SEG_29_229_230_BA,1630,35.10048372802546,0.000791765637371338,0.0,38.600364788920494,2.7161314771359226,42.588073427903716,-1.2885536250202263,0.17581423852275943,false,0.00013920367262292908
SEG_29_229_230_BA,1700,34.60265527474925,0.00650887573964497,0.0,38.600364788920494,2.7161314771359226,42.588073427903716,-1.4718394701521236,0.1875036250858536,false,0.0012204377964167986
SEG_29_229_230_BA,1730,34.33730674589174,0.007905138339920948,0.0,38.600364788920494,2.7161314771359226,42.588073427903716,-1.5695330211054512,0.1937342081458438,false,0.001531495716567935
SEG_29_229_230_BA,1800,34.90001216589243,0.0029940119760479044,0.0,38.600364788920494,2.7161314771359226,42.588073427903716,-1.3623613783711146,0.18052146160183122,false,0.0005404834179695546
SEG_29_229_230_BA,1830,35.859960699670275,0.004705882352941176,0.0,38.600364788920494,2.7161314771359226,42.588073427903716,-1.0089364643496166,0.15798114792920356,false,0.0007434406961374285
SEG_29_229_230_BA,1900,36.67150754763561,0.0011737089201877935,0.0,38.600364788920494,2.7161314771359226,42.588073427903716,-0.7101487013871661,0.13892541747125775,false,0.00016305800172682834
SEG_29_229_230_BA,1930,37.366139521772496,0.0007955449482895784,0.0,38.600364788920494,2.7161314771359226,42.588073427903716,-0.4544055681904806,0.12261493619736759,false,0.00009754569307666475
SEG_29_229_230_BA,2000,37.56058759273731,0.0005977286312014345,0.0,38.600364788920494,2.7161314771359226,42.588073427903716,-0.3828154877390523,0.11804914922196016,false,0.00007056135637893613
SEG_29_229_230_BA,2030,37.83882668380386,0.0,0.0,38.600364788920494,2.7161314771359226,42.588073427903716,-0.2803760096030601,0.11151588606466874,false,0.0
SEG_29_229_230_BA,2100,38.30864270055078,0.0,0.0,38.600364788920494,2.7161314771359226,42.588073427903716,-0.10740352255603212,0.1004842525830026,false,0.0
SEG_29_229_230_BA,2130,39.39192077150034,0.0,0.0,38.600364788920494,2.7161314771359226,42.588073427903716,0.2914277122602752,0.07504806860573453,false,0.0
SEG_29_229_230_BA,2200,39.925894684007375,0.0,0.0,38.600364788920494,2.7161314771359226,42.588073427903716,0.4880212560566513,0.06250995947029811,false,0.0
SEG_29_229_230_BA,2230,40.556163821854774,0.0005896226415094339,0.0,38.600364788920494,2.7161314771359226,42.588073427903716,0.7200678794078886,0.047710766007969585,false,0.000028131347882057537
SEG_29_229_230_BA,2300,41.3652331652961,0.0005899705014749262,0.0,38.600364788920494,2.7161314771359226,42.588073427903716,1.017943497820316,0.028713209219894266,false,0.000016939946442415496
SEG_29_229_230_BA,2330,42.162646255633895,0.0,0.0,38.600364788920494,2.7161314771359226,42.588073427903716,1.3115276254850952,0.009989350022841856,false,0.0
SEG_30_230_231_AB,0,64.9027999872578,0.0,0.0,59.474936313733416,4.566241201093856,65.57861631979974,1.1886940339954266,0.010305437511006111,false,0.0
SEG_30_230_231_AB,30,64.60376288434009,0.0,0.0,59.474936313733416,4.566241201093856,65.57861631979974,1.1232053552882937,0.014865416353185829,false,0.0
SEG_30_230_231_AB,100,64.78381383651187,0.0,0.0,59.474936313733416,4.566241201093856,65.57861631979974,1.1626362447753955,0.012119842227410608,false,0.0
SEG_30_230_231_AB,130,65.47393122788442,0.0,0.0,59.474936313733416,4.566241201093856,65.57861631979974,1.3137709222881018,0.0015963296847376067,false,0.0
SEG_30_230_231_AB,200,65.47342383960152,0.0,0.0,59.474936313733416,4.566241201093856,65.57861631979974,1.3136598050123047,0.001604066784288835,false,0.0
SEG_30_230_231_AB,230,65.57861631979974,0.0,0.0,59.474936313733416,4.566241201093856,65.57861631979974,1.3366968009933784,0.0,false,0.0
SEG_30_230_231_AB,300,65.4777681956626,0.0,0.0,59.474936313733416,4.566241201093856,65.57861631979974,1.314611212498191,0.0015378202499018194,false,0.0
SEG_30_230_231_AB,330,65.29866566557665,0.0,0.0,59.474936313733416,4.566241201093856,65.57861631979974,1.2753880260307193,0.004268932007620937,false,0.0
SEG_30_230_231_AB,400,65.42007550023075,0.0,0.0,59.474936313733416,4.566241201093856,65.57861631979974,1.3019765984050866,0.0024175688428045784,false,0.0
SEG_30_230_231_AB,430,65.37726632264234,0.0,0.0,59.474936313733416,4.566241201093856,65.57861631979974,1.2926014524802163,0.003070360560453015,false,0.0
SEG_30_230_231_AB,500,65.38447585962263,0.0,0.0,59.474936313733416,4.566241201093856,65.57861631979974,1.2941803303061528,0.002960423245747778,false,0.0
SEG_30_230_231_AB,530,64.99266937575699,0.0,0.0,59.474936313733416,4.566241201093856,65.57861631979974,1.2083752957907228,0.008935030607924475,false,0.0
SEG_30_230_231_AB,600,62.29939238778926,0.0,0.0,59.474936313733416,4.566241201093856,65.57861631979974,0.6185516598157887,0.05000446968900744,false,0.0
SEG_30_230_231_AB,630,58.63543397874634,0.0,0.0,59.474936313733416,4.566241201093856,65.57861631979974,-0.18384975694800548,0.10587570660525027,false,0.0
SEG_30_230_231_AB,700,60.453607848834466,0.0,0.0,59.474936313733416,4.566241201093856,65.57861631979974,0.21432760382141147,0.07815060394035653,false,0.0
SEG_30_230_231_AB,730,60.16963698384631,0.0,0.0,59.474936313733416,4.566241201093856,65.57861631979974,0.15213840870834344,0.08248083963187139,false,0.0
SEG_30_230_231_AB,800,58.199683122479996,0.0,0.0,59.474936313733416,4.566241201093856,65.57861631979974,-0.27927854335595087,0.11252041612674077,false,0.0
SEG_30_230_231_AB,830,57.670552550363844,0.0,0.0,59.474936313733416,4.566241201093856,65.57861631979974,-0.39515734800372054,0.12058906108771099,false,0.0
SEG_30_230_231_AB,900,58.504596274558835,0.0,0.0,59.474936313733416,4.566241201093856,65.57861631979974,-0.2125030186627313,0.10787083415642434,false,0.0
SEG_30_230_231_AB,930,57.99361795629751,0.0,0.0,59.474936313733416,4.566241201093856,65.57861631979974,-0.32440650684003486,0.1156626777014222,false,0.0
SEG_30_230_231_AB,1000,58.37025596838544,0.0,0.0,59.474936313733416,4.566241201093856,65.57861631979974,-0.24192334497865406,0.10991937244088996,false,0.0
SEG_30_230_231_AB,1030,57.86956864862392,0.0,0.0,59.474936313733416,4.566241201093856,65.57861631979974,-0.35157311986167683,0.11755428985543072,false,0.0
SEG_30_230_231_AB,1100,57.823788518371,0.0,0.0,59.474936313733416,4.566241201093856,65.57861631979974,-0.3615988999807709,0.11825238525332175,false,0.0
SEG_30_230_231_AB,1130,57.84562772981559,0.0,0.0,59.474936313733416,4.566241201093856,65.57861631979974,-0.3568161453073308,0.11791936188884446,false,0.0
SEG_30_230_231_AB,1200,58.327508670092435,0.0,0.0,59.474936313733416,4.566241201093856,65.57861631979974,-0.2512849394302937,0.11057122056901374,false,0.0
SEG_30_230_231_AB,1230,58.370236915729954,0.0,0.0,59.474936313733416,4.566241201093856,65.57861631979974,-0.24192751748173696,0.10991966297241622,false,0.0
SEG_30_230_231_AB,1300,58.10320689338231,0.0,0.0,59.474936313733416,4.566241201093856,65.57861631979974,-0.30040669337014153,0.11399156990386858,false,0.0
SEG_30_230_231_AB,1330,57.205572158347486,0.0,0.0,59.474936313733416,4.566241201093856,65.57861631979974,-0.49698735906510955,0.1276794880913678,false,0.0
SEG_30_230_231_AB,1400,57.02372693981754,0.0,0.0,59.474936313733416,4.566241201093856,65.57861631979974,-0.5368111902035921,0.1304524227571918,false,0.0
SEG_30_230_231_AB,1430,56.33380179831069,0.0,0.0,59.474936313733416,4.566241201093856,65.57861631979974,-0.6879037652829771,0.1409730037060544,false,0.0
SEG_30_230_231_AB,1500,56.913824978940575,0.0,0.0,59.474936313733416,4.566241201093856,65.57861631979974,-0.5608795554162402,0.1321283038148375,false,0.0
SEG_30_230_231_AB,1530,56.25416004029742,0.0,0.0,59.474936313733416,4.566241201093856,65.57861631979974,-0.7053451912843431,0.1421874507694826,false,0.0
SEG_30_230_231_AB,1600,55.4387977856249,0.0,0.0,59.474936313733416,4.566241201093856,65.57861631979974,-0.8839083067144258,0.15462080634222508,false,0.0
SEG_30_230_231_AB,1630,53.465918777699216,0.0,0.0,59.474936313733416,4.566241201093856,65.57861631979974,-1.3159658615043646,0.1847049880258515,false,0.0
SEG_30_230_231_AB,1700,50.52685143592072,0.0,0.0,59.474936313733416,4.566241201093856,65.57861631979974,-1.9596172176951927,0.22952245302764238,true,0.0
SEG_30_230_231_AB,1730,49.2062000731882,0.0,0.0,59.474936313733416,4.566241201093856,65.57861631979974,-2.2488378927695085,0.24966089810083894,true,0.0
SEG_30_230_231_AB,1800,49.45464036778306,0.0,0.0,59.474936313733416,4.566241201093856,65.57861631979974,-2.1944298394815345,0.24587246356932463,true,0.0
SEG_30_230_231_AB,1830,49.455620893213045,0.0,0.0,59.474936313733416,4.566241201093856,65.57861631979974,-2.194215105877503,0.24585751166144654,true,0.0
SEG_30_230_231_AB,1900,54.17697877559563,0.001349527665317139,0.001349527665317139,59.474936313733416,4.566241201093856,65.57861631979974,-1.1602447844561181,0.17386212433338094,false,0.0002346317467387057
SEG_30_230_231_AB,1930,57.88503952782292,0.0,0.0,59.474936313733416,4.566241201093856,65.57861631979974,-0.34818502043423216,0.11731837638138674,false,0.0
SEG_30_230_231_AB,2000,58.93423477662223,0.0,0.0,59.474936313733416,4.566241201093856,65.57861631979974,-0.11841282869193505,0.1013193311486721,false,0.0
SEG_30_230_231_AB,2030,59.18906116953286,0.0,0.0,59.474936313733416,4.566241201093856,65.57861631979974,-0.06260622941514139,0.09743351581417424,false,0.0
SEG_30_230_231_AB,2100,59.49575656517785,0.0,0.0,59.474936313733416,4.566241201093856,65.57861631979974,0.004559603955972854,0.09275675663783907,false,0.0
SEG_30_230_231_AB,2130,60.36550584465578,0.0,0.0,59.474936313733416,4.566241201093856,65.57861631979974,0.1950333965514184,0.0794940602241709,false,0.0
SEG_30_230_231_AB,2200,61.1138520716458,0.0,0.0,59.474936313733416,4.566241201093856,65.57861631979974,0.35892010205675934,0.06808262355492724,false,0.0
SEG_30_230_231_AB,2230,62.103862016611195,0.0,0.0,59.474936313733416,4.566241201093856,65.57861631979974,0.5757308006962079,0.05298608751126439,false,0.0
SEG_30_230_231_AB,2300,63.01563397014581,0.0,0.0,59.474936313733416,4.566241201093856,65.57861631979974,0.7754074961182967,0.03908259267251578,false,0.0
SEG_30_230_231_AB,2330,63.83391963004636,0.0,0.0,59.474936313733416,4.566241201093856,65.57861631979974,0.9546108329250625,0.02660465846435693,false,0.0
SEG_30_230_231_BA,0,66.4375945778789,0.0,0.0,62.193825032790706,3.1836568617099057,67.09642307394641,1.3329858491121784,0.009819129930986404,false,0.0
SEG_30_230_231_BA,30,67.08199435079518,0.0,0.0,62.193825032790706,3.1836568617099057,67.09642307394641,1.5353945259600306,0.00021504459537768187,false,0.0
SEG_30_230_231_BA,100,67.09642307394641,0.0,0.0,62.193825032790706,3.1836568617099057,67.09642307394641,1.5399266485404386,0.0,false,0.0
SEG_30_230_231_BA,130,66.74641747191126,0.0,0.0,62.193825032790706,3.1836568617099057,67.09642307394641,1.429988417996595,0.005216456943605106,false,0.0
SEG_30_230_231_BA,200,66.55839536722492,0.0,0.0,62.193825032790706,3.1836568617099057,67.09642307394641,1.3709298847269777,0.008018724129728011,false,0.0
SEG_30_230_231_BA,230,66.75718770861377,0.0,0.0,62.193825032790706,3.1836568617099057,67.09642307394641,1.4333713946081912,0.005055938152750296,false,0.0
SEG_30_230_231_BA,300,66.82217434498982,0.0,0.0,62.193825032790706,3.1836568617099057,67.09642307394641,1.4537839702087993,0.004087382253661207,false,0.0
SEG_30_230_231_BA,330,66.58580936927382,0.0,0.0,62.193825032790706,3.1836568617099057,67.09642307394641,1.3795407379814884,0.0076101479226374,false,0.0
SEG_30_230_231_BA,400,66.68979459311805,0.0,0.0,62.193825032790706,3.1836568617099057,67.09642307394641,1.4122029338025492,0.006060360034099253,false,0.0
SEG_30_230_231_BA,430,66.87335985204109,0.0,0.0,62.193825032790706,3.1836568617099057,67.09642307394641,1.469861553087433,0.0033245173391655237,false,0.0
SEG_30_230_231_BA,500,66.72088512011393,0.0,0.0,62.193825032790706,3.1836568617099057,67.09642307394641,1.421968598993987,0.00559698917807586,false,0.0
SEG_30_230_231_BA,530,67.06046928388511,0.0,0.0,62.193825032790706,3.1836568617099057,67.09642307394641,1.5286334119816505,0.0005358525598551625,false,0.0
SEG_30_230_231_BA,600,63.408586373416455,0.0,0.0,62.193825032790706,3.1836568617099057,67.09642307394641,0.38156164228493983,0.05496323844962082,false,0.0
SEG_30_230_231_BA,630,61.893793244538756,0.0,0.0,62.193825032790706,3.1836568617099057,67.09642307394641,-0.09424124561301057,0.07753960034015346,false,0.0
SEG_30_230_231_BA,700,63.213149496001044,0.0,0.0,62.193825032790706,3.1836568617099057,67.09642307394641,0.3201740977395633,0.057876014846061814,false,0.0
SEG_30_230_231_BA,730,60.457446388647064,0.0,0.0,62.193825032790706,3.1836568617099057,67.09642307394641,-0.5454038294852708,0.09894680492852184,false,0.0
SEG_30_230_231_BA,800,58.810115881205036,0.0,0.0,62.193825032790706,3.1836568617099057,67.09642307394641,-1.0628372649960518,0.12349849385576196,false,0.0
SEG_30_230_231_BA,830,59.22404423531715,0.0,0.0,62.193825032790706,3.1836568617099057,67.09642307394641,-0.9328206293810567,0.11732933706396206,false,0.0
SEG_30_230_231_BA,900,60.50355809208031,0.0,0.0,62.193825032790706,3.1836568617099057,67.09642307394641,-0.530919949646386,0.09825955959828378,false,0.0
SEG_30_230_231_BA,930,60.21493850376528,0.0,0.0,62.193825032790706,3.1836568617099057,67.09642307394641,-0.6215765752979379,0.10256112404974409,false,0.0
SEG_30_230_231_BA,1000,60.40321551938907,0.0,0.0,62.193825032790706,3.1836568617099057,67.09642307394641,-0.5624379734315708,0.0997550576903453,false,0.0
SEG_30_230_231_BA,1030,60.300626971354895,0.0,0.0,62.193825032790706,3.1836568617099057,67.09642307394641,-0.5946614675109791,0.10128402962855301,false,0.0
SEG_30_230_231_BA,1100,60.321073806939594,0.0,0.0,62.193825032790706,3.1836568617099057,67.09642307394641,-0.5882390305233077,0.10097929154196135,false,0.0
SEG_30_230_231_BA,1130,60.87778924689603,0.0,0.0,62.193825032790706,3.1836568617099057,67.09642307394641,-0.41337237116309355,0.0926820468536285,false,0.0
SEG_30_230_231_BA,1200,61.037609231517514,0.0,0.0,62.193825032790706,3.1836568617099057,67.09642307394641,-0.3631722423289679,0.09030010192572455,false,0.0
SEG_30_230_231_BA,1230,60.2225311623549,0.0,0.0,62.193825032790706,3.1836568617099057,67.09642307394641,-0.6191916893257927,0.10244796364205368,false,0.0
SEG_30_230_231_BA,1300,59.992911343593946,0.0,0.0,62.193825032790706,3.1836568617099057,67.09642307394641,-0.6913162394061131,0.10587020000341515,false,0.0
SEG_30_230_231_BA,1330,59.127434441391934,0.0,0.0,62.193825032790706,3.1836568617099057,67.09642307394641,-0.9631661716683401,0.11876920210443888,false,0.0
SEG_30_230_231_BA,1400,59.46823857005127,0.0,0.0,62.193825032790706,3.1836568617099057,67.09642307394641,-0.8561181625822434,0.11368988322206361,false,0.0
SEG_30_230_231_BA,1430,59.569484655399904,0.0,0.0,62.193825032790706,3.1836568617099057,67.09642307394641,-0.8243163416742401,0.11218091924589081,false,0.0
SEG_30_230_231_BA,1500,59.29662073750358,0.0,0.0,62.193825032790706,3.1836568617099057,67.09642307394641,-0.9100240450319981,0.11624766238055244,false,0.0
SEG_30_230_231_BA,1530,59.26212438047797,0.0,0.0,62.193825032790706,3.1836568617099057,67.09642307394641,-0.9208594957492221,0.11676179346899498,false,0.0
SEG_30_230_231_BA,1600,59.11592813977243,0.0,0.0,62.193825032790706,3.1836568617099057,67.09642307394641,-0.9667803493637734,0.11894069115098349,false,0.0
SEG_30_230_231_BA,1630,58.1643100248334,0.0,0.0,62.193825032790706,3.1836568617099057,67.09642307394641,-1.2656875985664804,0.13312353535253296,false,0.0
SEG_30_230_231_BA,1700,58.47715883646096,0.0,0.0,62.193825032790706,3.1836568617099057,67.09642307394641,-1.1674204720459629,0.12846086039469248,false,0.0
SEG_30_230_231_BA,1730,58.08542291867362,0.0,0.0,62.193825032790706,3.1836568617099057,67.09642307394641,-1.2904663701447108,0.13429926279888035,false,0.0
SEG_30_230_231_BA,1800,57.69829904320428,0.0,0.0,62.193825032790706,3.1836568617099057,67.09642307394641,-1.412063606368662,0.14006892767420012,false,0.0
SEG_30_230_231_BA,1830,58.46721774296745,0.0,0.0,62.193825032790706,3.1836568617099057,67.09642307394641,-1.1705430112910278,0.12860902169805366,false,0.0
SEG_30_230_231_BA,1900,59.74931975514853,0.0,0.0,62.193825032790706,3.1836568617099057,67.09642307394641,-0.7678293810625254,0.10950067056034721,false,0.0
SEG_30_230_231_BA,1930,60.60127742071105,0.0,0.0,62.193825032790706,3.1836568617099057,67.09642307394641,-0.500225897845133,0.09680315813671789,false,0.0
SEG_30_230_231_BA,2000,60.90036649766829,0.0,0.0,62.193825032790706,3.1836568617099057,67.09642307394641,-0.40628076181165984,0.09234555722068077,false,0.0
SEG_30_230_231_BA,2030,61.81323663028763,0.0,0.0,62.193825032790706,3.1836568617099057,67.09642307394641,-0.11954441669906048,0.07874021000845637,false,0.0
SEG_30_230_231_BA,2100,62.07089897389253,0.0,0.0,62.193825032790706,3.1836568617099057,67.09642307394641,-0.038611591712855296,0.07490002998394252,false,0.0
SEG_30_230_231_BA,2130,62.53773326347147,0.0,0.0,62.193825032790706,3.1836568617099057,67.09642307394641,0.1080230205764256,0.06794236714304194,false,0.0
SEG_30_230_231_BA,2200,63.529650917852194,0.0,0.0,62.193825032790706,3.1836568617099057,67.09642307394641,0.41958852448188527,0.05315890166251198,false,0.0
SEG_30_230_231_BA,2230,64.35007057186434,0.0,0.0,62.193825032790706,3.1836568617099057,67.09642307394641,0.677285785728659,0.04093142937076307,false,0.0
SEG_30_230_231_BA,2300,65.29632622226315,0.0,0.0,62.193825032790706,3.1836568617099057,67.09642307394641,0.9745086622828202,0.02682850693395969,false,0.0
SEG_30_230_231_BA,2330,65.4105872192485,0.0,0.0,62.193825032790706,3.1836568617099057,67.09642307394641,1.010398521632795,0.02512556970197901,false,0.0
SEG_31_231_232_AB,0,45.149726005450376,0.0011961722488038277,0.0,39.34565073043304,5.428437208121387,47.33132368418783,1.0691981969200932,0.046092048751771315,false,0.00005513402960738195
SEG_31_231_232_AB,30,46.20404252890767,0.00078064012490242,0.0,39.34565073043304,5.428437208121387,47.33132368418783,1.2634192006889038,0.023816810254490176,false,0.000018592357731842447
SEG_31_231_232_AB,100,46.475771349151486,0.0006009615384615385,0.0,39.34565073043304,5.428437208121387,47.33132368418783,1.313475747320278,0.018075816783509075,false,0.000010862870663166513
SEG_31_231_232_AB,130,47.07922057225533,0.0012004801920768306,0.0,39.34565073043304,5.428437208121387,47.33132368418783,1.4246401948340184,0.005326348225851962,false,6.3941755412388495e-6
SEG_31_231_232_AB,200,47.07181812986894,0.0006153846153846154,0.0,39.34565073043304,5.428437208121387,47.33132368418783,1.4232765533102076,0.0054827444939087155,false,3.3739966116361326e-6
SEG_31_231_232_AB,230,47.233501287344076,0.001215066828675577,0.0,39.34565073043304,5.428437208121387,47.33132368418783,1.4530610292609007,0.0020667581049805543,false,2.5112492162582676e-6
SEG_31_231_232_AB,300,47.251689788805834,0.0006002400960384153,0.0,39.34565073043304,5.428437208121387,47.33132368418783,1.4564116255309554,0.0016824776740524399,false,1.0098905606557262e-6
SEG_31_231_232_AB,330,47.152110571328485,0.0012070006035003018,0.0,39.34565073043304,5.428437208121387,47.33132368418783,1.438067631917403,0.003786353283823634,false,4.570130698640475e-6
SEG_31_231_232_AB,400,47.28739718897017,0.0005998800239952009,0.0,39.34565073043304,5.428437208121387,47.33132368418783,1.462989467144544,0.0009280639500123712,false,5.567270246025021e-7
SEG_31_231_232_AB,430,47.33132368418783,0.0011855364552459987,0.0,39.34565073043304,5.428437208121387,47.33132368418783,1.471081390019132,0.0,false,0.0
SEG_31_231_232_AB,500,47.30905390933993,0.0008022462896109105,0.0,39.34565073043304,5.428437208121387,47.33132368418783,1.4669789616416642,0.00047050817755470945,false,3.774634396748571e-7
SEG_31_231_232_AB,530,47.13336462677358,0.003930817610062893,0.0,39.34565073043304,5.428437208121387,47.33132368418783,1.4346143462227905,0.004182411181548785,false,0.000016440295524955915
SEG_31_231_232_AB,600,45.687738338920035,0.0035502958579881655,0.0,39.34565073043304,5.428437208121387,47.33132368418783,1.168308182509454,0.03472510839194793,false,0.0001232844084921228
SEG_31_231_232_AB,630,42.13462745225774,0.005511811023622047,0.0015748031496062992,39.34565073043304,5.428437208121387,47.33132368418783,0.5137715727193377,0.10979401857857131,false,0.0006051638819291332
SEG_31_231_232_AB,700,42.03938468085851,0.008244994110718492,0.0005889281507656066,39.34565073043304,5.428437208121387,47.33132368418783,0.4962264178713205,0.11180627524045389,false,0.0009218420808989131
SEG_31_231_232_AB,730,40.61417893512565,0.014925373134328358,0.003142183817753339,39.34565073043304,5.428437208121387,47.33132368418783,0.23368202597881862,0.14191753422916004,false,0.0021181721526740303
SEG_31_231_232_AB,800,38.3041406703934,0.025338833235120803,0.0041249263406010605,39.34565073043304,5.428437208121387,47.33132368418783,-0.19186186007299796,0.19072323170226857,false,0.004832704162167088
SEG_31_231_232_AB,830,37.32444291374039,0.021360759493670885,0.0031645569620253164,39.34565073043304,5.428437208121387,47.33132368418783,-0.3723369616708026,0.21142195044484838,false,0.00451613343513521
SEG_31_231_232_AB,900,37.79645615790524,0.027860106698280974,0.0005927682276229994,39.34565073043304,5.428437208121387,47.33132368418783,-0.2853850036636844,0.20144941624499596,false,0.005612402230892004
SEG_31_231_232_AB,930,37.237505373184156,0.03068450039339103,0.0015735641227380016,39.34565073043304,5.428437208121387,47.33132368418783,-0.38835216774635034,0.21325873703328851,false,0.006543737800392016
SEG_31_231_232_AB,1000,37.586523284294785,0.03231492361927144,0.004700352526439483,39.34565073043304,5.428437208121387,47.33132368418783,-0.3240578049804941,0.20588480611516322,false,0.006653151783980009
SEG_31_231_232_AB,1030,37.216413730382676,0.029947152084556665,0.0017615971814445098,39.34565073043304,5.428437208121387,47.33132368418783,-0.39223756643345775,0.2137043540403727,false,0.006399836791578983
SEG_31_231_232_AB,1100,37.155325323855365,0.034254807692307696,0.0030048076923076925,39.34565073043304,5.428437208121387,47.33132368418783,-0.4034909721900755,0.21499500897609594,false,0.0073646126872821335
SEG_31_231_232_AB,1130,37.13622941518001,0.03358868591632292,0.004714201532115498,39.34565073043304,5.428437208121387,47.33132368418783,-0.4070087265534832,0.21539846079592603,false,0.007234951246533755
SEG_31_231_232_AB,1200,37.19630474133591,0.0314913844325609,0.0017825311942959,39.34565073043304,5.428437208121387,47.33132368418783,-0.3959419454795456,0.21412920987539946,false,0.00674322526642672
SEG_31_231_232_AB,1230,37.1723116750987,0.03519061583577713,0.0005865102639296188,39.34565073043304,5.428437208121387,47.33132368418783,-0.40036183011988274,0.2146361271633524,false,0.007553177495484543
SEG_31_231_232_AB,1300,37.182455052213854,0.02982456140350877,0.0035087719298245615,39.34565073043304,5.428437208121387,47.33132368418783,-0.398493267082996,0.21442182136487448,false,0.006395036777548888
SEG_31_231_232_AB,1330,35.98130765952216,0.0447585394581861,0.004711425206124852,39.34565073043304,5.428437208121387,47.33132368418783,-0.6197627313211896,0.23979925219073087,false,0.010733064291222347
SEG_31_231_232_AB,1400,35.78089990972412,0.04465334900117509,0.0035252643948296123,39.34565073043304,5.428437208121387,47.33132368418783,-0.6566808611833556,0.24403339850650335,false,0.010896908511453734
SEG_31_231_232_AB,1430,35.48743003471066,0.03946604759141033,0.004062681369704005,39.34565073043304,5.428437208121387,47.33132368418783,-0.7107424379801549,0.25023372953826567,false,0.009875736278933293
SEG_31_231_232_AB,1500,35.374394077447036,0.04765625,0.003125,39.34565073043304,5.428437208121387,47.33132368418783,-0.7315653660034386,0.2526219145384961,false,0.012039013114725203
SEG_31_231_232_AB,1530,34.84916714839544,0.04133858267716536,0.0003937007874015748,39.34565073043304,5.428437208121387,47.33132368418783,-0.8283200872823023,0.26371872925164686,false,0.01090175849268619
SEG_31_231_232_AB,1600,34.21651143789535,0.041986989946777055,0.0,39.34565073043304,5.428437208121387,47.33132368418783,-0.9448648102374807,0.27708526247436854,false,0.011633976129911393
SEG_31_231_232_AB,1630,32.75248275868104,0.0625494853523357,0.0,39.34565073043304,5.428437208121387,47.33132368418783,-1.2145609719659431,0.3080167591082436,true,0.019266289762115
SEG_31_231_232_AB,1700,31.449708771415786,0.07218934911242604,0.0035502958579881655,39.34565073043304,5.428437208121387,47.33132368418783,-1.4545515875553061,0.33554132182611407,true,0.024222509622950247
SEG_31_231_232_AB,1730,30.49421168498824,0.07351778656126483,0.0071146245059288534,39.34565073043304,5.428437208121387,47.33132368418783,-1.630568560727261,0.35572873709476316,true,0.02615238936744109
SEG_31_231_232_AB,1800,30.135296116911714,0.07544910179640718,0.008982035928143712,39.34565073043304,5.428437208121387,47.33132368418783,-1.696686221172805,0.3633117823201903,true,0.027411547648110164
SEG_31_231_232_AB,1830,29.906910148077216,0.0815686274509804,0.001568627450980392,39.34565073043304,5.428437208121387,47.33132368418783,-1.7387583609210209,0.3681370428676952,true,0.03002843330058063
SEG_31_231_232_AB,1900,31.664828849312006,0.05575117370892019,0.005868544600938967,39.34565073043304,5.428437208121387,47.33132368418783,-1.4149232249808283,0.33099633847995663,true,0.018453434363612607
SEG_31_231_232_AB,1930,34.00430351731226,0.04136833731105807,0.0007955449482895784,39.34565073043304,5.428437208121387,47.33132368418783,-0.983956709516634,0.2815687187579709,false,0.011648029733822184
SEG_31_231_232_AB,2000,35.43733558752914,0.02749551703526599,0.001195457262402869,39.34565073043304,5.428437208121387,47.33132368418783,-0.7199705906253723,0.2512921078653915,false,0.006909406432640771
SEG_31_231_232_AB,2030,36.34642469974282,0.015587529976019185,0.0005995203836930455,39.34565073043304,5.428437208121387,47.33132368418783,-0.5525026661822919,0.23208518438529918,false,0.0036176347685957905
SEG_31_231_232_AB,2100,37.436068413827776,0.011302795954788817,0.0,39.34565073043304,5.428437208121387,47.33132368418783,-0.351773861130488,0.2090635651008806,false,0.0023630028179159614
SEG_31_231_232_AB,2130,38.415060412565985,0.011904761904761904,0.0,39.34565073043304,5.428437208121387,47.33132368418783,-0.17142877078412516,0.18837975736986493,false,0.0022426161591650585
SEG_31_231_232_AB,2200,39.244487372138565,0.0005952380952380953,0.0,39.34565073043304,5.428437208121387,47.33132368418783,-0.018635816242496002,0.17085590857351973,false,0.00010169994557947604
SEG_31_231_232_AB,2230,40.45696053116282,0.0005896226415094339,0.0,39.34565073043304,5.428437208121387,47.33132368418783,0.20472002495804267,0.145239190834664,false,0.00008563631535062736
SEG_31_231_232_AB,2300,41.27916129279099,0.0,0.0,39.34565073043304,5.428437208121387,47.33132368418783,0.35618180486001655,0.12786801467415357,false,0.0
SEG_31_231_232_AB,2330,43.41522724950472,0.0017889087656529517,0.0,39.34565073043304,5.428437208121387,47.33132368418783,0.7496773680983643,0.08273794455470466,false,0.0001480106342660191
SEG_31_231_232_BA,0,47.268696689886355,0.0,0.0,44.00209149191246,2.7042277574215787,48.12138665293453,1.2079623060627596,0.017719563428170233,false,0.0
SEG_31_231_232_BA,30,47.743394518091534,0.0,0.0,44.00209149191246,2.7042277574215787,48.12138665293453,1.3835014509821928,0.007854971793917483,false,0.0
SEG_31_231_232_BA,100,48.12138665293453,0.0,0.0,44.00209149191246,2.7042277574215787,48.12138665293453,1.5232796681850977,0.0,false,0.0
SEG_31_231_232_BA,130,47.86120495318754,0.0,0.0,44.00209149191246,2.7042277574215787,48.12138665293453,1.4270667293773578,0.005406778936432156,false,0.0
SEG_31_231_232_BA,200,47.523093446911915,0.0,0.0,44.00209149191246,2.7042277574215787,48.12138665293453,1.3020360231627284,0.012433000119836168,false,0.0
SEG_31_231_232_BA,230,47.639570292838094,0.0,0.0,44.00209149191246,2.7042277574215787,48.12138665293453,1.3451081518347738,0.010012520286903581,false,0.0
SEG_31_231_232_BA,300,47.612195683543035,0.0,0.0,44.00209149191246,2.7042277574215787,48.12138665293453,1.3349852584431463,0.010581386049074827,false,0.0
SEG_31_231_232_BA,330,47.46758309002969,0.0,0.0,44.00209149191246,2.7042277574215787,48.12138665293453,1.281508774032222,0.013586548692377938,false,0.0
SEG_31_231_232_BA,400,47.53494539440401,0.0,0.0,44.00209149191246,2.7042277574215787,48.12138665293453,1.3064187706807842,0.012186707393951583,false,0.0
SEG_31_231_232_BA,430,47.68509168511248,0.0,0.0,44.00209149191246,2.7042277574215787,48.12138665293453,1.3619415683802025,0.009066550200823113,false,0.0
SEG_31_231_232_BA,500,47.89441919784183,0.0,0.0,44.00209149191246,2.7042277574215787,48.12138665293453,1.4393490693404525,0.004716560990431561,false,0.0
SEG_31_231_232_BA,530,47.888240649011465,0.0,0.0,44.00209149191246,2.7042277574215787,48.12138665293453,1.4370642955031134,0.004844956060900419,false,0.0
SEG_31_231_232_BA,600,46.57767460815714,0.0,0.0,44.00209149191246,2.7042277574215787,48.12138665293453,0.952428326044712,0.032079542011353386,false,0.0
SEG_31_231_232_BA,630,44.64858223142614,0.0,0.0,44.00209149191246,2.7042277574215787,48.12138665293453,0.23906667540832252,0.07216758832315599,false,0.0
SEG_31_231_232_BA,700,44.66457874565938,0.0,0.0,44.00209149191246,2.7042277574215787,48.12138665293453,0.24498204780598223,0.07183516826326436,false,0.0
SEG_31_231_232_BA,730,41.391702709429545,0.0,0.0,44.00209149191246,2.7042277574215787,48.12138665293453,-0.9652991599242596,0.13984808858567252,false,0.0
SEG_31_231_232_BA,800,38.894701562549194,0.0,0.0,44.00209149191246,2.7042277574215787,48.12138665293453,-1.8886685543946373,0.1917377227080109,false,0.0
SEG_31_231_232_BA,830,39.648106651298754,0.0,0.0,44.00209149191246,2.7042277574215787,48.12138665293453,-1.6100658787576139,0.17608137651451203,false,0.0
SEG_31_231_232_BA,900,41.25559853004431,0.0,0.0,44.00209149191246,2.7042277574215787,48.12138665293453,-1.015629306492612,0.1426764397378714,false,0.0
SEG_31_231_232_BA,930,41.68558539565358,0.0007867820613690008,0.0,44.00209149191246,2.7042277574215787,48.12138665293453,-0.8566238882436493,0.13374097682799177,false,0.00010522500143823114
SEG_31_231_232_BA,1000,42.34317972228064,0.0005875440658049354,0.0,44.00209149191246,2.7042277574215787,48.12138665293453,-0.6134512025028384,0.12007565310467895,false,0.00007054973742930607
SEG_31_231_232_BA,1030,42.692144092898516,0.0,0.0,44.00209149191246,2.7042277574215787,48.12138665293453,-0.4844072010646577,0.11282390092358094,false,0.0
SEG_31_231_232_BA,1100,43.04987718501488,0.0,0.0,44.00209149191246,2.7042277574215787,48.12138665293453,-0.3521206023731877,0.10538992786090846,false,0.0
SEG_31_231_232_BA,1130,43.4836967009032,0.0,0.0,44.00209149191246,2.7042277574215787,48.12138665293453,-0.19169790325040334,0.09637481948472727,false,0.0
SEG_31_231_232_BA,1200,43.70865453293062,0.0005941770647653001,0.0,44.00209149191246,2.7042277574215787,48.12138665293453,-0.10851044560744455,0.09170002003121439,false,0.00005448604874106619
SEG_31_231_232_BA,1230,43.013363692358695,0.0,0.0,44.00209149191246,2.7042277574215787,48.12138665293453,-0.36562297566847496,0.10614870675727589,false,0.0
SEG_31_231_232_BA,1300,43.10789794647309,0.0,0.0,44.00209149191246,2.7042277574215787,48.12138665293453,-0.3306650273762315,0.10418421112051875,false,0.0
SEG_31_231_232_BA,1330,42.60389754888556,0.0,0.0,44.00209149191246,2.7042277574215787,48.12138665293453,-0.5170400086271001,0.11465773303339552,false,0.0
SEG_31_231_232_BA,1400,42.53833012827948,0.0,0.0,44.00209149191246,2.7042277574215787,48.12138665293453,-0.5412862728058971,0.11602027524521852,false,0.0
SEG_31_231_232_BA,1430,42.36302865312208,0.0,0.0,44.00209149191246,2.7042277574215787,48.12138665293453,-0.6061112398140571,0.1196631768187274,false,0.0
SEG_31_231_232_BA,1500,42.420005854305245,0.0,0.0,44.00209149191246,2.7042277574215787,48.12138665293453,-0.5850415643672329,0.11847914607592894,false,0.0
SEG_31_231_232_BA,1530,41.96995135584769,0.0,0.0,44.00209149191246,2.7042277574215787,48.12138665293453,-0.7514678194126552,0.1278316300702801,false,0.0
SEG_31_231_232_BA,1600,41.54073370656882,0.0005913660555884093,0.0,44.00209149191246,2.7042277574215787,48.12138665293453,-0.9101887881257779,0.13675110806401522,false,0.00008086996337316099
SEG_31_231_232_BA,1630,41.2044069088391,0.0,0.0,44.00209149191246,2.7042277574215787,48.12138665293453,-1.0345595245797243,0.14374024160988355,false,0.0
SEG_31_231_232_BA,1700,41.42511813922139,0.0,0.0,44.00209149191246,2.7042277574215787,48.12138665293453,-0.9529424234400127,0.13915368985537727,false,0.0
SEG_31_231_232_BA,1730,40.480807034068995,0.0,0.0,44.00209149191246,2.7042277574215787,48.12138665293453,-1.3021404902673326,0.15877721217743837,false,0.0
SEG_31_231_232_BA,1800,40.534880549942585,0.0,0.0,44.00209149191246,2.7042277574215787,48.12138665293453,-1.2821445724955443,0.15765352228330495,false,0.0
SEG_31_231_232_BA,1830,40.45669171928645,0.0,0.0,44.00209149191246,2.7042277574215787,48.12138665293453,-1.311058124781055,0.15927834725395798,false,0.0
SEG_31_231_232_BA,1900,41.39895550244188,0.0,0.0,44.00209149191246,2.7042277574215787,48.12138665293453,-0.9626171398937983,0.1396973698820607,false,0.0
SEG_31_231_232_BA,1930,42.159696779297484,0.0,0.0,44.00209149191246,2.7042277574215787,48.12138665293453,-0.6813016054430482,0.12388857196976666,false,0.0
SEG_31_231_232_BA,2000,42.68973138059663,0.0,0.0,44.00209149191246,2.7042277574215787,48.12138665293453,-0.485299401174379,0.11287403896967019,false,0.0
SEG_31_231_232_BA,2030,43.82923320633298,0.0,0.0,44.00209149191246,2.7042277574215787,48.12138665293453,-0.06392149666576026,0.08919430101958231,false,0.0
SEG_31_231_232_BA,2100,44.021399816234315,0.0,0.0,44.00209149191246,2.7042277574215787,48.12138665293453,0.007140051080706793,0.08520092877353094,false,0.0
SEG_31_231_232_BA,2130,44.22880800487834,0.0,0.0,44.00209149191246,2.7042277574215787,48.12138665293453,0.08383780261986824,0.08089082461672616,false,0.0
SEG_31_231_232_BA,2200,44.83934130615058,0.0,0.0,44.00209149191246,2.7042277574215787,48.12138665293453,0.3096077288387941,0.06820346575744005,false,0.0
SEG_31_231_232_BA,2230,45.73712498262868,0.0,0.0,44.00209149191246,2.7042277574215787,48.12138665293453,0.6416003555745375,0.0495468197436172,false,0.0
SEG_31_231_232_BA,2300,46.473375230676574,0.0,0.0,44.00209149191246,2.7042277574215787,48.12138665293453,0.9138593197195893,0.034246964538738205,false,0.0
SEG_31_231_232_BA,2330,46.779707243322996,0.0,0.0,44.00209149191246,2.7042277574215787,48.12138665293453,1.0271382444720305,0.02788114605441692,false,0.0
SEG_32_232_233_AB,0,36.66390861129049,0.0027910685805422647,0.0,32.300900250365885,3.6496175175265106,37.87241713656233,1.1954700293858698,0.0319099919319684,false,0.00008906297588667416
SEG_32_232_233_AB,30,37.30392537628229,0.00546448087431694,0.0,32.300900250365885,3.6496175175265106,37.87241713656233,1.3708354647823886,0.015010707086113611,false,0.0000820257217820416
SEG_32_232_233_AB,100,37.60206027771686,0.006610576923076923,0.0,32.300900250365885,3.6496175175265106,37.87241713656233,1.452524819900519,0.007138621701134298,false,0.000047190407880094514
SEG_32_232_233_AB,130,37.87241713656233,0.006602641056422569,0.0,32.300900250365885,3.6496175175265106,37.87241713656233,1.5266029548138744,0.0,false,0.0
SEG_32_232_233_AB,200,37.75206289893189,0.005538461538461538,0.0,32.300900250365885,3.6496175175265106,37.87241713656233,1.493625735405959,0.0031778863545060903,false,0.00001760060134803373
SEG_32_232_233_AB,230,37.68811191244744,0.006075334143377886,0.0,32.300900250365885,3.6496175175265106,37.87241713656233,1.4761030809970137,0.00486647639759344,false,0.00002956547021624204
SEG_32_232_233_AB,300,37.80188264452791,0.005402160864345739,0.0,32.300900250365885,3.6496175175265106,37.87241713656233,1.507276411225211,0.001862423826292603,false,0.000010061113107222946
SEG_32_232_233_AB,330,37.690429340340756,0.005431502715751358,0.0,32.300900250365885,3.6496175175265106,37.87241713656233,1.4767380592878039,0.00480528600974572,false,0.000026099924011895883
SEG_32_232_233_AB,400,37.6841922693358,0.004799040191961607,0.0,32.300900250365885,3.6496175175265106,37.87241713656233,1.4750290936290735,0.004969972382481412,false,0.00002385109721646748
SEG_32_232_233_AB,430,37.61495598995323,0.004742145820983995,0.0,32.300900250365885,3.6496175175265106,37.87241713656233,1.4560582620145057,0.0067981176295332825,false,0.000032237665107448876
SEG_32_232_233_AB,500,37.71097719239415,0.0048134777376654635,0.0,32.300900250365885,3.6496175175265106,37.87241713656233,1.4823681977762106,0.004262731464592246,false,0.00002051856300646087
SEG_32_232_233_AB,530,37.75819783492642,0.0011792452830188679,0.0,32.300900250365885,3.6496175175265106,37.87241713656233,1.4953067159374993,0.0030158967996168577,false,3.556482075019879e-6
SEG_32_232_233_AB,600,36.50338510680361,0.000591715976331361,0.0,32.300900250365885,3.6496175175265106,37.87241713656233,1.1514863780262423,0.03614852531915757,false,0.00002138965995216424
SEG_32_232_233_AB,630,35.840024727369986,0.0015748031496062992,0.0,32.300900250365885,3.6496175175265106,37.87241713656233,0.9697247615697289,0.05366418525292011,false,0.0000845105279573545
SEG_32_232_233_AB,700,35.01770647842284,0.0,0.0,32.300900250365885,3.6496175175265106,37.87241713656233,0.7444084797955045,0.07537703885774788,false,0.0
SEG_32_232_233_AB,730,33.40233834284602,0.0015710919088766694,0.0,32.300900250365885,3.6496175175265106,37.87241713656233,0.30179548601756634,0.11802993132436909,false,0.00018543587010898523
SEG_32_232_233_AB,800,31.861672736854928,0.0011785503830288745,0.0,32.300900250365885,3.6496175175265106,37.87241713656233,-0.1203489164005983,0.15871034526350802,false,0.0001870481382009523
SEG_32_232_233_AB,830,30.38620503177293,0.0007911392405063291,0.0,32.300900250365885,3.6496175175265106,37.87241713656233,-0.5246290082174468,0.19766924508132735,false,0.00015638389642510074
SEG_32_232_233_AB,900,30.09612053655521,0.002963841138114997,0.0,32.300900250365885,3.6496175175265106,37.87241713656233,-0.6041125414437791,0.20532876399113767,false,0.0006085618375552391
SEG_32_232_233_AB,930,30.75164550751022,0.003147128245476003,0.0,32.300900250365885,3.6496175175265106,37.87241713656233,-0.4244978372160097,0.18801999363747146,false,0.0005917230326907048
SEG_32_232_233_AB,1000,30.96047112363953,0.0005875440658049354,0.0,32.300900250365885,3.6496175175265106,37.87241713656233,-0.36727934373649584,0.1825060699981031,false,0.00010723035840076562
SEG_32_232_233_AB,1030,30.592074995044502,0.0011743981209630064,0.0,32.300900250365885,3.6496175175265106,37.87241713656233,-0.46822036750840695,0.19223336380316033,false,0.00022575850123682952
SEG_32_232_233_AB,1100,30.46180195320865,0.0,0.0,32.300900250365885,3.6496175175265106,37.87241713656233,-0.5039153523144159,0.19567315063710092,false,0.0
SEG_32_232_233_AB,1130,30.14909371745077,0.0011785503830288745,0.0,32.300900250365885,3.6496175175265106,37.87241713656233,-0.5895978202048628,0.20393003676692725,false,0.00024034182294275456
SEG_32_232_233_AB,1200,29.856855923193386,0.0005941770647653001,0.0,32.300900250365885,3.6496175175265106,37.87241713656233,-0.6696713602002118,0.21164641233396905,false,0.00012575544404870413
SEG_32_232_233_AB,1230,29.308992524300894,0.0035190615835777126,0.0,32.300900250365885,3.6496175175265106,37.87241713656233,-0.8197866520798388,0.2261124390709734,false,0.0007957035979037186
SEG_32_232_233_AB,1300,29.240282100257875,0.0011702750146284377,0.0,32.300900250365885,3.6496175175265106,37.87241713656233,-0.8386133986397322,0.2279266994017904,false,0.0002667369214766418
SEG_32_232_233_AB,1330,28.936625846330205,0.002944640753828033,0.0,32.300900250365885,3.6496175175265106,37.87241713656233,-0.9218156116029881,0.2359445730123585,false,0.0006947720053367447
SEG_32_232_233_AB,1400,29.25444693911396,0.004112808460634548,0.0,32.300900250365885,3.6496175175265106,37.87241713656233,-0.8347322141627117,0.22755268475136525,false,0.0009358806070855211
SEG_32_232_233_AB,1430,29.551443671845142,0.0005803830528148578,0.0,32.300900250365885,3.6496175175265106,37.87241713656233,-0.753354718766299,0.2197106520746482,false,0.0001275163389870274
SEG_32_232_233_AB,1500,29.256879766386028,0.001171875,0.0,32.300900250365885,3.6496175175265106,37.87241713656233,-0.8340656162903638,0.22748844730744153,false,0.000266588024188408
SEG_32_232_233_AB,1530,29.56310749905335,0.0011811023622047244,0.0,32.300900250365885,3.6496175175265106,37.87241713656233,-0.7501588147702793,0.21940267523846824,false,0.0002591370179981908
SEG_32_232_233_AB,1600,29.192076547043865,0.0011827321111768185,0.0,32.300900250365885,3.6496175175265106,37.87241713656233,-0.8518217836232308,0.2291995400826529,false,0.00027108165592271187
SEG_32_232_233_AB,1630,29.147433767413553,0.004750593824228029,0.0,32.300900250365885,3.6496175175265106,37.87241713656233,-0.8640539639588207,0.23037830771898665,false,0.0010944337658859223
SEG_32_232_233_AB,1700,28.804576065794933,0.007692307692307693,0.0,32.300900250365885,3.6496175175265106,37.87241713656233,-0.9579974251495121,0.23943127363828157,false,0.0018417790279867813
SEG_32_232_233_AB,1730,27.78061729276542,0.013438735177865613,0.0007905138339920949,32.300900250365885,3.6496175175265106,37.87241713656233,-1.2385634757321196,0.26646833254416735,true,0.0035809973543484944
SEG_32_232_233_AB,1800,27.395391812624233,0.013173652694610778,0.0,32.300900250365885,3.6496175175265106,37.87241713656233,-1.3441157639626597,0.2766399959675005,true,0.0036443592283143776
SEG_32_232_233_AB,1830,27.68974133988033,0.005490196078431373,0.0,32.300900250365885,3.6496175175265106,37.87241713656233,-1.2634636063481843,0.2688678612712988,true,0.001476137277567915
SEG_32_232_233_AB,1900,28.27669914554331,0.007629107981220657,0.0,32.300900250365885,3.6496175175265106,37.87241713656233,-1.102636395594115,0.25336956858122583,true,0.0019329837978614647
SEG_32_232_233_AB,1930,28.327032618117986,0.011933174224343675,0.0007955449482895784,32.300900250365885,3.6496175175265106,37.87241713656233,-1.088844957907026,0.25204054137936593,true,0.003007643691877875
SEG_32_232_233_AB,2000,29.062119333659435,0.011954572624028692,0.0,32.300900250365885,3.6496175175265106,37.87241713656233,-0.8874302310181531,0.2326309876429135,false,0.0027810040363767307
SEG_32_232_233_AB,2030,30.088166884166544,0.0017985611510791368,0.0,32.300900250365885,3.6496175175265106,37.87241713656233,-0.606291852659398,0.20553877573556859,false,0.00036967405707836077
SEG_32_232_233_AB,2100,30.828439468588407,0.000594883997620464,0.0,32.300900250365885,3.6496175175265106,37.87241713656233,-0.40345619087652307,0.18599229203075118,false,0.00011064383820984603
SEG_32_232_233_AB,2130,30.704394902055736,0.0005952380952380953,0.0,32.300900250365885,3.6496175175265106,37.87241713656233,-0.4374445652573927,0.1892676194566555,false,0.00011265929729562828
SEG_32_232_233_AB,2200,31.146051176158842,0.0005952380952380953,0.0,32.300900250365885,3.6496175175265106,37.87241713656233,-0.3164301652600926,0.17760593246924827,false,0.00010571781694598112
SEG_32_232_233_AB,2230,32.116650569668295,0.0011792452830188679,0.0,32.300900250365885,3.6496175175265106,37.87241713656233,-0.050484654847465615,0.15197779814632892,false,0.00017921910158765202
SEG_32_232_233_AB,2300,33.30258962339342,0.0011799410029498525,0.0,32.300900250365885,3.6496175175265106,37.87241713656233,0.27446420569200436,0.12066374049194664,false,0.00014237609497574826
SEG_32_232_233_AB,2330,34.446935458018565,0.0,0.0,32.300900250365885,3.6496175175265106,37.87241713656233,0.58801646949216,0.09044792853310599,false,0.0
SEG_32_232_233_BA,0,35.82325776116659,0.007177033492822967,0.0,33.01746964557656,1.9778645452857286,36.13441732597,1.4185946769093296,0.008611168736897802,false,0.00006180264643706557
SEG_32_232_233_BA,30,35.813062837366225,0.00507416081186573,0.0,33.01746964557656,1.9778645452857286,36.13441732597,1.4134401662909646,0.008893307610437504,false,0.00004512607296474924
SEG_32_232_233_BA,100,36.13441732597,0.0030048076923076925,0.0,33.01746964557656,1.9778645452857286,36.13441732597,1.5759156448922305,0.0,false,0.0
SEG_32_232_233_BA,130,35.47439439961558,0.001800720288115246,0.0,33.01746964557656,1.9778645452857286,36.13441732597,1.2422108277814783,0.01826576918067676,false,0.00003289154114167484
SEG_32_232_233_BA,200,35.38730191737036,0.0024615384615384616,0.0,33.01746964557656,1.9778645452857286,36.13441732597,1.1981772348578317,0.020676005423302744,false,0.00005089478258043752
SEG_32_232_233_BA,230,35.468913108345966,0.0,0.0,33.01746964557656,1.9778645452857286,36.13441732597,1.2394395099565634,0.018417460882805808,false,0.0
SEG_32_232_233_BA,300,35.75295609570042,0.0,0.0,33.01746964557656,1.9778645452857286,36.13441732597,1.3830504503677632,0.010556728418460507,false,0.0
SEG_32_232_233_BA,330,35.98341322177976,0.0024140012070006035,0.0,33.01746964557656,1.9778645452857286,36.13441732597,1.4995686045703054,0.004178955006469912,false,0.000010088002429619583
SEG_32_232_233_BA,400,35.6592158721387,0.0023995200959808036,0.0,33.01746964557656,1.9778645452857286,36.13441732597,1.335655787378759,0.013150937222661856,false,0.0000315559381467591
SEG_32_232_233_BA,430,35.54374478434838,0.0023710729104919974,0.0,33.01746964557656,1.9778645452857286,36.13441732597,1.2772740907830276,0.01634653566690011,false,0.00003875882790017809
SEG_32_232_233_BA,500,35.4318523101952,0.0024067388688327317,0.0,33.01746964557656,1.9778645452857286,36.13441732597,1.2207017261992763,0.0194430979594035,false,0.000046794459589418774
SEG_32_232_233_BA,530,35.69381140572976,0.0023584905660377358,0.0,33.01746964557656,1.9778645452857286,36.13441732597,1.3531471437375742,0.012193524978291863,false,0.000028758313628046847
SEG_32_232_233_BA,600,34.123984374652196,0.004733727810650888,0.0,33.01746964557656,1.9778645452857286,36.13441732597,0.5594491957060607,0.05563761920336527,false,0.00026337334534137406
SEG_32_232_233_BA,630,33.449893911629765,0.0031496062992125984,0.0,33.01746964557656,1.9778645452857286,36.13441732597,0.2186318911898662,0.07429269967529965,false,0.00023399275488283355
SEG_32_232_233_BA,700,34.56619172157749,0.002944640753828033,0.0,33.01746964557656,1.9778645452857286,36.13441732597,0.7830273714609686,0.04339977562791409,false,0.00012779674802094844
SEG_32_232_233_BA,730,35.12306518362282,0.002356637863315004,0.0,33.01746964557656,1.9778645452857286,36.13441732597,1.064580253013271,0.027988610781342637,false,0.0000659590199088986
SEG_32_232_233_BA,800,34.743514417328555,0.0,0.0,33.01746964557656,1.9778645452857286,36.13441732597,0.872680981043949,0.03849246816668036,false,0.0
SEG_32_232_233_BA,830,33.094873505265106,0.0,0.0,33.01746964557656,1.9778645452857286,36.13441732597,0.039135066085813616,0.08411769292652621,false,0.0
SEG_32_232_233_BA,900,32.052293363668575,0.0011855364552459987,0.0,33.01746964557656,1.9778645452857286,36.13441732597,-0.4879890709444685,0.11297052130317815,false,0.0001339306713730624
SEG_32_232_233_BA,930,31.59614003093912,0.0,0.0,33.01746964557656,1.9778645452857286,36.13441732597,-0.718618278499001,0.12559431231700513,false,0.0
SEG_32_232_233_BA,1000,31.996185829245274,0.0011750881316098707,0.0,33.01746964557656,1.9778645452857286,36.13441732597,-0.5163568044968163,0.11452326626422603,false,0.0001345749309802891
SEG_32_232_233_BA,1030,31.72250139184119,0.0,0.0,33.01746964557656,1.9778645452857286,36.13441732597,-0.6547305055960211,0.12209733159189312,false,0.0
SEG_32_232_233_BA,1100,31.630848088272902,0.002403846153846154,0.0,33.01746964557656,1.9778645452857286,36.13441732597,-0.7010700306088673,0.12463378604033439,false,0.00029960044721234226
SEG_32_232_233_BA,1130,31.59245762533382,0.0017678255745433118,0.0,33.01746964557656,1.9778645452857286,36.13441732597,-0.7204800872937828,0.12569622085401239,false,0.00022220899384916746
SEG_32_232_233_BA,1200,30.783787850510553,0.0017825311942959,0.0,33.01746964557656,1.9778645452857286,36.13441732597,-1.129340126142624,0.1480757092937519,false,0.0002639495709336041
SEG_32_232_233_BA,1230,31.59683751022873,0.002346041055718475,0.0,33.01746964557656,1.9778645452857286,36.13441732597,-0.718265635902079,0.12557500996370252,false,0.0002946041289471027
SEG_32_232_233_BA,1300,31.69313297616129,0.0023405500292568754,0.0,33.01746964557656,1.9778645452857286,36.13441732597,-0.6695790531115227,0.12291008624115084,false,0.00028767720594769067
SEG_32_232_233_BA,1330,31.59177185109598,0.0,0.0,33.01746964557656,1.9778645452857286,36.13441732597,-0.7208268118657335,0.12571519927648575,false,0.0
SEG_32_232_233_BA,1400,31.47728454994844,0.0,0.0,33.01746964557656,1.9778645452857286,36.13441732597,-0.7787111100702913,0.12888357196988626,false,0.0
SEG_32_232_233_BA,1430,31.172014377728246,0.0005803830528148578,0.0,33.01746964557656,1.9778645452857286,36.13441732597,-0.9330544259196046,0.137331755026675,false,0.00007970502323080383
SEG_32_232_233_BA,1500,30.839213930798724,0.0,0.0,33.01746964557656,1.9778645452857286,36.13441732597,-1.101316932936456,0.1465418231987259,false,0.0
SEG_32_232_233_BA,1530,31.492990662500628,0.0003937007874015748,0.0,33.01746964557656,1.9778645452857286,36.13441732597,-0.7707701655856836,0.12844891399794492,false,0.00005057043858186808
SEG_32_232_233_BA,1600,31.369637674910802,0.0,0.0,33.01746964557656,1.9778645452857286,36.13441732597,-0.8331369175879071,0.13186263965669992,false,0.0
SEG_32_232_233_BA,1630,30.340514952630116,0.0,0.0,33.01746964557656,1.9778645452857286,36.13441732597,-1.353457039981332,0.16034304140213088,false,0.0
SEG_32_232_233_BA,1700,30.4148461327736,0.0,0.0,33.01746964557656,1.9778645452857286,36.13441732597,-1.3158755077572701,0.15828596713210902,false,0.0
SEG_32_232_233_BA,1730,30.396198805872356,0.0,0.0,33.01746964557656,1.9778645452857286,36.13441732597,-1.3253035178531545,0.15880202158327195,false,0.0
SEG_32_232_233_BA,1800,30.20670902173952,0.003592814371257485,0.0,33.01746964557656,1.9778645452857286,36.13441732597,-1.4211087561767226,0.164046046481292,false,0.0005893869933459593
SEG_32_232_233_BA,1830,30.78629149758186,0.0,0.0,33.01746964557656,1.9778645452857286,36.13441732597,-1.1280742927076322,0.1480064222467595,false,0.0
SEG_32_232_233_BA,1900,30.783982708144826,0.0017605633802816902,0.0,33.01746964557656,1.9778645452857286,36.13441732597,-1.1292416069418334,0.14807031671657223,false,0.00026068717731790884
SEG_32_232_233_BA,1930,30.987717687204327,0.002386634844868735,0.0,33.01746964557656,1.9778645452857286,36.13441732597,-1.0262340579440488,0.14243206393331576,false,0.0003399333268098228
SEG_32_232_233_BA,2000,31.966182325937915,0.002988643156007173,0.0,33.01746964557656,1.9778645452857286,36.13441732597,-0.5315264496471239,0.11535359661206855,false,0.0003447507370354709
SEG_32_232_233_BA,2030,31.56266425977753,0.0035971223021582736,0.0,33.01746964557656,1.9778645452857286,36.13441732597,-0.7355434876804794,0.1265207357559001,false,0.00045511056027302193
SEG_32_232_233_BA,2100,32.46965830930506,0.001189767995240928,0.0,33.01746964557656,1.9778645452857286,36.13441732597,-0.2769711088543539,0.10142017743374697,false,0.00012066648118232834
SEG_32_232_233_BA,2130,33.087775617026146,0.002976190476190476,0.0,33.01746964557656,1.9778645452857286,36.13441732597,0.03554640362868147,0.0843141230550358,false,0.0002509348900447494
SEG_32_232_233_BA,2200,33.90737962122026,0.0,0.0,33.01746964557656,1.9778645452857286,36.13441732597,0.44993474288459806,0.06163203586928069,false,0.0
SEG_32_232_233_BA,2230,33.41015758117626,0.004127358490566038,0.0,33.01746964557656,1.9778645452857286,36.13441732597,0.1985413695471077,0.07539238062753544,false,0.00031117138230704486
SEG_32_232_233_BA,2300,33.94694628135696,0.008259587020648967,0.0,33.01746964557656,1.9778645452857286,36.13441732597,0.4699394799283999,0.06053705044915429,false,0.0005000110361582065
SEG_32_232_233_BA,2330,34.69655631894096,0.004770423375074538,0.0,33.01746964557656,1.9778645452857286,36.13441732597,0.8489391638909373,0.03979200754942418,false,0.00018982472295491556
SEG_33_233_234_AB,0,36.428824639551145,0.001594896331738437,0.0,30.033183138454813,6.29798812100354,40.82904437746205,1.0155054881363021,0.10777180325924694,false,0.00017188485368300948
SEG_33_233_234_AB,30,37.408679737259305,0.0,0.0,30.033183138454813,6.29798812100354,40.82904437746205,1.1710877278741612,0.08377283113907044,false,0.0
SEG_33_233_234_AB,100,37.871153689232685,0.0,0.0,30.033183138454813,6.29798812100354,40.82904437746205,1.2445197418900413,0.07244574869016873,false,0.0
SEG_33_233_234_AB,130,39.06067262134616,0.0006002400960384153,0.0,30.033183138454813,6.29798812100354,40.82904437746205,1.4333925865603059,0.04331161267864611,false,0.00002599736655380919
SEG_33_233_234_AB,200,39.61002980767085,0.0,0.0,30.033183138454813,6.29798812100354,40.82904437746205,1.5206199956582378,0.029856554038382156,false,0.0
SEG_33_233_234_AB,230,40.20447596525284,0.0,0.0,30.033183138454813,6.29798812100354,40.82904437746205,1.6150066706028183,0.015297159699235428,false,0.0
SEG_33_233_234_AB,300,40.40607173514041,0.0,0.0,30.033183138454813,6.29798812100354,40.82904437746205,1.6470162212742867,0.010359601817061467,false,0.0
SEG_33_233_234_AB,330,40.82904437746205,0.0,0.0,30.033183138454813,6.29798812100354,40.82904437746205,1.7141761831851454,0.0,false,0.0
SEG_33_233_234_AB,400,40.69930609142415,0.0,0.0,30.033183138454813,6.29798812100354,40.82904437746205,1.6935762259376514,0.003177597908941395,false,0.0
SEG_33_233_234_AB,430,40.582880163997416,0.0,0.0,30.033183138454813,6.29798812100354,40.82904437746205,1.6750900165022196,0.0060291446253029546,false,0.0
SEG_33_233_234_AB,500,40.25795600760989,0.0,0.0,30.033183138454813,6.29798812100354,40.82904437746205,1.6234982779748135,0.013987306794949158,false,0.0
SEG_33_233_234_AB,530,39.34252121784967,0.0,0.0,30.033183138454813,6.29798812100354,40.82904437746205,1.4781447504399996,0.036408472994605465,false,0.0
SEG_33_233_234_AB,600,35.97881278350779,0.0,0.0,30.033183138454813,6.29798812100354,40.82904437746205,0.9440522164887133,0.11879365946246886,false,0.0
SEG_33_233_234_AB,630,33.67315463626072,0.0,0.0,30.033183138454813,6.29798812100354,40.82904437746205,0.577957822064914,0.17526468841752846,false,0.0
SEG_33_233_234_AB,700,31.924193916717407,0.0,0.0,30.033183138454813,6.29798812100354,40.82904437746205,0.3002563266126444,0.21810087883566012,false,0.0
SEG_33_233_234_AB,730,30.147035679632776,0.0,0.0,30.033183138454813,6.29798812100354,40.82904437746205,0.018077604941531853,0.26162769324392576,false,0.0
SEG_33_233_234_AB,800,28.657487459293076,0.0029463759575721863,0.0,30.033183138454813,6.29798812100354,40.82904437746205,-0.2184341495618016,0.2981102571405704,false,0.0008783448943446387
SEG_33_233_234_AB,830,27.965697292717742,0.004746835443037975,0.0007911392405063291,30.033183138454813,6.29798812100354,40.82904437746205,-0.328277190431987,0.31505383681830607,false,0.0014955087190742376
SEG_33_233_234_AB,900,28.06505701986504,0.007113218731475993,0.0017783046828689982,30.033183138454813,6.29798812100354,40.82904437746205,-0.31250076703481705,0.31262028176791784,false,0.0022237364441108558
SEG_33_233_234_AB,930,27.112259377013977,0.014162077104642014,0.0,30.033183138454813,6.29798812100354,40.82904437746205,-0.463786800692696,0.33595655273332437,false,0.0047578426036190705
SEG_33_233_234_AB,1000,25.42028035645505,0.029964747356051705,0.0011750881316098707,30.033183138454813,6.29798812100354,40.82904437746205,-0.7324406927056463,0.37739712638272666,false,0.01130860954495832
SEG_33_233_234_AB,1030,25.17753827395155,0.037580739870816206,0.0011743981209630064,30.033183138454813,6.29798812100354,40.82904437746205,-0.7709834904752962,0.3833424549155074,false,0.014406293079619773
SEG_33_233_234_AB,1100,25.173553274865217,0.034254807692307696,0.001201923076923077,30.033183138454813,6.29798812100354,40.82904437746205,-0.7716162320762283,0.38344005698156347,false,0.013134665413430962
SEG_33_233_234_AB,1130,25.411527495773605,0.02946375957572186,0.0017678255745433118,30.033183138454813,6.29798812100354,40.82904437746205,-0.7338304794936292,0.37761150467188087,false,0.01112585458667887
SEG_33_233_234_AB,1200,25.66906732367342,0.027332144979203804,0.0017825311942959,30.033183138454813,6.29798812100354,40.82904437746205,-0.6929380829136911,0.3713037443060277,false,0.010148527770693567
SEG_33_233_234_AB,1230,25.14754929670288,0.03519061583577713,0.0005865102639296188,30.033183138454813,6.29798812100354,40.82904437746205,-0.7757451662156265,0.38407695599692937,false,0.01351590460986262
SEG_33_233_234_AB,1300,24.71592116846535,0.03684210526315789,0.0011695906432748538,30.033183138454813,6.29798812100354,40.82904437746205,-0.8442794536649897,0.39464855116450553,false,0.014539683463955465
SEG_33_233_234_AB,1330,24.012777452256724,0.0535924617196702,0.002355712603062426,30.033183138454813,6.29798812100354,40.82904437746205,-0.9559252209638623,0.4118702061635328,false,0.022073138257291805
SEG_33_233_234_AB,1400,23.815925203353487,0.0781433607520564,0.0023501762632197414,30.033183138454813,6.29798812100354,40.82904437746205,-0.9871815912715075,0.416691583981817,false,0.03256168076943693
SEG_33_233_234_AB,1430,23.016695269291805,0.11027278003482298,0.006964596633778294,30.033183138454813,6.29798812100354,40.82904437746205,-1.114084011331063,0.4362666180353415,true,0.048108332807147346
SEG_33_233_234_AB,1500,22.484062990429894,0.152734375,0.00390625,30.033183138454813,6.29798812100354,40.82904437746205,-1.1986558251592923,0.4493120440790607,true,0.0686253942323878
SEG_33_233_234_AB,1530,21.92776509751931,0.19881889763779528,0.007874015748031496,30.033183138454813,6.29798812100354,40.82904437746205,-1.2869852856508663,0.4629370970626095,true,0.09204064331362906
SEG_33_233_234_AB,1600,21.44549583399255,0.24482554701360143,0.01537551744529864,30.033183138454813,6.29798812100354,40.82904437746205,-1.3635604163530681,0.4747490135764571,true,0.1162306869430238
SEG_33_233_234_AB,1630,21.049121221239126,0.3341250989707047,0.013460015835312747,30.033183138454813,6.29798812100354,40.82904437746205,-1.4264971201286007,0.48445716665221766,true,0.1618692987547394
SEG_33_233_234_AB,1700,23.082585104733663,0.15088757396449703,0.007692307692307693,30.033183138454813,6.29798812100354,40.82904437746205,-1.103621966281769,0.43465281990593363,true,0.06558370951243377
SEG_33_233_234_AB,1730,25.813866294448676,0.01818181818181818,0.0015810276679841897,30.033183138454813,6.29798812100354,40.82904437746205,-0.6699467771199636,0.3677572745567826,false,0.006686495901032411
SEG_33_233_234_AB,1800,25.079017548328725,0.05688622754491018,0.0,30.033183138454813,6.29798812100354,40.82904437746205,-0.786626696484889,0.38575546083139434,false,0.021944172921546382
SEG_33_233_234_AB,1830,24.59952887545923,0.07215686274509804,0.001568627450980392,30.033183138454813,6.29798812100354,40.82904437746205,-0.862760322598031,0.39749927409424346,false,0.02868230056209443
SEG_33_233_234_AB,1900,26.157522855819543,0.02992957746478873,0.002347417840375587,30.033183138454813,6.29798812100354,40.82904437746205,-0.6153806911305687,0.35934031142157463,false,0.010754903686913325
SEG_33_233_234_AB,1930,27.52697523561015,0.007955449482895784,0.0,30.033183138454813,6.29798812100354,40.82904437746205,-0.3979378580417707,0.32579917910581185,false,0.002591878910945202
SEG_33_233_234_AB,2000,28.446470812444435,0.001195457262402869,0.0,30.033183138454813,6.29798812100354,40.82904437746205,-0.2519395552237953,0.3032785546127768,false,0.0003625565506428892
SEG_33_233_234_AB,2030,29.307855043918448,0.0,0.0,30.033183138454813,6.29798812100354,40.82904437746205,-0.11516822207355795,0.28218121460377327,false,0.0
SEG_33_233_234_AB,2100,29.02212060062246,0.005353955978584176,0.000594883997620464,30.033183138454813,6.29798812100354,40.82904437746205,-0.16053738406722276,0.28917952787935197,false,0.001548254462173806
SEG_33_233_234_AB,2130,28.592188177116267,0.008333333333333333,0.0,30.033183138454813,6.29798812100354,40.82904437746205,-0.2288024260529939,0.2997095912217975,false,0.0024975799268483127
SEG_33_233_234_AB,2200,29.10502684824224,0.004761904761904762,0.0,30.033183138454813,6.29798812100354,40.82904437746205,-0.14737345837747917,0.2871489575124995,false,0.0013673759881547597
SEG_33_233_234_AB,2230,30.276676519724585,0.001768867924528302,0.0,30.033183138454813,6.29798812100354,40.82904437746205,0.03866208963744016,0.2584524820170038,false,0.0004571683054546058
SEG_33_233_234_AB,2300,31.07985389199591,0.0017699115044247787,0.0,30.033183138454813,6.29798812100354,40.82904437746205,0.16619128734944602,0.23878076585225608,false,0.0004226208245172674
SEG_33_233_234_AB,2330,32.81050836059161,0.0011926058437686344,0.0,30.033183138454813,6.29798812100354,40.82904437746205,0.4409861004460345,0.19639293887800935,false,0.00023421936658081017
SEG_33_233_234_BA,0,40.685546058938264,0.0027910685805422647,0.0,34.41353715406313,5.193235387065435,42.87258502072933,1.2077266746846398,0.051012528419585895,false,0.00014237946528592555
SEG_33_233_234_BA,30,41.37604081748188,0.00078064012490242,0.0,34.41353715406313,5.193235387065435,42.87258502072933,1.3406870947463607,0.03490678722833854,false,0.000027249638741872395
SEG_33_233_234_BA,100,41.834770619581306,0.004206730769230769,0.0,34.41353715406313,5.193235387065435,42.87258502072933,1.4290192745743664,0.024206947181893326,false,0.0001018321095392147
SEG_33_233_234_BA,130,42.04984184776652,0.0,0.0,34.41353715406313,5.193235387065435,42.87258502072933,1.4704330007306823,0.01919042606283257,false,0.0
SEG_33_233_234_BA,200,42.601340218270536,0.0,0.0,34.41353715406313,5.193235387065435,42.87258502072933,1.5766285280656471,0.006326765748499794,false,0.0
SEG_33_233_234_BA,230,42.87258502072933,0.0,0.0,34.41353715406313,5.193235387065435,42.87258502072933,1.628858935940933,0.0,false,0.0
SEG_33_233_234_BA,300,42.60201076250361,0.0,0.0,34.41353715406313,5.193235387065435,42.87258502072933,1.5767576468486593,0.006311125351897866,false,0.0
SEG_33_233_234_BA,330,42.56004612941495,0.0,0.0,34.41353715406313,5.193235387065435,42.87258502072933,1.568677013108625,0.007289947437582002,false,0.0
SEG_33_233_234_BA,400,42.13481502210121,0.0,0.0,34.41353715406313,5.193235387065435,42.87258502072933,1.4867952812747771,0.017208432807851566,false,0.0
SEG_33_233_234_BA,430,41.43124302804231,0.0,0.0,34.41353715406313,5.193235387065435,42.87258502072933,1.3513167324280881,0.033619199588504366,false,0.0
SEG_33_233_234_BA,500,41.308520528514144,0.0,0.0,34.41353715406313,5.193235387065435,42.87258502072933,1.3276855101973715,0.036481693171964015,false,0.0
SEG_33_233_234_BA,530,40.600024212295146,0.0,0.0,34.41353715406313,5.193235387065435,42.87258502072933,1.1912587427946038,0.05300731941718419,false,0.0
SEG_33_233_234_BA,600,38.32256894648751,0.0,0.0,34.41353715406313,5.193235387065435,42.87258502072933,0.7527160818014208,0.10612880170490875,false,0.0
SEG_33_233_234_BA,630,36.273532745193656,0.0,0.0,34.41353715406313,5.193235387065435,42.87258502072933,0.3581573821520082,0.1539224255394203,false,0.0
SEG_33_233_234_BA,700,33.91625976280122,0.0,0.0,34.41353715406313,5.193235387065435,42.87258502072933,-0.09575483377866088,0.2089056503963463,false,0.0
SEG_33_233_234_BA,730,33.1159988768912,0.0,0.0,34.41353715406313,5.193235387065435,42.87258502072933,-0.2498516205145742,0.2275716787107828,false,0.0
SEG_33_233_234_BA,800,32.64456014381071,0.0,0.0,34.41353715406313,5.193235387065435,42.87258502072933,-0.3406310090735218,0.23856795366953662,false,0.0
SEG_33_233_234_BA,830,31.848794106376115,0.0007911392405063291,0.0,34.41353715406313,5.193235387065435,42.87258502072933,-0.4938622759282021,0.2571291399625915,false,0.00020342495250205025
SEG_33_233_234_BA,900,32.22119268832679,0.0011855364552459987,0.0,34.41353715406313,5.193235387065435,42.87258502072933,-0.4221538794865176,0.2484429694932668,false,0.0002945381973838373
SEG_33_233_234_BA,930,30.68325562645312,0.013375295043273014,0.0007867820613690008,34.41353715406313,5.193235387065435,42.87258502072933,-0.7182962545662491,0.28431524220857096,false,0.003802800249839266
SEG_33_233_234_BA,1000,29.598467979742036,0.008225616921269096,0.0,34.41353715406313,5.193235387065435,42.87258502072933,-0.9271809990191807,0.3096178370063089,false,0.002546797719205831
SEG_33_233_234_BA,1030,29.86685496026209,0.005871990604815032,0.0,34.41353715406313,5.193235387065435,42.87258502072933,-0.8755008881602522,0.30335772975151465,false,0.0017813137389989114
SEG_33_233_234_BA,1100,29.75830591359859,0.006009615384615385,0.0,34.41353715406313,5.193235387065435,42.87258502072933,-0.8964028959787032,0.30588962855376817,false,0.0018382790177510107
SEG_33_233_234_BA,1130,29.642009093908335,0.010017678255745434,0.0005892751915144372,34.41353715406313,5.193235387065435,42.87258502072933,-0.9187968009382032,0.30860224361147987,false,0.003091477985500977
SEG_33_233_234_BA,1200,29.783341891675395,0.0023767082590612004,0.0,34.41353715406313,5.193235387065435,42.87258502072933,-0.8915820133860981,0.3053056661436476,false,0.0007256224982617888
SEG_33_233_234_BA,1230,30.43848907151816,0.002346041055718475,0.0,34.41353715406313,5.193235387065435,42.87258502072933,-0.7654280590564887,0.29002440471455504,false,0.000680409160620657
SEG_33_233_234_BA,1300,30.3397664567403,0.0,0.0,34.41353715406313,5.193235387065435,42.87258502072933,-0.7844379069489497,0.29232710269113205,false,0.0
SEG_33_233_234_BA,1330,30.034639703595598,0.002355712603062426,0.0,34.41353715406313,5.193235387065435,42.87258502072933,-0.843192561880376,0.29944416253245415,false,0.0007054043875911758
SEG_33_233_234_BA,1400,29.170913231398888,0.004112808460634548,0.0,34.41353715406313,5.193235387065435,42.87258502072933,-1.0095101669610076,0.31959052113852116,true,0.0013144145992771141
SEG_33_233_234_BA,1430,28.530603430558493,0.0046430644225188625,0.0,34.41353715406313,5.193235387065435,42.87258502072933,-1.132807062463797,0.33452570175641017,true,0.0015532243842433437
SEG_33_233_234_BA,1500,28.290344404063354,0.005859375,0.0,34.41353715406313,5.193235387065435,42.87258502072933,-1.1790709054418258,0.3401297264817439,true,0.0019929476161039683
SEG_33_233_234_BA,1530,28.07270327679849,0.00984251968503937,0.0003937007874015748,34.41353715406313,5.193235387065435,42.87258502072933,-1.2209794867102457,0.3452061903142754,true,0.003397698723565703
SEG_33_233_234_BA,1600,27.465489197502883,0.017740981667652277,0.0,34.41353715406313,5.193235387065435,42.87258502072933,-1.3379035300162678,0.359369415578206,true,0.006375566213687865
SEG_33_233_234_BA,1630,26.917806116875763,0.022169437846397466,0.0,34.41353715406313,5.193235387065435,42.87258502072933,-1.4433643920428978,0.3721440845271931,true,0.008250225151830092
SEG_33_233_234_BA,1700,27.87324087537199,0.010059171597633136,0.0,34.41353715406313,5.193235387065435,42.87258502072933,-1.2593876054570468,0.3498586366580183,true,0.003519288061056989
SEG_33_233_234_BA,1730,30.059950097795717,0.0015810276679841897,0.0,34.41353715406313,5.193235387065435,42.87258502072933,-0.8383188382160957,0.2988537993857514,false,0.0004724961255110694
SEG_33_233_234_BA,1800,29.632389599981558,0.0017964071856287425,0.0,34.41353715406313,5.193235387065435,42.87258502072933,-0.9206491132656467,0.30882661762396657,false,0.0005547783550131135
SEG_33_233_234_BA,1830,30.158890652365614,0.007058823529411765,0.0,34.41353715406313,5.193235387065435,42.87258502072933,-0.8192670242320187,0.29654601797900726,false,0.0020932660092635807
SEG_33_233_234_BA,1900,31.7063634579774,0.0011737089201877935,0.0,34.41353715406313,5.193235387065435,42.87258502072933,-0.5212884636094809,0.26045132471841737,false,0.000305694043096734
SEG_33_233_234_BA,1930,34.0869343163816,0.0007955449482895784,0.0,34.41353715406313,5.193235387065435,42.87258502072933,-0.06289005087175184,0.20492467855856555,false,0.0001630267928071325
SEG_33_233_234_BA,2000,35.64232514852447,0.002390914524805738,0.0,34.41353715406313,5.193235387065435,42.87258502072933,0.23661319059825997,0.1686452978916237,false,0.0004032164922692736
SEG_33_233_234_BA,2030,37.1032351501785,0.0,0.0,34.41353715406313,5.193235387065435,42.87258502072933,0.5179233744756657,0.1345696758840479,false,0.0
SEG_33_233_234_BA,2100,35.83343255963094,0.000594883997620464,0.0,34.41353715406313,5.193235387065435,42.87258502072933,0.2734124875418291,0.16418773110356857,false,0.00009767265383912467
SEG_33_233_234_BA,2130,34.55497976795799,0.0005952380952380953,0.0,34.41353715406313,5.193235387065435,42.87258502072933,0.02723593354677218,0.19400755164984096,false,0.00011548068550585772
SEG_33_233_234_BA,2200,34.808849083140444,0.0005952380952380953,0.0,34.41353715406313,5.193235387065435,42.87258502072933,0.07612054906309507,0.18808606790773147,false,0.00011195599280222112
SEG_33_233_234_BA,2230,36.27512846670338,0.0005896226415094339,0.0,34.41353715406313,5.193235387065435,42.87258502072933,0.358464651395705,0.15388520544856382,false,0.00009073420132580413
SEG_33_233_234_BA,2300,36.97626571616888,0.0017699115044247787,0.0,34.41353715406313,5.193235387065435,42.87258502072933,0.49347437023336743,0.1375312289125911,false,0.0002434181042700727
SEG_33_233_234_BA,2330,38.14511661263388,0.0011926058437686344,0.0,34.41353715406313,5.193235387065435,42.87258502072933,0.7185461818012008,0.11026786478607892,false,0.00013150609992376732
SEG_34_234_235_AB,0,32.2194783275647,0.0035885167464114833,0.0,25.314052943373408,5.778056772391829,35.570741121941204,1.195112069023993,0.0942140278406888,false,0.0003380886166531895
SEG_34_234_235_AB,30,33.062744265378264,0.00195160031225605,0.00039032006245121,25.314052943373408,5.778056772391829,35.570741121941204,1.341054895657815,0.07050729834290478,false,0.00013760206546234346
SEG_34_234_235_AB,100,33.139591552489804,0.003605769230769231,0.0,25.314052943373408,5.778056772391829,35.570741121941204,1.3543547454410025,0.06834689108998593,false,0.00024644311691100697
SEG_34_234_235_AB,130,33.70478407060045,0.006602641056422569,0.0006002400960384153,25.314052943373408,5.778056772391829,35.570741121941204,1.4521718040776002,0.05245763772376881,false,0.0003463589525578973
SEG_34_234_235_AB,200,33.84447353086512,0.005538461538461538,0.0,25.314052943373408,5.778056772391829,35.570741121941204,1.476347658654199,0.0485305488901175,false,0.00026878457846834304
SEG_34_234_235_AB,230,34.4488049269616,0.001215066828675577,0.0,25.314052943373408,5.778056772391829,35.570741121941204,1.5809384267795723,0.0315409845168381,false,0.00003832440403017995
SEG_34_234_235_AB,300,35.22156165673533,0.0006002400960384153,0.0,25.314052943373408,5.778056772391829,35.570741121941204,1.7146783258864913,0.00981647989871333,false,5.892244837162863e-6
SEG_34_234_235_AB,330,35.570741121941204,0.009656004828002414,0.0024140012070006035,25.314052943373408,5.778056772391829,35.570741121941204,1.7751103152145102,0.0,false,0.0
SEG_34_234_235_AB,400,35.24759929142271,0.0023995200959808036,0.0,25.314052943373408,5.778056772391829,35.570741121941204,1.7191846219844782,0.009084484054204034,false,0.000021798402049679743
SEG_34_234_235_AB,430,34.283463353820906,0.0035566093657379964,0.0,25.314052943373408,5.778056772391829,35.570741121941204,1.5523229978120494,0.03618923102297304,false,0.00012871095799516196
SEG_34_234_235_AB,500,33.58491822188444,0.0024067388688327317,0.0,25.314052943373408,5.778056772391829,35.570741121941204,1.4314267935251366,0.05582742550258082,false,0.00013436203490392495
SEG_34_234_235_AB,530,31.797596746351346,0.0015723270440251573,0.0,25.314052943373408,5.778056772391829,35.570741121941204,1.1220976287316873,0.10607438182564205,false,0.00016678361922270763
SEG_34_234_235_AB,600,29.061114754854604,0.0017751479289940828,0.0,25.314052943373408,5.778056772391829,35.570741121941204,0.6484986145143219,0.18300508119217254,false,0.00032486109087367904
SEG_34_234_235_AB,630,26.344319249138326,0.011023622047244094,0.0,25.314052943373408,5.778056772391829,35.570741121941204,0.1783067121610228,0.25938233451964027,false,0.002859332821476349
SEG_34_234_235_AB,700,23.719473022536345,0.11366313309776208,0.0,25.314052943373408,5.778056772391829,35.570741121941204,-0.2759716603090741,0.33317461839710183,false,0.03786967099566588
SEG_34_234_235_AB,730,19.93490351915272,0.5396700706991359,0.018853102906520033,25.314052943373408,5.778056772391829,35.570741121941204,-0.9309616772757994,0.43957019476166564,false,0.237222878084261
SEG_34_234_235_AB,800,18.634527705984056,0.7200942840306424,0.0695344725987036,25.314052943373408,5.778056772391829,35.570741121941204,-1.1560158545524917,0.4761276510348089,true,0.34285679997910223
SEG_34_234_235_AB,830,19.066921712329524,0.6550632911392406,0.03639240506329114,25.314052943373408,5.778056772391829,35.570741121941204,-1.0811820439171422,0.46397176131457046,true,0.3039308689623927
SEG_34_234_235_AB,900,19.502394509698995,0.6206283343212804,0.023117960877296978,25.314052943373408,5.778056772391829,35.570741121941204,-1.005815391334183,0.4517293175634939,true,0.28035601392351994
SEG_34_234_235_AB,930,20.50400732789425,0.43273013375295044,0.014162077104642014,25.314052943373408,5.778056772391829,35.570741121941204,-0.8324676971784127,0.4235709833088998,false,0.18329192826112894
SEG_34_234_235_AB,1000,22.155717996870596,0.17508813160987075,0.00763807285546416,25.314052943373408,5.778056772391829,35.570741121941204,-0.5466085002130254,0.37713645265590995,false,0.06603211685749776
SEG_34_234_235_AB,1030,22.357703675780385,0.1426893716970053,0.002348796241926013,25.314052943373408,5.778056772391829,35.570741121941204,-0.511651128406833,0.3714580306568474,false,0.053003113006232484
SEG_34_234_235_AB,1100,22.267024296082987,0.1424278846153846,0.001201923076923077,25.314052943373408,5.778056772391829,35.570741121941204,-0.5273448786189587,0.37400729943329875,false,0.05326906848899748
SEG_34_234_235_AB,1130,22.093296627016425,0.18974661166764878,0.0058927519151443725,25.314052943373408,5.778056772391829,35.570741121941204,-0.5574116771829069,0.3788913041963989,false,0.07189334116160308
SEG_34_234_235_AB,1200,22.146892753854747,0.1717171717171717,0.0041592394533571005,25.314052943373408,5.778056772391829,35.570741121941204,-0.548135872366587,0.37738455665198906,false,0.06480340871801832
SEG_34_234_235_AB,1230,21.93099278198473,0.19589442815249267,0.002932551319648094,25.314052943373408,5.778056772391829,35.570741121941204,-0.5855013709026362,0.3834541510731422,false,0.07511653164717272
SEG_34_234_235_AB,1300,22.010355301512117,0.1672514619883041,0.004093567251461989,25.314052943373408,5.778056772391829,35.570741121941204,-0.5717662134520225,0.3812230331086522,false,0.06376010963103773
SEG_34_234_235_AB,1330,21.484449345145585,0.2673733804475854,0.002355712603062426,25.314052943373408,5.778056772391829,35.570741121941204,-0.662784003183575,0.3960078236353285,false,0.105881950489069
SEG_34_234_235_AB,1400,21.414848034483462,0.27614571092831963,0.004112808460634548,25.314052943373408,5.778056772391829,35.570741121941204,-0.674829802213222,0.3979645248022657,false,0.10989619662577255
SEG_34_234_235_AB,1430,21.055236312542203,0.3331398723157284,0.004062681369704005,25.314052943373408,5.778056772391829,35.570741121941204,-0.7370672872548233,0.40807428666267964,false,0.13594581575413703
SEG_34_234_235_AB,1500,21.124488553625383,0.3109375,0.00546875,25.314052943373408,5.778056772391829,35.570741121941204,-0.7250819011966463,0.40612739888640936,false,0.1262802380912429
SEG_34_234_235_AB,1530,20.694553181921087,0.3826771653543307,0.00826771653543307,25.314052943373408,5.778056772391829,35.570741121941204,-0.7994901994602723,0.418214169027926,false,0.16004101271462365
SEG_34_234_235_AB,1600,20.09156276949424,0.4914251921939681,0.02247191011235955,25.314052943373408,5.778056772391829,35.570741121941204,-0.9038488854648822,0.4351660343365435,false,0.2138515520601228
SEG_34_234_235_AB,1630,18.934031089914342,0.6658749010292954,0.04592240696753761,25.314052943373408,5.778056772391829,35.570741121941204,-1.104181233376503,0.46770771446661796,true,0.3114348280810972
SEG_34_234_235_AB,1700,18.373656374545085,0.7337278106508875,0.08698224852071006,25.314052943373408,5.778056772391829,35.570741121941204,-1.2011644818012652,0.48346152497757183,true,0.35472916625573314
SEG_34_234_235_AB,1730,18.46266570526397,0.6901185770750988,0.13043478260869565,25.314052943373408,5.778056772391829,35.570741121941204,-1.18575976457104,0.48095920627654315,true,0.3319188830667369
SEG_34_234_235_AB,1800,17.180649013958583,0.8047904191616766,0.27065868263473053,25.314052943373408,5.778056772391829,35.570741121941204,-1.4076365549534051,0.5170005326832791,true,0.41607707540498623
SEG_34_234_235_AB,1830,17.88412106249082,0.7011764705882353,0.3003921568627451,25.314052943373408,5.778056772391829,35.570741121941204,-1.2858876562763444,0.49722382783137165,true,0.34864164869117353
SEG_34_234_235_AB,1900,20.780181067134013,0.39730046948356806,0.08744131455399061,25.314052943373408,5.778056772391829,35.570741121941204,-0.7846707041548499,0.41580691288110067,false,0.16520028170217438
SEG_34_234_235_AB,1930,24.39062207447845,0.06841686555290374,0.0031821797931583136,25.314052943373408,5.778056772391829,35.570741121941204,-0.1598168563014487,0.3143066097255558,false,0.02150387305998234
SEG_34_234_235_AB,2000,26.436532866925972,0.005977286312014346,0.0,25.314052943373408,5.778056772391829,35.570741121941204,0.1942659907593662,0.2567899337183321,false,0.0015349069558776576
SEG_34_234_235_AB,2030,27.636249764787486,0.0017985611510791368,0.0,25.314052943373408,5.778056772391829,35.570741121941204,0.40189927390637314,0.22306230083745604,false,0.00040119118855657564
SEG_34_234_235_AB,2100,27.280527596629884,0.002379535990481856,0.0,25.314052943373408,5.778056772391829,35.570741121941204,0.34033494836058065,0.23306271569915768,false,0.0005545811200455864
SEG_34_234_235_AB,2130,25.366740214818734,0.024404761904761905,0.0,25.314052943373408,5.778056772391829,35.570741121941204,0.009118510516731312,0.2868650071737838,false,0.00700087219888401
SEG_34_234_235_AB,2200,25.626527542937723,0.017857142857142856,0.0,25.314052943373408,5.778056772391829,35.570741121941204,0.05407953086535105,0.27956160780888434,false,0.004992171568015792
SEG_34_234_235_AB,2230,26.622033105212118,0.011202830188679245,0.0,25.314052943373408,5.778056772391829,35.570741121941204,0.22637025099655972,0.25157496679790087,false,0.0028183516327595025
SEG_34_234_235_AB,2300,27.44548336704257,0.0058997050147492625,0.0,25.314052943373408,5.778056772391829,35.570741121941204,0.36888360700319933,0.22842531526245619,false,0.001347641977949594
SEG_34_234_235_AB,2330,28.93397993786505,0.008348240906380441,0.0,25.314052943373408,5.778056772391829,35.570741121941204,0.6264955740462848,0.18657922142595956,false,0.0015576082885888096
SEG_34_234_235_BA,0,38.20054918794805,0.00039872408293460925,0.0,31.241619811050445,5.928131242549081,41.59835535714085,1.1738824752984522,0.08168126215618596,false,0.00003256828634616665
SEG_34_234_235_BA,30,38.52310919733988,0.00117096018735363,0.0,31.241619811050445,5.928131242549081,41.59835535714085,1.2282942277030986,0.07392710921858774,false,0.00008656570166110976
SEG_34_234_235_BA,100,38.99708895661327,0.0018028846153846155,0.0006009615384615385,31.241619811050445,5.928131242549081,41.59835535714085,1.3082485573021816,0.06253291453939769,false,0.00011273962957824103
SEG_34_234_235_BA,130,39.739566104495424,0.0,0.0,31.241619811050445,5.928131242549081,41.59835535714085,1.433494965909507,0.044684200533575816,false,0.0
SEG_34_234_235_BA,200,40.359287592878424,0.0024615384615384616,0.0,31.241619811050445,5.928131242549081,41.59835535714085,1.5380340631438865,0.02978646039307246,false,0.0000733205178906399
SEG_34_234_235_BA,230,40.843556502414934,0.002430133657351154,0.0,31.241619811050445,5.928131242549081,41.59835535714085,1.6197240409332911,0.018144920592307726,false,0.000044094582241331044
SEG_34_234_235_BA,300,40.92046175523058,0.0012004801920768306,0.0,31.241619811050445,5.928131242549081,41.59835535714085,1.6326969745052848,0.016296163540367028,false,0.000019563221537055253
SEG_34_234_235_BA,330,41.59835535714085,0.0006035003017501509,0.0,31.241619811050445,5.928131242549081,41.59835535714085,1.7470489640571858,0.0,false,0.0
SEG_34_234_235_BA,400,41.22388717656601,0.002999400119976005,0.0,31.241619811050445,5.928131242549081,41.59835535714085,1.6838809663773935,0.009001994847148741,false,0.000027000584424561312
SEG_34_234_235_BA,430,40.267567694515975,0.0017783046828689982,0.0,31.241619811050445,5.928131242549081,41.59835535714085,1.5225620881470898,0.03199135281189507,false,0.0000568903725167073
SEG_34_234_235_BA,500,39.82660304094674,0.00040112314480545525,0.0,31.241619811050445,5.928131242549081,41.59835535714085,1.4481769850636401,0.04259188376518275,false,0.00001708459035907852
SEG_34_234_235_BA,530,38.76755384218032,0.0,0.0,31.241619811050445,5.928131242549081,41.59835535714085,1.2695289161468941,0.06805080370742574,false,0.0
SEG_34_234_235_BA,600,36.62455414394485,0.0,0.0,31.241619811050445,5.928131242549081,41.59835535714085,0.9080322470357044,0.11956725621707043,false,0.0
SEG_34_234_235_BA,630,34.9421651813454,0.0,0.0,31.241619811050445,5.928131242549081,41.59835535714085,0.6242347240449644,0.16001089751383255,false,0.0
SEG_34_234_235_BA,700,33.16199613103152,0.001177856301531213,0.0,31.241619811050445,5.928131242549081,41.59835535714085,0.323942949541603,0.20280511461761744,false,0.00023887528223512063
SEG_34_234_235_BA,730,30.498453779482393,0.002356637863315004,0.0,31.241619811050445,5.928131242549081,41.59835535714085,-0.12536261448363148,0.2668351063968934,false,0.0006288337149966066
SEG_34_234_235_BA,800,28.362673922655436,0.0035356511490866236,0.0,31.241619811050445,5.928131242549081,41.59835535714085,-0.48564138859332506,0.31817799816485665,false,0.001124966404825657
SEG_34_234_235_BA,830,27.105897823830126,0.015031645569620253,0.0,31.241619811050445,5.928131242549081,41.59835535714085,-0.697643459297296,0.34839015650706306,false,0.005236877352558701
SEG_34_234_235_BA,900,29.05426768338323,0.01066982809721399,0.0005927682276229994,31.241619811050445,5.928131242549081,41.59835535714085,-0.3689783572886383,0.3015524908631822,false,0.0032175132397968464
SEG_34_234_235_BA,930,26.969724166804216,0.022816679779701022,0.0023603461841070024,31.241619811050445,5.928131242549081,41.59835535714085,-0.7206142154183018,0.3516636911421898,false,0.008023797830939029
SEG_34_234_235_BA,1000,26.64880630796988,0.022326674500587545,0.0,31.241619811050445,5.928131242549081,41.59835535714085,-0.7747489580047937,0.35937836774608695,false,0.008023723839219333
SEG_34_234_235_BA,1030,27.297619017010355,0.007046388725778039,0.0005871990604815032,31.241619811050445,5.928131242549081,41.59835535714085,-0.6653025435287394,0.3437812917686806,false,0.0024224166184522414
SEG_34_234_235_BA,1100,27.031278237868108,0.015024038461538462,0.0006009615384615385,31.241619811050445,5.928131242549081,41.59835535714085,-0.7102308300738465,0.35018396747197683,false,0.005261177395913114
SEG_34_234_235_BA,1130,27.168058754786852,0.01473187978786093,0.0035356511490866236,31.241619811050445,5.928131242549081,41.59835535714085,-0.6871577044424496,0.34689584428190307,false,0.00511042787686952
SEG_34_234_235_BA,1200,27.149226999481897,0.0196078431372549,0.0,31.241619811050445,5.928131242549081,41.59835535714085,-0.6903343809589528,0.34734854860502534,false,0.0068107558550004966
SEG_34_234_235_BA,1230,27.199451358959294,0.011730205278592375,0.0005865102639296188,31.241619811050445,5.928131242549081,41.59835535714085,-0.6818621732053672,0.3461411845386771,false,0.004060307150013808
SEG_34_234_235_BA,1300,26.83698844423583,0.021637426900584796,0.0,31.241619811050445,5.928131242549081,41.59835535714085,-0.7430050359210058,0.3548545798547072,false,0.007678140031943957
SEG_34_234_235_BA,1330,26.351977809783975,0.019434628975265017,0.0,31.241619811050445,5.928131242549081,41.59835535714085,-0.8248201332269993,0.3665139502862499,false,0.007123062638071994
SEG_34_234_235_BA,1400,26.373586437253557,0.021151586368977675,0.0,31.241619811050445,5.928131242549081,41.59835535714085,-0.8211750338549599,0.3659944915892879,false,0.007741364099420896
SEG_34_234_235_BA,1430,26.044794411078694,0.02379570516540917,0.0,31.241619811050445,5.928131242549081,41.59835535714085,-0.8766380478677003,0.37389845854548204,false,0.008897177481349253
SEG_34_234_235_BA,1500,26.035464152582687,0.03125,0.0,31.241619811050445,5.928131242549081,41.59835535714085,-0.8782119432681663,0.37412275247287174,false,0.011691336014777242
SEG_34_234_235_BA,1530,25.807702054462904,0.044488188976377956,0.0003937007874015748,31.241619811050445,5.928131242549081,41.59835535714085,-0.9166324992243204,0.37959801937139076,false,0.01688762842085321
SEG_34_234_235_BA,1600,25.221565586419224,0.06150206978119456,0.0005913660555884093,31.241619811050445,5.928131242549081,41.59835535714085,-1.0155062326256146,0.39368839537331274,true,0.024212651164295995
SEG_34_234_235_BA,1630,24.619623437297427,0.09263657957244656,0.0,31.241619811050445,5.928131242549081,41.59835535714085,-1.1170461824839046,0.40815873065349023,true,0.03781042873037083
SEG_34_234_235_BA,1700,24.45071216130795,0.12662721893491125,0.004733727810650888,31.241619811050445,5.928131242549081,41.59835535714085,-1.1455393566527081,0.4122192583964574,true,0.052198178282154964
SEG_34_234_235_BA,1730,24.291277594435968,0.10988142292490119,0.0007905138339920949,31.241619811050445,5.928131242549081,41.59835535714085,-1.1724339310723235,0.4160519716252176,true,0.04571638265288953
SEG_34_234_235_BA,1800,22.80938248310797,0.2275449101796407,0.005988023952095809,31.241619811050445,5.928131242549081,41.59835535714085,-1.422410702958161,0.45167585864202997,true,0.10277654268501281
SEG_34_234_235_BA,1830,22.69049848888005,0.24705882352941178,0.01019607843137255,31.241619811050445,5.928131242549081,41.59835535714085,-1.442464913866083,0.45453375995104206,true,0.11229657598790452
SEG_34_234_235_BA,1900,25.010975052488266,0.10446009389671361,0.00528169014084507,31.241619811050445,5.928131242549081,41.59835535714085,-1.051030165095167,0.39875086796683096,true,0.04165355310921121
SEG_34_234_235_BA,1930,28.990095454380914,0.012728719172633254,0.0,31.241619811050445,5.928131242549081,41.59835535714085,-0.37980339242647765,0.3030951535105722,false,0.0038580130916222397
SEG_34_234_235_BA,2000,30.743016733795205,0.002988643156007173,0.0,31.241619811050445,5.928131242549081,41.59835535714085,-0.08410796874342506,0.26095595679559,false,0.0007799042342964437
SEG_34_234_235_BA,2030,31.706659363722483,0.001199040767386091,0.0,31.241619811050445,5.928131242549081,41.59835535714085,0.07844623096975717,0.23779055466240548,false,0.0002851205691395749
SEG_34_234_235_BA,2100,30.934133389822875,0.001189767995240928,0.0,31.241619811050445,5.928131242549081,41.59835535714085,-0.051869030668651464,0.2563616247748443,false,0.00030501085636507356
SEG_34_234_235_BA,2130,30.79150629176205,0.0005952380952380953,0.0,31.241619811050445,5.928131242549081,41.59835535714085,-0.07592839984002209,0.259790296337369,false,0.00015463708115319585
SEG_34_234_235_BA,2200,31.250683886789652,0.0005952380952380953,0.0,31.241619811050445,5.928131242549081,41.59835535714085,0.0015289937702711491,0.24875193698192447,false,0.00014806662915590744
SEG_34_234_235_BA,2230,32.3653431662814,0.0,0.0,31.241619811050445,5.928131242549081,41.59835535714085,0.18955777280459735,0.22195618340171946,false,0.0
SEG_34_234_235_BA,2300,33.058642901463884,0.0011799410029498525,0.0,31.241619811050445,5.928131242549081,41.59835535714085,0.3065085802034511,0.2052896654773883,false,0.00024222969377862927
SEG_34_234_235_BA,2330,34.73136171224436,0.0005963029218843172,0.0,31.241619811050445,5.928131242549081,41.59835535714085,0.588674872132779,0.16507848894361865,false,0.00009843678529732775
SEG_35_235_236_AB,0,51.88273818480859,0.0,0.0,45.7850182642498,5.932244683739495,55.315078573643035,1.027894202893024,0.06205071885172944,false,0.0
SEG_35_235_236_AB,30,52.852546748871745,0.0,0.0,45.7850182642498,5.932244683739495,55.315078573643035,1.1913750799919474,0.044518274009008756,false,0.0
SEG_35_235_236_AB,100,53.15410528599749,0.0,0.0,45.7850182642498,5.932244683739495,55.315078573643035,1.2422088795404262,0.03906662239968731,false,0.0
SEG_35_235_236_AB,130,53.57611556114993,0.0,0.0,45.7850182642498,5.932244683739495,55.315078573643035,1.3133472593023385,0.03143741376373452,false,0.0
SEG_35_235_236_AB,200,54.14452112541656,0.0,0.0,45.7850182642498,5.932244683739495,55.315078573643035,1.4091635303042154,0.021161634013916623,false,0.0
SEG_35_235_236_AB,230,54.275757522081385,0.0,0.0,45.7850182642498,5.932244683739495,55.315078573643035,1.4312860831760732,0.018789109197015118,false,0.0
SEG_35_235_236_AB,300,54.58638902088783,0.0,0.0,45.7850182642498,5.932244683739495,55.315078573643035,1.4836493141901101,0.013173434288538061,false,0.0
SEG_35_235_236_AB,330,55.084902913570595,0.0,0.0,45.7850182642498,5.932244683739495,55.315078573643035,1.5676839282796489,0.00416117387894512,false,0.0
SEG_35_235_236_AB,400,55.315078573643035,0.0,0.0,45.7850182642498,5.932244683739495,55.315078573643035,1.6064846980293122,0.0,false,0.0
SEG_35_235_236_AB,430,53.88078494475383,0.0,0.0,45.7850182642498,5.932244683739495,55.315078573643035,1.3647054550353979,0.025929523483902834,false,0.0
SEG_35_235_236_AB,500,52.81277086136688,0.0,0.0,45.7850182642498,5.932244683739495,55.315078573643035,1.1846700484861004,0.04523735257728578,false,0.0
SEG_35_235_236_AB,530,52.2067832718854,0.0,0.0,45.7850182642498,5.932244683739495,55.315078573643035,1.0825185659043866,0.05619254969726647,false,0.0
SEG_35_235_236_AB,600,50.45231686037057,0.0,0.0,45.7850182642498,5.932244683739495,55.315078573643035,0.7867677152484983,0.08791023783503236,false,0.0
SEG_35_235_236_AB,630,48.21031836656819,0.0,0.0,45.7850182642498,5.932244683739495,55.315078573643035,0.40883345708349267,0.12844165443272423,false,0.0
SEG_35_235_236_AB,700,46.475939688598025,0.0,0.0,45.7850182642498,5.932244683739495,55.315078573643035,0.11646880079678218,0.1597961914358873,false,0.0
SEG_35_235_236_AB,730,41.986234637354514,0.0,0.0,45.7850182642498,5.932244683739495,55.315078573643035,-0.6403619252772722,0.2409622164514027,false,0.0
SEG_35_235_236_AB,800,36.70151604335706,0.005303476723629935,0.0011785503830288745,45.7850182642498,5.932244683739495,55.315078573643035,-1.5312082871077384,0.33650069764440527,true,0.0017846236174423379
SEG_35_235_236_AB,830,38.66415888591144,0.006329113924050633,0.0007911392405063291,45.7850182642498,5.932244683739495,55.315078573643035,-1.2003650823535486,0.30101954326185404,true,0.0019051869826699622
SEG_35_235_236_AB,900,43.01110624330348,0.0,0.0,45.7850182642498,5.932244683739495,55.315078573643035,-0.4675990571578607,0.22243432799175755,false,0.0
SEG_35_235_236_AB,930,43.18534069657337,0.0023603461841070024,0.0015735641227380016,45.7850182642498,5.932244683739495,55.315078573643035,-0.438228310912772,0.21928447341751292,false,0.00051758727006494
SEG_35_235_236_AB,1000,43.62852041941302,0.0017626321974148062,0.0011750881316098707,45.7850182642498,5.932244683739495,55.315078573643035,-0.363521391952665,0.2112725581447247,false,0.0003723958134160835
SEG_35_235_236_AB,1030,43.78546394352331,0.0011743981209630064,0.0,45.7850182642498,5.932244683739495,55.315078573643035,-0.33706538204793574,0.20843529336706837,false,0.0002447860168726581
SEG_35_235_236_AB,1100,44.1743177131103,0.0,0.0,45.7850182642498,5.932244683739495,55.315078573643035,-0.2715162028893535,0.20140549643621358,false,0.0
SEG_35_235_236_AB,1130,44.318278043258594,0.0,0.0,45.7850182642498,5.932244683739495,55.315078573643035,-0.24724877330356845,0.19880294512723123,false,0.0
SEG_35_235_236_AB,1200,44.745577402660764,0.0,0.0,45.7850182642498,5.932244683739495,55.315078573643035,-0.17521881126012587,0.1910781190866555,false,0.0
SEG_35_235_236_AB,1230,44.323649985377735,0.0,0.0,45.7850182642498,5.932244683739495,55.315078573643035,-0.24634322364984884,0.19870582979705978,false,0.0
SEG_35_235_236_AB,1300,43.95333824644249,0.0,0.0,45.7850182642498,5.932244683739495,55.315078573643035,-0.3087667679703117,0.20540041920168717,false,0.0
SEG_35_235_236_AB,1330,43.08394489295073,0.0,0.0,45.7850182642498,5.932244683739495,55.315078573643035,-0.4553206274014304,0.22111753243572702,false,0.0
SEG_35_235_236_AB,1400,43.06856866097635,0.0,0.0,45.7850182642498,5.932244683739495,55.315078573643035,-0.45791260274872736,0.22139550785166925,false,0.0
SEG_35_235_236_AB,1430,42.55519235190102,0.0011607661056297156,0.0,45.7850182642498,5.932244683739495,55.315078573643035,-0.5444525781618302,0.23067645478898308,false,0.000267761410085877
SEG_35_235_236_AB,1500,42.36231083963743,0.000390625,0.0,45.7850182642498,5.932244683739495,55.315078573643035,-0.5769666638994407,0.2341634156184213,false,0.00009147008422594583
SEG_35_235_236_AB,1530,41.666859238417246,0.0,0.0,45.7850182642498,5.932244683739495,55.315078573643035,-0.6941991177674418,0.2467359658009959,false,0.0
SEG_35_235_236_AB,1600,41.41089722546398,0.0,0.0,45.7850182642498,5.932244683739495,55.315078573643035,-0.7373466996018307,0.2513633118981816,false,0.0
SEG_35_235_236_AB,1630,39.67687185748144,0.000791765637371338,0.0,45.7850182642498,5.932244683739495,55.315078573643035,-1.0296517983337776,0.28271146167390626,true,0.000223841220644423
SEG_35_235_236_AB,1700,38.372385215702494,0.000591715976331361,0.0,45.7850182642498,5.932244683739495,55.315078573643035,-1.2495494443891721,0.30629430156885884,true,0.0001812392316975496
SEG_35_235_236_AB,1730,36.08565633609074,0.010276679841897233,0.0023715415019762848,45.7850182642498,5.932244683739495,55.315078573643035,-1.635023915103396,0.34763436540999293,true,0.003572527075359611
SEG_35_235_236_AB,1800,33.6345235480128,0.03173652694610778,0.010179640718562874,45.7850182642498,5.932244683739495,55.315078573643035,-2.0482119946168034,0.3919465647466468,true,0.012439022713516336
SEG_35_235_236_AB,1830,32.04606819815072,0.06196078431372549,0.03137254901960784,45.7850182642498,5.932244683739495,55.315078573643035,-2.3159783182507723,0.4206630628665457,true,0.026064613307025183
SEG_35_235_236_AB,1900,39.60515237614662,0.009389671361502348,0.0017605633802816902,45.7850182642498,5.932244683739495,55.315078573643035,-1.0417415696022154,0.28400802462173497,true,0.0026667420152275585
SEG_35_235_236_AB,1930,43.747801262791356,0.0,0.0,45.7850182642498,5.932244683739495,55.315078573643035,-0.34341418974887067,0.2091161688480968,false,0.0
SEG_35_235_236_AB,2000,44.5007641974298,0.0,0.0,45.7850182642498,5.932244683739495,55.315078573643035,-0.21648703573205363,0.19550391421419985,false,0.0
SEG_35_235_236_AB,2030,45.34460896677913,0.0,0.0,45.7850182642498,5.932244683739495,55.315078573643035,-0.07423990764876089,0.1802486747549287,false,0.0
SEG_35_235_236_AB,2100,46.31225525117021,0.0,0.0,45.7850182642498,5.932244683739495,55.315078573643035,0.08887647341411647,0.1627553201517563,false,0.0
SEG_35_235_236_AB,2130,46.684624855778324,0.0,0.0,45.7850182642498,5.932244683739495,55.315078573643035,0.15164691267613753,0.15602352813030293,false,0.0
SEG_35_235_236_AB,2200,47.3634071759371,0.0,0.0,45.7850182642498,5.932244683739495,55.315078573643035,0.26606942158230956,0.1437523294325539,false,0.0
SEG_35_235_236_AB,2230,48.65755171169779,0.0,0.0,45.7850182642498,5.932244683739495,55.315078573643035,0.4842236961873326,0.12035645674952497,false,0.0
SEG_35_235_236_AB,2300,49.51199670106744,0.0,0.0,45.7850182642498,5.932244683739495,55.315078573643035,0.6282577060641862,0.10490958382802866,false,0.0
SEG_35_235_236_AB,2330,50.600864630151655,0.0,0.0,45.7850182642498,5.932244683739495,55.315078573643035,0.8118084507037059,0.08522475363051632,false,0.0
SEG_35_235_236_BA,0,45.7290022763191,0.0,0.0,39.79649309767449,4.134441513928601,46.6323765192378,1.4348997702975026,0.01937225400781412,false,0.0
SEG_35_235_236_BA,30,45.63651560022224,0.0,0.0,39.79649309767449,4.134441513928601,46.6323765192378,1.4125299590943978,0.02135556867029345,false,0.0
SEG_35_235_236_BA,100,45.20455875739867,0.0,0.0,39.79649309767449,4.134441513928601,46.6323765192378,1.3080522826371692,0.03061859309808273,false,0.0
SEG_35_235_236_BA,130,45.724554100925516,0.0,0.0,39.79649309767449,4.134441513928601,46.6323765192378,1.43382388728438,0.019467642142102087,false,0.0
SEG_35_235_236_BA,200,46.34462591015269,0.0,0.0,39.79649309767449,4.134441513928601,46.6323765192378,1.5838010503759863,0.006170618582271898,false,0.0
SEG_35_235_236_BA,230,46.47423228396536,0.0,0.0,39.79649309767449,4.134441513928601,46.6323765192378,1.6151490264873982,0.003391296928802332,false,0.0
SEG_35_235_236_BA,300,46.6323765192378,0.0,0.0,39.79649309767449,4.134441513928601,46.6323765192378,1.653399473310668,0.0,false,0.0
SEG_35_235_236_BA,330,45.74456549614001,0.0,0.0,39.79649309767449,4.134441513928601,46.6323765192378,1.438664056179521,0.019038511209728513,false,0.0
SEG_35_235_236_BA,400,45.68555665316594,0.0,0.0,39.79649309767449,4.134441513928601,46.6323765192378,1.424391549778045,0.020303916221839136,false,0.0
SEG_35_235_236_BA,430,44.61015631861111,0.0,0.0,39.79649309767449,4.134441513928601,46.6323765192378,1.1642837865089575,0.04336515424626581,false,0.0
SEG_35_235_236_BA,500,45.22738349824371,0.0,0.0,39.79649309767449,4.134441513928601,46.6323765192378,1.3135729172302923,0.030129131857872884,false,0.0
SEG_35_235_236_BA,530,43.812295343043715,0.0,0.0,39.79649309767449,4.134441513928601,46.6323765192378,0.9713046446153145,0.06047474708973251,false,0.0
SEG_35_235_236_BA,600,41.62982524314091,0.0,0.0,39.79649309767449,4.134441513928601,46.6323765192378,0.443429212697789,0.10727635281536925,false,0.0
SEG_35_235_236_BA,630,40.74510209002396,0.0,0.0,39.79649309767449,4.134441513928601,46.6323765192378,0.22944066064393048,0.12624864672691713,false,0.0
SEG_35_235_236_BA,700,39.987717798771996,0.0,0.0,39.79649309767449,4.134441513928601,46.6323765192378,0.046251640143725105,0.14249024425603973,false,0.0
SEG_35_235_236_BA,730,36.59949624972493,0.0015710919088766694,0.0,39.79649309767449,4.134441513928601,46.6323765192378,-0.7732596620799056,0.21514838012542403,false,0.0003380178792229757
SEG_35_235_236_BA,800,34.947847578759244,0.019446081319976428,0.0,39.79649309767449,4.134441513928601,46.6323765192378,-1.1727449771826621,0.2505668767633621,true,0.004872543861632851
SEG_35_235_236_BA,830,33.77050482084112,0.030854430379746837,0.0007911392405063291,39.79649309767449,4.134441513928601,46.6323765192378,-1.457509619263522,0.2758142016006974,true,0.008510090081034177
SEG_35_235_236_BA,900,36.837357631587054,0.005927682276229994,0.0005927682276229994,39.79649309767449,4.134441513928601,46.6323765192378,-0.7157279782815525,0.21004760251946186,false,0.0012450954506192167
SEG_35_235_236_BA,930,36.72239403849261,0.007867820613690008,0.0,39.79649309767449,4.134441513928601,46.6323765192378,-0.7435342957024523,0.21251291957331214,false,0.001672013529294352
SEG_35_235_236_BA,1000,36.52420793495887,0.004700352526439483,0.0005875440658049354,39.79649309767449,4.134441513928601,46.6323765192378,-0.7914696946834423,0.21676288747816416,false,0.0010188619857963062
SEG_35_235_236_BA,1030,36.96262659328932,0.002935995302407516,0.0,39.79649309767449,4.134441513928601,46.6323765192378,-0.6854290947974719,0.20736129375605175,false,0.0006088117843689129
SEG_35_235_236_BA,1100,37.01206974672585,0.0006009615384615385,0.0,39.79649309767449,4.134441513928601,46.6323765192378,-0.6734702478117406,0.20630101853254626,false,0.00012397897748350135
SEG_35_235_236_BA,1130,36.801106346190444,0.00883912787271656,0.0005892751915144372,39.79649309767449,4.134441513928601,46.6323765192378,-0.7244960997495868,0.21082498699142105,false,0.0018635090187809759
SEG_35_235_236_BA,1200,37.137822331638624,0.0023767082590612004,0.0005941770647653001,39.79649309767449,4.134441513928601,46.6323765192378,-0.6430543900739726,0.20360433879414827,false,0.000483908113592747
SEG_35_235_236_BA,1230,37.14149788676862,0.0011730205278592375,0.0005865102639296188,39.79649309767449,4.134441513928601,46.6323765192378,-0.6421653812156753,0.20352551898258497,false,0.0002387396117097771
SEG_35_235_236_BA,1300,37.4428486814051,0.0029239766081871343,0.0,39.79649309767449,4.134441513928601,46.6323765192378,-0.5692774727469602,0.1970632535539259,false,0.0005762083437249295
SEG_35_235_236_BA,1330,36.84956519946043,0.0017667844522968198,0.0,39.79649309767449,4.134441513928601,46.6323765192378,-0.7127753260715143,0.2097858194240123,false,0.0003706463240706931
SEG_35_235_236_BA,1400,36.274771746187845,0.004112808460634548,0.0,39.79649309767449,4.134441513928601,46.6323765192378,-0.8518009843946882,0.22211187904560284,false,0.0009135036153461927
SEG_35_235_236_BA,1430,35.723287576977235,0.0023215322112594312,0.0,39.79649309767449,4.134441513928601,46.6323765192378,-0.9851888113485112,0.2339380867230756,false,0.0005430948037680222
SEG_35_235_236_BA,1500,36.25092741435306,0.00546875,0.0,39.79649309767449,4.134441513928601,46.6323765192378,-0.857568228109337,0.2226232047299147,false,0.001217470650866721
SEG_35_235_236_BA,1530,36.19878552545748,0.003543307086614173,0.0,39.79649309767449,4.134441513928601,46.6323765192378,-0.8701798199579373,0.22374135252309152,false,0.0007927843199637101
SEG_35_235_236_BA,1600,35.89524544788605,0.00768775872264932,0.0,39.79649309767449,4.134441513928601,46.6323765192378,-0.9435972516833182,0.2302505656541489,false,0.001770110794502623
SEG_35_235_236_BA,1630,35.61108622948384,0.00791765637371338,0.0,39.79649309767449,4.134441513928601,46.6323765192378,-1.012327022668081,0.23634416927490756,true,0.0018712919182494658
SEG_35_235_236_BA,1700,35.57344012292268,0.007692307692307693,0.0,39.79649309767449,4.134441513928601,46.6323765192378,-1.0214325104188033,0.23715146475009366,true,0.001824242036539182
SEG_35_235_236_BA,1730,35.46391967575165,0.014229249011857707,0.0,39.79649309767449,4.134441513928601,46.6323765192378,-1.0479222906713648,0.23950005719478398,true,0.0034079059521787444
SEG_35_235_236_BA,1800,34.4802191058373,0.02874251497005988,0.004790419161676647,39.79649309767449,4.134441513928601,46.6323765192378,-1.2858505735120676,0.2605948553444886,true,0.007490151530859553
SEG_35_235_236_BA,1830,34.056441772672045,0.050980392156862744,0.01647058823529412,39.79649309767449,4.134441513928601,46.6323765192378,-1.3883498667630625,0.26968247568033893,true,0.01374851836801728
SEG_35_235_236_BA,1900,36.67383537255234,0.01232394366197183,0.0035211267605633804,39.79649309767449,4.134441513928601,46.6323765192378,-0.7552792111346043,0.21355422755640918,false,0.002631830269181099
SEG_35_235_236_BA,1930,39.37438485082169,0.0015910898965791568,0.0,39.79649309767449,4.134441513928601,46.6323765192378,-0.10209559028244862,0.15564275746105039,false,0.00024764161887199743
SEG_35_235_236_BA,2000,40.467660245428455,0.0,0.0,39.79649309767449,4.134441513928601,46.6323765192378,0.16233562513651587,0.1321982007772249,false,0.0
SEG_35_235_236_BA,2030,41.196181316716654,0.0005995203836930455,0.0,39.79649309767449,4.134441513928601,46.6323765192378,0.33854348025645653,0.11657555561806915,false,0.00006988942183337478
SEG_35_235_236_BA,2100,40.32037322176268,0.0,0.0,39.79649309767449,4.134441513928601,46.6323765192378,0.12671121899373275,0.13535667209392938,false,0.0
SEG_35_235_236_BA,2130,41.49632851745789,0.0,0.0,39.79649309767449,4.134441513928601,46.6323765192378,0.4111402747037995,0.11013910045225934,false,0.0
SEG_35_235_236_BA,2200,41.6199267052992,0.0,0.0,39.79649309767449,4.134441513928601,46.6323765192378,0.44103504705090313,0.10748862031234366,false,0.0
SEG_35_235_236_BA,2230,42.64682291197131,0.0,0.0,39.79649309767449,4.134441513928601,46.6323765192378,0.6894110860425257,0.08546752073899304,false,0.0
SEG_35_235_236_BA,2300,42.75049498076059,0.0,0.0,39.79649309767449,4.134441513928601,46.6323765192378,0.7144863152941711,0.08324434284141129,false,0.0
SEG_35_235_236_BA,2330,44.21972301887052,0.0,0.0,39.79649309767449,4.134441513928601,46.6323765192378,1.06984943584146,0.05173773417642491,false,0.0
SEG_36_236_237_AB,0,45.985657683635786,0.0,0.0,37.185592670562265,7.6625018389438715,49.223853024813046,1.148458453653884,0.06578508471380595,false,0.0
SEG_36_236_237_AB,30,46.918490401390216,0.0,0.0,37.185592670562265,7.6625018389438715,49.223853024813046,1.2701984202289527,0.04683425781928793,false,0.0
SEG_36_236_237_AB,100,47.356423199926596,0.0,0.0,37.185592670562265,7.6625018389438715,49.223853024813046,1.3273511371536824,0.03793749798385562,false,0.0
SEG_36_236_237_AB,130,48.15497831692895,0.0,0.0,37.185592670562265,7.6625018389438715,49.223853024813046,1.4315671143615152,0.021714568084406038,false,0.0
SEG_36_236_237_AB,200,48.471883796961635,0.0,0.0,37.185592670562265,7.6625018389438715,49.223853024813046,1.4729250789915591,0.015276521069416373,false,0.0
SEG_36_236_237_AB,230,48.84383714997032,0.0,0.0,37.185592670562265,7.6625018389438715,49.223853024813046,1.5214671036235496,0.007720157027349441,false,0.0
SEG_36_236_237_AB,300,48.84064818355204,0.0,0.0,37.185592670562265,7.6625018389438715,49.223853024813046,1.5210509253980422,0.007784942009066963,false,0.0
SEG_36_236_237_AB,330,49.145205044604296,0.0,0.0,37.185592670562265,7.6625018389438715,49.223853024813046,1.5607973251319225,0.001597761560215624,false,0.0
SEG_36_236_237_AB,400,49.223853024813046,0.0,0.0,37.185592670562265,7.6625018389438715,49.223853024813046,1.5710613331363354,0.0,false,0.0
SEG_36_236_237_AB,430,48.35415818153743,0.0,0.0,37.185592670562265,7.6625018389438715,49.223853024813046,1.4575612176968216,0.017668158622959004,false,0.0
SEG_36_236_237_AB,500,47.20626172424329,0.0,0.0,37.185592670562265,7.6625018389438715,49.223853024813046,1.3077542119144447,0.04098808152122338,false,0.0
SEG_36_236_237_AB,530,45.75723957613961,0.0,0.0,37.185592670562265,7.6625018389438715,49.223853024813046,1.1186485935980908,0.07042547943018529,false,0.0
SEG_36_236_237_AB,600,43.43096580893029,0.0,0.0,37.185592670562265,7.6625018389438715,49.223853024813046,0.8150566576867312,0.11768455453827731,false,0.0
SEG_36_236_237_AB,630,40.727689274889,0.0,0.0,37.185592670562265,7.6625018389438715,49.223853024813046,0.46226371996733473,0.17260257431780582,false,0.0
SEG_36_236_237_AB,700,38.018548442400906,0.0017667844522968198,0.0,37.185592670562265,7.6625018389438715,49.223853024813046,0.10870545800135796,0.22763972939630925,false,0.0004021903346224545
SEG_36_236_237_AB,730,31.11735414014977,0.11154752553024352,0.028279654359780047,37.185592670562265,7.6625018389438715,49.223853024813046,-0.7919395855243128,0.36783993474740884,false,0.0410316345122797
SEG_36_236_237_AB,800,26.458251266207707,0.291101944608132,0.0995875073659399,37.185592670562265,7.6625018389438715,49.223853024813046,-1.3999789663780513,0.46249125900667554,true,0.1346321048611065
SEG_36_236_237_AB,830,26.3867941581073,0.29825949367088606,0.1360759493670886,37.185592670562265,7.6625018389438715,49.223853024813046,-1.409304524740365,0.4639429354543601,true,0.13837538502080202
SEG_36_236_237_AB,900,30.323344911216207,0.17368109069353882,0.045050385299347954,37.185592670562265,7.6625018389438715,49.223853024813046,-0.8955622985262326,0.3839705133214452,false,0.06668841754782658
SEG_36_236_237_AB,930,30.70079790260442,0.16207710464201416,0.025177025963808025,37.185592670562265,7.6625018389438715,49.223853024813046,-0.8463025398570929,0.3763024221787639,false,0.06099000705651091
SEG_36_236_237_AB,1000,31.773485395176596,0.10164512338425381,0.017038777908343124,37.185592670562265,7.6625018389438715,49.223853024813046,-0.7063107310303267,0.3545103960236507,false,0.03603425294482466
SEG_36_236_237_AB,1030,32.467696780344255,0.06870229007633588,0.008807985907222548,37.185592670562265,7.6625018389438715,49.223853024813046,-0.6157122033223917,0.3404072459752846,false,0.023386757357080623
SEG_36_236_237_AB,1100,33.042585936842094,0.0546875,0.004807692307692308,37.185592670562265,7.6625018389438715,49.223853024813046,-0.5406859040038031,0.3287281692437649,false,0.017977321755518395
SEG_36_236_237_AB,1130,32.87875554269997,0.06423099587507367,0.007071302298173247,37.185592670562265,7.6625018389438715,49.223853024813046,-0.5620667007181964,0.33205644169857534,false,0.02132831593703283
SEG_36_236_237_AB,1200,33.49719518078723,0.035650623885918005,0.004753416518122401,37.185592670562265,7.6625018389438715,49.223853024813046,-0.48135681625929755,0.31949262151620333,false,0.01139011128400012
SEG_36_236_237_AB,1230,33.486933443682865,0.0375366568914956,0.0035190615835777126,37.185592670562265,7.6625018389438715,49.223853024813046,-0.48269603122068405,0.31970109233824956,false,0.012000510210937227
SEG_36_236_237_AB,1300,33.292107742525616,0.04678362573099415,0.005263157894736842,37.185592670562265,7.6625018389438715,49.223853024813046,-0.5081218915013391,0.3236590454277617,false,0.015141943645743236
SEG_36_236_237_AB,1330,31.53307136916498,0.11366313309776208,0.015312131919905771,37.185592670562265,7.6625018389438715,49.223853024813046,-0.7376861265688619,0.35939449207136215,false,0.04084990398690983
SEG_36_236_237_AB,1400,30.970882970679455,0.13572267920094008,0.01645123384253819,37.185592670562265,7.6625018389438715,49.223853024813046,-0.8110549048480735,0.3708155484076496,false,0.05032807971925209
SEG_36_236_237_AB,1430,30.665238433346087,0.1404526987811956,0.01567034242600116,37.185592670562265,7.6625018389438715,49.223853024813046,-0.850943252512796,0.37702482538520143,false,0.05295415423286056
SEG_36_236_237_AB,1500,30.42381303845601,0.1484375,0.03125,37.185592670562265,7.6625018389438715,49.223853024813046,-0.8824506374328304,0.3819294677497148,false,0.056692655369098295
SEG_36_236_237_AB,1530,29.720861997461025,0.19291338582677164,0.04330708661417323,37.185592670562265,7.6625018389438715,49.223853024813046,-0.9741897398526576,0.3962101670001501,false,0.07643424481498959
SEG_36_236_237_AB,1600,29.39844762283372,0.19988172678888233,0.04671791839148433,37.185592670562265,7.6625018389438715,49.223853024813046,-1.0162666465084793,0.4027601291590404,true,0.08050439009802228
SEG_36_236_237_AB,1630,28.52763416725059,0.2367379255740301,0.047505938242280284,37.185592670562265,7.6625018389438715,49.223853024813046,-1.1299127472059451,0.420451012787028,true,0.09953670057270102
SEG_36_236_237_AB,1700,28.199145298079294,0.2467455621301775,0.06982248520710059,37.185592670562265,7.6625018389438715,49.223853024813046,-1.1727824098925868,0.4271243804530193,true,0.10539104535438405
SEG_36_236_237_AB,1730,27.674640355780536,0.2719367588932806,0.10988142292490119,37.185592670562265,7.6625018389438715,49.223853024813046,-1.2412332831612907,0.43777988403650275,true,0.1190484427735628
SEG_36_236_237_AB,1800,27.550883847418604,0.2844311377245509,0.11077844311377245,37.185592670562265,7.6625018389438715,49.223853024813046,-1.2573842102296475,0.4402940413150796,true,0.1252333351045885
SEG_36_236_237_AB,1830,28.675113473360405,0.2564705882352941,0.08470588235294117,37.185592670562265,7.6625018389438715,49.223853024813046,-1.110665860326223,0.4174549184740641,true,0.10706490850275996
SEG_36_236_237_AB,1900,31.91454031667738,0.1437793427230047,0.03051643192488263,37.185592670562265,7.6625018389438715,49.223853024813046,-0.6879022628216948,0.3516448153583241,false,0.050559260424172185
SEG_36_236_237_AB,1930,36.15227372737109,0.021479713603818614,0.0015910898965791568,37.185592670562265,7.6625018389438715,49.223853024813046,-0.1348539895859391,0.2655537609145054,false,0.005704018730860497
SEG_36_236_237_AB,2000,37.5814633470923,0.001195457262402869,0.0,37.185592670562265,7.6625018389438715,49.223853024813046,0.05166337116137004,0.23651926784057273,false,0.000282748676438222
SEG_36_236_237_AB,2030,37.977188030279756,0.0005995203836930455,0.0,37.185592670562265,7.6625018389438715,49.223853024813046,0.1033076893625381,0.22847998081060428,false,0.00013697840576175317
SEG_36_236_237_AB,2100,37.98747583376548,0.001189767995240928,0.000594883997620464,37.185592670562265,7.6625018389438715,49.223853024813046,0.1046503061347048,0.22827098044079297,false,0.00027158950677072334
SEG_36_236_237_AB,2130,38.718514465253776,0.0017857142857142857,0.0005952380952380953,37.185592670562265,7.6625018389438715,49.223853024813046,0.20005499860379736,0.2134196718461612,false,0.000381106556868145
SEG_36_236_237_AB,2200,39.81766422436383,0.0011904761904761906,0.0,37.185592670562265,7.6625018389438715,49.223853024813046,0.3435002834745612,0.1910900553783892,false,0.00022748816116474906
SEG_36_236_237_AB,2230,41.838028136993785,0.0,0.0,37.185592670562265,7.6625018389438715,49.223853024813046,0.6071692463140431,0.15004564726162684,false,0.0
SEG_36_236_237_AB,2300,43.02726046141036,0.0,0.0,37.185592670562265,7.6625018389438715,49.223853024813046,0.7623708174735334,0.12588597158940554,false,0.0
SEG_36_236_237_AB,2330,44.693164859682724,0.0005963029218843172,0.0,37.185592670562265,7.6625018389438715,49.223853024813046,0.9797808009603342,0.09204253398949623,false,0.000054885231955573185
SEG_36_236_237_BA,0,47.755788102619455,0.0,0.0,40.09922191188185,5.537981290394259,48.18021064467773,1.3825554456130207,0.008809063646241197,false,0.0
SEG_36_236_237_BA,30,47.8691169185919,0.00039032006245121,0.0,40.09922191188185,5.537981290394259,48.18021064467773,1.4030193673978444,0.006456877666644128,false,2.520248894084359e-6
SEG_36_236_237_BA,100,48.141223643922324,0.0,0.0,40.09922191188185,5.537981290394259,48.18021064467773,1.4521540088966156,0.0008091911644581386,false,0.0
SEG_36_236_237_BA,130,48.18021064467773,0.0,0.0,40.09922191188185,5.537981290394259,48.18021064467773,1.4591939389200392,0.0,false,0.0
SEG_36_236_237_BA,200,48.143733309274054,0.0006153846153846154,0.0,40.09922191188185,5.537981290394259,48.18021064467773,1.4526071822137743,0.0007571020324649362,false,4.6590894305534534e-7
SEG_36_236_237_BA,230,48.14593166345577,0.0018226002430133657,0.0,40.09922191188185,5.537981290394259,48.18021064467773,1.4530041416952966,0.0007114742912761825,false,1.2967332161777323e-6
SEG_36_236_237_BA,300,48.101998201652926,0.0,0.0,40.09922191188185,5.537981290394259,48.18021064467773,1.4450710231997452,0.0016233312801724549,false,0.0
SEG_36_236_237_BA,330,47.761171424359475,0.0012070006035003018,0.0,40.09922191188185,5.537981290394259,48.18021064467773,1.3835275185503846,0.008697330599249748,false,0.000010497683282136088
SEG_36_236_237_BA,400,48.17979842521045,0.0005998800239952009,0.0,40.09922191188185,5.537981290394259,48.18021064467773,1.4591195039507492,8.555783832472926e-6,false,5.132443810721611e-9
SEG_36_236_237_BA,430,47.28227317326562,0.0,0.0,40.09922191188185,5.537981290394259,48.18021064467773,1.297052280375689,0.018637059892375085,false,0.0
SEG_36_236_237_BA,500,46.41434003124697,0.0012033694344163659,0.0,40.09922191188185,5.537981290394259,48.18021064467773,1.1403285399896212,0.03665136764249131,false,0.00004410513555053106
SEG_36_236_237_BA,530,47.90029835975127,0.0,0.0,40.09922191188185,5.537981290394259,48.18021064467773,1.408649838055709,0.005809694087698667,false,0.0
SEG_36_236_237_BA,600,45.2580477035146,0.0,0.0,40.09922191188185,5.537981290394259,48.18021064467773,0.9315354316167226,0.060650688364849006,false,0.0
SEG_36_236_237_BA,630,41.81028720362894,0.0,0.0,40.09922191188185,5.537981290394259,48.18021064467773,0.30896913550700644,0.13221036927434957,false,0.0
SEG_36_236_237_BA,700,40.07101564664228,0.0,0.0,40.09922191188185,5.537981290394259,48.18021064467773,-0.0050932395326962155,0.16830966260898317,false,0.0
SEG_36_236_237_BA,730,38.232837367641444,0.0,0.0,40.09922191188185,5.537981290394259,48.18021064467773,-0.33701532135503703,0.20646180545777937,false,0.0
SEG_36_236_237_BA,800,36.45941817557975,0.015321154979375369,0.0011785503830288745,40.09922191188185,5.537981290394259,48.18021064467773,-0.6572437762863902,0.24326984694062825,false,0.0037271750267862903
SEG_36_236_237_BA,830,35.550370024859106,0.028481012658227847,0.0007911392405063291,40.09922191188185,5.537981290394259,48.18021064467773,-0.8213917036723866,0.2621375135314771,false,0.007465941841086372
SEG_36_236_237_BA,900,37.03320860916506,0.0035566093657379964,0.0017783046828689982,40.09922191188185,5.537981290394259,48.18021064467773,-0.5536337416009065,0.23136059154494448,false,0.0008228592467514327
SEG_36_236_237_BA,930,36.219504295437424,0.0055074744295830055,0.0023603461841070024,40.09922191188185,5.537981290394259,48.18021064467773,-0.7005653166748456,0.24824935775911877,false,0.0013672269900187502
SEG_36_236_237_BA,1000,36.599907752679734,0.005875440658049354,0.004700352526439483,40.09922191188185,5.537981290394259,48.18021064467773,-0.6318754029147311,0.24035392824247073,false,0.0014121852423176894
SEG_36_236_237_BA,1030,36.367883055967155,0.004110393423370522,0.002935995302407516,40.09922191188185,5.537981290394259,48.18021064467773,-0.6737723838805263,0.24516969582853895,false,0.001007743905343378
SEG_36_236_237_BA,1100,36.26386529646762,0.006009615384615385,0.001201923076923077,40.09922191188185,5.537981290394259,48.18021064467773,-0.6925549969023426,0.2473286270184968,false,0.0014863499219861587
SEG_36_236_237_BA,1130,35.83949677737452,0.0058927519151443725,0.0041249263406010605,40.09922191188185,5.537981290394259,48.18021064467773,-0.7691837352170018,0.25613656939597534,false,0.0015093492598466432
SEG_36_236_237_BA,1200,36.27995944181339,0.0041592394533571005,0.0041592394533571005,40.09922191188185,5.537981290394259,48.18021064467773,-0.6896488575526695,0.2469945864418696,false,0.0010273096286946449
SEG_36_236_237_BA,1230,36.30404941913045,0.008211143695014663,0.0035190615835777126,40.09922191188185,5.537981290394259,48.18021064467773,-0.6852989011238086,0.24649458909867156,false,0.002024002491132787
SEG_36_236_237_BA,1300,36.205031914479335,0.005847953216374269,0.0029239766081871343,40.09922191188185,5.537981290394259,48.18021064467773,-0.7031786120615945,0.2485497379518253,false,0.0014535072394843585
SEG_36_236_237_BA,1330,35.83751937513202,0.00530035335689046,0.0017667844522968198,40.09922191188185,5.537981290394259,48.18021064467773,-0.769540797138813,0.25617761118919385,false,0.0013578318614268226
SEG_36_236_237_BA,1400,35.558399539435584,0.004112808460634548,0.0017626321974148062,40.09922191188185,5.537981290394259,48.18021064467773,-0.8199418044843186,0.26197085766864375,false,0.001077435959859287
SEG_36_236_237_BA,1430,35.25551476905327,0.013348810214741729,0.004062681369704005,40.09922191188185,5.537981290394259,48.18021064467773,-0.8746340749164476,0.2682573550983882,false,0.0035809165219169636
SEG_36_236_237_BA,1500,34.97106458327134,0.019140625,0.002734375,40.09922191188185,5.537981290394259,48.18021064467773,-0.925997590043397,0.2741612351764499,false,0.005247617392049237
SEG_36_236_237_BA,1530,34.86406823674967,0.012598425196850394,0.002362204724409449,40.09922191188185,5.537981290394259,48.18021064467773,-0.9453180501372697,0.27638198815967696,false,0.0034819778035864815
SEG_36_236_237_BA,1600,34.321100063480884,0.013010053222945003,0.002365464222353637,40.09922191188185,5.537981290394259,48.18021064467773,-1.0433624718854204,0.2876515149218802,true,0.00374236151879442
SEG_36_236_237_BA,1630,33.643688866777396,0.03167062549485352,0.001583531274742676,40.09922191188185,5.537981290394259,48.18021064467773,-1.1656834334745236,0.30171146168507096,true,0.009555390710532729
SEG_36_236_237_BA,1700,33.68905168914222,0.03076923076923077,0.005917159763313609,40.09922191188185,5.537981290394259,48.18021064467773,-1.1574922136082693,0.30076993773243893,true,0.009254459622536583
SEG_36_236_237_BA,1730,33.34511367831322,0.02924901185770751,0.010276679841897233,40.09922191188185,5.537981290394259,48.18021064467773,-1.2195975174715319,0.30790851197748514,true,0.009006019717918538
SEG_36_236_237_BA,1800,32.699790015978145,0.041916167664670656,0.006586826347305389,40.09922191188185,5.537981290394259,48.18021064467773,-1.3361243940527874,0.32130246882616403,true,0.013467768154390108
SEG_36_236_237_BA,1830,33.131682982242346,0.04549019607843137,0.008627450980392156,40.09922191188185,5.537981290394259,48.18021064467773,-1.2581369571841712,0.31233835346665784,true,0.01420833294201267
SEG_36_236_237_BA,1900,34.5968631544727,0.02699530516431925,0.0,40.09922191188185,5.537981290394259,48.18021064467773,-0.9935675960034572,0.28192793905324126,false,0.007610730749089846
SEG_36_236_237_BA,1930,36.65105446213421,0.00477326968973747,0.0,40.09922191188185,5.537981290394259,48.18021064467773,-0.6226397795399837,0.23929235734499835,false,0.001142206956300708
SEG_36_236_237_BA,2000,38.26969297579219,0.0005977286312014345,0.0,40.09922191188185,5.537981290394259,48.18021064467773,-0.3303602594799325,0.20569685221955986,false,0.00012295089791964126
SEG_36_236_237_BA,2030,39.55294616054299,0.0,0.0,40.09922191188185,5.537981290394259,48.18021064467773,-0.09864167513284802,0.17906240692386347,false,0.0
SEG_36_236_237_BA,2100,39.85789223843879,0.0,0.0,40.09922191188185,5.537981290394259,48.18021064467773,-0.043577191902336845,0.17273312621264503,false,0.0
SEG_36_236_237_BA,2130,41.332900341180114,0.0,0.0,40.09922191188185,5.537981290394259,48.18021064467773,0.2227668106134822,0.14211872907728787,false,0.0
SEG_36_236_237_BA,2200,42.284299088643856,0.0,0.0,40.09922191188185,5.537981290394259,48.18021064467773,0.3945620366309413,0.12237205850998434,false,0.0
SEG_36_236_237_BA,2230,43.71837575720359,0.0005896226415094339,0.0,40.09922191188185,5.537981290394259,48.18021064467773,0.6535150004206833,0.09260721005102165,false,0.00005460330781310239
SEG_36_236_237_BA,2300,45.349827508330456,0.0,0.0,40.09922191188185,5.537981290394259,48.18021064467773,0.9481082223148515,0.05874576093535476,false,0.0
SEG_36_236_237_BA,2330,47.46103970160477,0.0,0.0,40.09922191188185,5.537981290394259,48.18021064467773,1.3293323692682282,0.014926687398208877,false,0.0
SEG_37_237_238_AB,0,33.88919420670478,0.03907496012759171,0.00039872408293460925,25.9724362251402,7.204804629194945,38.354123026646356,1.098816468871993,0.11641326844677395,false,0.0045488438228803215
SEG_37_237_238_AB,30,35.504683393570645,0.02888368462138954,0.00117096018735363,25.9724362251402,7.204804629194945,38.354123026646356,1.3230403403035182,0.07429291581236458,false,0.0021458531499277825
SEG_37_237_238_AB,100,36.41191622724722,0.025240384615384616,0.0006009615384615385,25.9724362251402,7.204804629194945,38.354123026646356,1.4489608725550565,0.0506388008937083,false,0.0012781428110190797
SEG_37_237_238_AB,130,37.66860175478139,0.02040816326530612,0.0,25.9724362251402,7.204804629194945,38.354123026646356,1.6233841348378248,0.017873470119202074,false,0.0003647646963102464
SEG_37_237_238_AB,200,37.59981876994014,0.02276923076923077,0.0006153846153846154,25.9724362251402,7.204804629194945,38.354123026646356,1.6138373131846007,0.019666836240321894,false,0.00044779873285656006
SEG_37_237_238_AB,230,38.04078270942937,0.019441069258809233,0.002430133657351154,25.9724362251402,7.204804629194945,38.354123026646356,1.6750414626631829,0.008169664497329055,false,0.00015882701331380907
SEG_37_237_238_AB,300,38.21286887140862,0.03181272509003601,0.0024009603841536613,25.9724362251402,7.204804629194945,38.354123026646356,1.698926379858845,0.0036828936263150485,false,0.00011716288246980646
SEG_37_237_238_AB,330,38.25277636511374,0.032589016294508145,0.0006035003017501509,25.9724362251402,7.204804629194945,38.354123026646356,1.704465391082468,0.002642392878132202,false,0.0000861129845619426
SEG_37_237_238_AB,400,38.354123026646356,0.02399520095980804,0.0005998800239952009,25.9724362251402,7.204804629194945,38.354123026646356,1.718531929559021,0.0,false,0.0
SEG_37_237_238_AB,430,36.528467647553406,0.03082394783639597,0.002963841138114997,25.9724362251402,7.204804629194945,38.354123026646356,1.4651377748174583,0.04759997713478116,false,0.0014672192122161354
SEG_37_237_238_AB,500,35.21468159354751,0.029281989570798236,0.0024067388688327317,25.9724362251402,7.204804629194945,38.354123026646356,1.2827891725136238,0.081854079440631,false,0.002396850300507847
SEG_37_237_238_AB,530,33.86716557263545,0.027515723270440252,0.00039308176100628933,25.9724362251402,7.204804629194945,38.354123026646356,1.0957589766563034,0.11698761697389383,false,0.0032189988947219214
SEG_37_237_238_AB,600,29.963154247856984,0.03905325443786982,0.0035502958579881655,25.9724362251402,7.204804629194945,38.354123026646356,0.5538967714052645,0.2187761866686349,false,0.008543922082917103
SEG_37_237_238_AB,630,26.667719411746504,0.08425196850393701,0.004724409448818898,25.9724362251402,7.204804629194945,38.354123026646356,0.09650271206368487,0.30469745343364457,false,0.025671360249921237
SEG_37_237_238_AB,700,25.150691014407307,0.09363957597173145,0.00530035335689046,25.9724362251402,7.204804629194945,38.354123026646356,-0.11405516915796134,0.34425065600029553,false,0.03223548545585806
SEG_37_237_238_AB,730,22.010097813454195,0.23487824037706206,0.022780832678711706,25.9724362251402,7.204804629194945,38.354123026646356,-0.5499577872840601,0.42613476527249033,false,0.1000897838306949
SEG_37_237_238_AB,800,18.546802996106955,0.629345904537419,0.22981732469063051,25.9724362251402,7.204804629194945,38.354123026646356,-1.0306501857029502,0.5164326144748077,true,0.32501475088927206
SEG_37_237_238_AB,830,18.835309595723302,0.5878164556962026,0.2602848101265823,25.9724362251402,7.204804629194945,38.354123026646356,-0.9906065461506331,0.5089104349319223,false,0.2991459281284955
SEG_37_237_238_AB,900,21.80604239102892,0.26556016597510373,0.04919976289270895,25.9724362251402,7.204804629194945,38.354123026646356,-0.5782799185460809,0.4314550647950086,false,0.11457727861776162
SEG_37_237_238_AB,930,20.423522874259955,0.40597954366640443,0.03776553894571204,25.9724362251402,7.204804629194945,38.354123026646356,-0.770168469023465,0.4675012420419363,false,0.1897959409076626
SEG_37_237_238_AB,1000,19.678702537204803,0.4712103407755582,0.07109283196239718,25.9724362251402,7.204804629194945,38.354123026646356,-0.8735467527366735,0.4869208057883865,false,0.22944211882625498
SEG_37_237_238_AB,1030,20.266227168816368,0.3805049911920141,0.046975924838520255,25.9724362251402,7.204804629194945,38.354123026646356,-0.792000526038058,0.4716023840582537,false,0.1794470609922187
SEG_37_237_238_AB,1100,20.2781519677364,0.3858173076923077,0.04026442307692308,25.9724362251402,7.204804629194945,38.354123026646356,-0.7903454084417099,0.4712914709678476,false,0.18183240646716237
SEG_37_237_238_AB,1130,20.337324520988787,0.3959929286977018,0.043606364172068354,25.9724362251402,7.204804629194945,38.354123026646356,-0.7821324788346236,0.46974867586310026,false,0.1860171539068965
SEG_37_237_238_AB,1200,21.07163303150282,0.2650029708853238,0.023172905525846704,25.9724362251402,7.204804629194945,38.354123026646356,-0.6802131974236459,0.45060318503793195,false,0.11941118272544127
SEG_37_237_238_AB,1230,21.098025515950802,0.26099706744868034,0.02463343108504399,25.9724362251402,7.204804629194945,38.354123026646356,-0.6765500190577767,0.44991505864198633,false,0.11742651090655948
SEG_37_237_238_AB,1300,20.931250005396908,0.29239766081871343,0.03684210526315789,25.9724362251402,7.204804629194945,38.354123026646356,-0.6996978376506772,0.45426336587451066,false,0.1328255455773423
SEG_37_237_238_AB,1330,20.094180890303708,0.4193168433451119,0.03356890459363958,25.9724362251402,7.204804629194945,38.354123026646356,-0.8158799075573712,0.4760881150549743,false,0.19963176555897624
SEG_37_237_238_AB,1400,19.878278768014887,0.44300822561692127,0.05875440658049354,25.9724362251402,7.204804629194945,38.354123026646356,-0.8458463165581029,0.4817172914055539,false,0.21340472251456383
SEG_37_237_238_AB,1430,19.528394689942694,0.4712710388856645,0.07544979686593152,25.9724362251402,7.204804629194945,38.354123026646356,-0.8944089211087399,0.4908397546627405,false,0.2313185611062944
SEG_37_237_238_AB,1500,19.387058154098273,0.51796875,0.079296875,25.9724362251402,7.204804629194945,38.354123026646356,-0.9140259049297451,0.49452479618347156,false,0.2561483905231575
SEG_37_237_238_AB,1530,18.867295121800996,0.5708661417322834,0.12165354330708661,25.9724362251402,7.204804629194945,38.354123026646356,-0.9861670744752897,0.5080764821895933,false,0.29004366109248436
SEG_37_237_238_AB,1600,18.457724578546536,0.6339444115907746,0.14488468361916026,25.9724362251402,7.204804629194945,38.354123026646356,-1.0430139376913745,0.5187551396828155,true,0.32886192178591256
SEG_37_237_238_AB,1630,17.035620229340676,0.7490102929532858,0.27790973871733965,25.9724362251402,7.204804629194945,38.354123026646356,-1.240396715212264,0.5558334049899862,true,0.41632494150477195
SEG_37_237_238_AB,1700,16.54937435364202,0.7420118343195267,0.3727810650887574,25.9724362251402,7.204804629194945,38.354123026646356,-1.3078858284809731,0.5685112043327281,true,0.42184204155813076
SEG_37_237_238_AB,1730,18.994466207143628,0.5454545454545454,0.1549407114624506,25.9724362251402,7.204804629194945,38.354123026646356,-0.9685162023298723,0.504760773856117,false,0.2753240584669729
SEG_37_237_238_AB,1800,18.92692524165228,0.577245508982036,0.15089820359281436,25.9724362251402,7.204804629194945,38.354123026646356,-0.9778906363315467,0.5065217570350159,false,0.2923874094501529
SEG_37_237_238_AB,1830,20.046156244417574,0.46980392156862744,0.08078431372549019,25.9724362251402,7.204804629194945,38.354123026646356,-0.8225455492170396,0.4773402528200007,false,0.2242563226973964
SEG_37_237_238_AB,1900,22.32340079745194,0.22300469483568075,0.01936619718309859,25.9724362251402,7.204804629194945,38.354123026646356,-0.506472502099755,0.41796607415732445,false,0.09320839681912164
SEG_37_237_238_AB,1930,24.89713003985661,0.08512330946698489,0.003977724741447892,25.9724362251402,7.204804629194945,38.354123026646356,-0.1492484863401138,0.3508617046840195,false,0.029866509467931655
SEG_37_237_238_AB,2000,26.996905219457783,0.04722056186491333,0.002988643156007173,25.9724362251402,7.204804629194945,38.354123026646356,0.1421924739175136,0.2961146523751357,false,0.0139827002615874
SEG_37_237_238_AB,2030,27.75530258255827,0.04196642685851319,0.0005995203836930455,25.9724362251402,7.204804629194945,38.354123026646356,0.24745519818728018,0.2763410973241287,false,0.011597048448854322
SEG_37_237_238_AB,2100,26.645609165817458,0.08447352766210589,0.004759071980963712,25.9724362251402,7.204804629194945,38.354123026646356,0.09343389242637623,0.3052739298117822,false,0.025787565754475356
SEG_37_237_238_AB,2130,25.76718427051153,0.10535714285714286,0.01130952380952381,25.9724362251402,7.204804629194945,38.354123026646356,-0.028488205467356684,0.3281769406483393,false,0.03457578481830718
SEG_37_237_238_AB,2200,26.914978807557574,0.08630952380952381,0.005357142857142857,25.9724362251402,7.204804629194945,38.354123026646356,0.13082139362919723,0.29825070465413817,false,0.02574187629455359
SEG_37_237_238_AB,2230,28.58150989613538,0.0695754716981132,0.004127358490566038,25.9724362251402,7.204804629194945,38.354123026646356,0.36212969057104244,0.25479954589814235,false,0.0177277985943283
SEG_37_237_238_AB,2300,30.093176436316043,0.04837758112094395,0.002359882005899705,25.9724362251402,7.204804629194945,38.354123026646356,0.5719433660252198,0.21538614204765044,false,0.010419860559237366
SEG_37_237_238_AB,2330,32.326531881404094,0.04830053667262969,0.0017889087656529517,25.9724362251402,7.204804629194945,38.354123026646356,0.8819247687183839,0.15715627602942767,false,0.007590732473693286
SEG_37_237_238_BA,0,41.71090325465522,0.0,0.0,34.00493483564603,7.292853986759829,47.20810925866061,1.056646469681056,0.11644622270053945,false,0.0
SEG_37_237_238_BA,30,44.73254398880039,0.00078064012490242,0.0,34.00493483564603,7.292853986759829,47.20810925866061,1.4709754470102268,0.052439407312337316,false,0.000040936305474111876
SEG_37_237_238_BA,100,45.478476589871775,0.0,0.0,34.00493483564603,7.292853986759829,47.20810925866061,1.5732581202168519,0.036638465211811605,false,0.0
SEG_37_237_238_BA,130,46.11784119096821,0.0,0.0,34.00493483564603,7.292853986759829,47.20810925866061,1.6609281328425258,0.0230949318838138,false,0.0
SEG_37_237_238_BA,200,46.37685054043689,0.0,0.0,34.00493483564603,7.292853986759829,47.20810925866061,1.6964436319789291,0.0176083882891629,false,0.0
SEG_37_237_238_BA,230,46.46319020401224,0.0006075334143377885,0.0,34.00493483564603,7.292853986759829,47.20810925866061,1.7082825723625021,0.01577947234799942,false,9.586556712028808e-6
SEG_37_237_238_BA,300,47.20810925866061,0.0,0.0,34.00493483564603,7.292853986759829,47.20810925866061,1.8104262675469622,0.0,false,0.0
SEG_37_237_238_BA,330,46.414311750535646,0.0006035003017501509,0.0,34.00493483564603,7.292853986759829,47.20810925866061,1.7015803329421961,0.016814854917735145,false,0.000010147770016738168
SEG_37_237_238_BA,400,45.91268073865849,0.0011997600479904018,0.0,34.00493483564603,7.292853986759829,47.20810925866061,1.6327964229958474,0.02744080498764038,false,0.00003292238150886668
SEG_37_237_238_BA,430,43.734161509447596,0.0,0.0,34.00493483564603,7.292853986759829,47.20810925866061,1.3340767128294309,0.07358794503246709,false,0.0
SEG_37_237_238_BA,500,42.628126554566975,0.00040112314480545525,0.0,34.00493483564603,7.292853986759829,47.20810925866061,1.1824166142056787,0.09701686375531789,false,0.0000389157094886955
SEG_37_237_238_BA,530,42.6497832568496,0.00039308176100628933,0.0,34.00493483564603,7.292853986759829,47.20810925866061,1.1853861926892113,0.09655811413321448,false,0.000037955233542930225
SEG_37_237_238_BA,600,37.874025385709885,0.000591715976331361,0.0,34.00493483564603,7.292853986759829,47.20810925866061,0.5305317447858113,0.19772204435911261,false,0.00011699529252018498
SEG_37_237_238_BA,630,34.38844748247144,0.0,0.0,34.00493483564603,7.292853986759829,47.20810925866061,0.052587457190514955,0.2715563486338383,false,0.0
SEG_37_237_238_BA,700,32.46730171411981,0.0017667844522968198,0.0,34.00493483564603,7.292853986759829,47.20810925866061,-0.2108410677517734,0.31225159778743966,false,0.0005516812681756884
SEG_37_237_238_BA,730,30.38855258308458,0.006284367635506678,0.0,34.00493483564603,7.292853986759829,47.20810925866061,-0.4958802492312328,0.35628532766307275,false,0.002239027982171706
SEG_37_237_238_BA,800,27.978642234966433,0.03771361225692398,0.004714201532115498,34.00493483564603,7.292853986759829,47.20810925866061,-0.82632843213649,0.40733397981124225,false,0.015362035773670893
SEG_37_237_238_BA,830,27.052358193501334,0.060126582278481014,0.011075949367088608,34.00493483564603,7.292853986759829,47.20810925866061,-0.9533409903402833,0.42695527064476924,false,0.025671361209653847
SEG_37_237_238_BA,900,29.183277919306164,0.013633669235328987,0.002963841138114997,34.00493483564603,7.292853986759829,47.20810925866061,-0.6611481492833372,0.3818164214244121,false,0.005205558798317415
SEG_37_237_238_BA,930,29.12135627237378,0.021243115656963022,0.00865460267505901,34.00493483564603,7.292853986759829,47.20810925866061,-0.6696388782962589,0.3831280953699434,false,0.008138834441375666
SEG_37_237_238_BA,1000,29.193773890362337,0.01527614571092832,0.00881316098707403,34.00493483564603,7.292853986759829,47.20810925866061,-0.6597089361748302,0.3815940873546728,false,0.005829286880858692
SEG_37_237_238_BA,1030,29.591400360116978,0.012331180270111567,0.004110393423370522,34.00493483564603,7.292853986759829,47.20810925866061,-0.6051861841114361,0.37317124483886727,false,0.004601641891730013
SEG_37_237_238_BA,1100,29.433666582388664,0.01141826923076923,0.0030048076923076925,34.00493483564603,7.292853986759829,47.20810925866061,-0.6268147232285882,0.3765124881168826,false,0.004299120958065366
SEG_37_237_238_BA,1130,28.734643914510794,0.022392457277548614,0.0076605774896876845,34.00493483564603,7.292853986759829,47.20810925866061,-0.7226650815583923,0.39131974642176015,false,0.00876261070361042
SEG_37_237_238_BA,1200,29.516292202429575,0.015448603683897801,0.008912655971479501,34.00493483564603,7.292853986759829,47.20810925866061,-0.6154850544609264,0.3747622460220723,false,0.0057895534144824
SEG_37_237_238_BA,1230,29.63785395096191,0.0187683284457478,0.007624633431085044,34.00493483564603,7.292853986759829,47.20810925866061,-0.5988164431390719,0.3721872276525316,false,0.006985332131895021
SEG_37_237_238_BA,1300,29.554542107975095,0.009941520467836258,0.004678362573099415,34.00493483564603,7.292853986759829,47.20810925866061,-0.6102402071604096,0.37395200587167904,false,0.003717651520361722
SEG_37_237_238_BA,1330,29.031040357983517,0.019434628975265017,0.011778563015312132,34.00493483564603,7.292853986759829,47.20810925866061,-0.6820230442968716,0.3850412394421919,false,0.007483133628735177
SEG_37_237_238_BA,1400,29.02740871261586,0.019388954171562868,0.009400705052878966,34.00493483564603,7.292853986759829,47.20810925866061,-0.6825210174325262,0.38511816786454744,false,0.007467038507361966
SEG_37_237_238_BA,1430,28.54815947572705,0.024956471271038887,0.014509576320371444,34.00493483564603,7.292853986759829,47.20810925866061,-0.7482359265420305,0.3952700092412678,false,0.009864544629932975
SEG_37_237_238_BA,1500,28.22099506254795,0.02421875,0.013671875,34.00493483564603,7.292853986759829,47.20810925866061,-0.7930968841003565,0.4022002680107203,false,0.009740787740884632
SEG_37_237_238_BA,1530,27.931969388844415,0.02204724409448819,0.013385826771653543,34.00493483564603,7.292853986759829,47.20810925866061,-0.8327282375085366,0.40832264143855485,false,0.009002388945101997
SEG_37_237_238_BA,1600,27.452987926942647,0.021289178001182733,0.011235955056179775,34.00493483564603,7.292853986759829,47.20810925866061,-0.8984064291700395,0.4184688105909213,false,0.008908856996613345
SEG_37_237_238_BA,1630,26.378886198137728,0.03246239113222486,0.014251781472684086,34.00493483564603,7.292853986759829,47.20810925866061,-1.0456878269266585,0.441221294129708,true,0.014323098225905011
SEG_37_237_238_BA,1700,25.67146498576409,0.05502958579881657,0.010059171597633136,34.00493483564603,7.292853986759829,47.20810925866061,-1.1426897981244861,0.45620645713417335,true,0.025104852374839125
SEG_37_237_238_BA,1730,25.279447421929756,0.06324110671936758,0.009486166007905139,34.00493483564603,7.292853986759829,47.20810925866061,-1.1964434540383493,0.4645104873101418,true,0.02937615730024612
SEG_37_237_238_BA,1800,24.61486250932362,0.10359281437125749,0.012574850299401197,34.00493483564603,7.292853986759829,47.20810925866061,-1.2875716891315914,0.4785882574865488,true,0.049578304518067634
SEG_37_237_238_BA,1830,24.128743874154246,0.12,0.0203921568627451,34.00493483564603,7.292853986759829,47.20810925866061,-1.3542285337704558,0.4888856119623626,true,0.05866627343548351
SEG_37_237_238_BA,1900,27.130919457866813,0.03931924882629108,0.007629107981220657,34.00493483564603,7.292853986759829,47.20810925866061,-0.9425686281747844,0.4252911229888013,false,0.01672212748840944
SEG_37_237_238_BA,1930,30.433502103446795,0.007159904534606206,0.0,34.00493483564603,7.292853986759829,47.20810925866061,-0.48971674719981656,0.35533317090297184,false,0.00254415158164419
SEG_37_237_238_BA,2000,32.74168364813527,0.0,0.0,34.00493483564603,7.292853986759829,47.20810925866061,-0.1732176716830191,0.30643941978827266,false,0.0
SEG_37_237_238_BA,2030,33.51059722836768,0.001199040767386091,0.0,34.00493483564603,7.292853986759829,47.20810925866061,-0.06778383444613359,0.2901516761716112,false,0.0003479036884551693
SEG_37_237_238_BA,2100,33.213591863144316,0.00297441998810232,0.0,34.00493483564603,7.292853986759829,47.20810925866061,-0.1085093673805069,0.29644308181965406,false,0.0008817462278990305
SEG_37_237_238_BA,2130,34.22183918902064,0.004761904761904762,0.0,34.00493483564603,7.292853986759829,47.20810925866061,0.02974203977872021,0.2750855790153799,false,0.0013099313286446662
SEG_37_237_238_BA,2200,35.62363996501788,0.0005952380952380953,0.0,34.00493483564603,7.292853986759829,47.20810925866061,0.22195770439262938,0.2453915116610499,false,0.00014606637598872017
SEG_37_237_238_BA,2230,37.19877752598421,0.0,0.0,34.00493483564603,7.292853986759829,47.20810925866061,0.4379414007378454,0.2120256856260374,false,0.0
SEG_37_237_238_BA,2300,38.30107659098119,0.0005899705014749262,0.0,34.00493483564603,7.292853986759829,47.20810925866061,0.5890892321627169,0.18867590351641492,false,0.00011131321741381411
SEG_37_237_238_BA,2330,40.03216499333141,0.0,0.0,34.00493483564603,7.292853986759829,47.20810925866061,0.8264569904495294,0.15200660178977046,false,0.0
SEG_38_238_239_AB,0,41.4377783766799,0.0,0.0,38.50510010707902,1.7998864568029704,42.33975510630672,1.6293684851710128,0.021303305306375357,false,0.0
SEG_38_238_239_AB,30,39.167141703966394,0.00039032006245121,0.0,38.50510010707902,1.7998864568029704,42.33975510630672,0.3678240893391212,0.07493225679682186,false,0.000029247563152545612
SEG_38_238_239_AB,100,39.730214929968945,0.0006009615384615385,0.0,38.50510010707902,1.7998864568029704,42.33975510630672,0.6806622819230601,0.06163333183637308,false,0.000037039261920897286
SEG_38_238_239_AB,130,40.21027582833692,0.0,0.0,38.50510010707902,1.7998864568029704,42.33975510630672,0.9473796054261642,0.0502950305835048,false,0.0
SEG_38_238_239_AB,200,40.68466814889287,0.003076923076923077,0.0,38.50510010707902,1.7998864568029704,42.33975510630672,1.2109475203704125,0.03909061243406476,false,0.00012027880748943003
SEG_38_238_239_AB,230,40.88347490660419,0.0,0.0,38.50510010707902,1.7998864568029704,42.33975510630672,1.3214026865615358,0.034395102098396545,false,0.0
SEG_38_238_239_AB,300,40.527225546619185,0.0012004801920768306,0.0,38.50510010707902,1.7998864568029704,42.33975510630672,1.1234738901985744,0.042809164935806346,false,0.00005139155454478553
SEG_38_238_239_AB,330,40.53340944891654,0.0030175015087507543,0.0012070006035003018,38.50510010707902,1.7998864568029704,42.33975510630672,1.1269096081984395,0.04266311065935092,false,0.00012873600078259177
SEG_38_238_239_AB,400,40.74853382411853,0.001799640071985603,0.0,38.50510010707902,1.7998864568029704,42.33975510630672,1.2464306893138049,0.03758220325537892,false,0.00006763443897188769
SEG_38_238_239_AB,430,40.21161513401612,0.0005927682276229994,0.0,38.50510010707902,1.7998864568029704,42.33975510630672,0.9481237110746846,0.05026339823995818,false,0.000029794545489008994
SEG_38_238_239_AB,500,40.04646927201923,0.00040112314480545525,0.0,38.50510010707902,1.7998864568029704,42.33975510630672,0.8563702221961532,0.05416388990747591,false,0.000021726389854583195
SEG_38_238_239_AB,530,41.18568745666249,0.0,0.0,38.50510010707902,1.7998864568029704,42.33975510630672,1.4893091391691642,0.027257305734211056,false,0.0
SEG_38_238_239_AB,600,40.11614413928246,0.0,0.0,38.50510010707902,1.7998864568029704,42.33975510630672,0.8950809236406156,0.05251827653327733,false,0.0
SEG_38_238_239_AB,630,39.34045697752128,0.0,0.0,38.50510010707902,1.7998864568029704,42.33975510630672,0.46411642650284074,0.0708388161729986,false,0.0
SEG_38_238_239_AB,700,38.35504966952329,0.0,0.0,38.50510010707902,1.7998864568029704,42.33975510630672,-0.08336661292638405,0.09411262362709999,false,0.0
SEG_38_238_239_AB,730,37.40690520432563,0.0,0.0,38.50510010707902,1.7998864568029704,42.33975510630672,-0.6101467670933247,0.11650633995391989,false,0.0
SEG_38_238_239_AB,800,36.36070952264425,0.0,0.0,38.50510010707902,1.7998864568029704,42.33975510630672,-1.191403255649651,0.14121587544968725,false,0.0
SEG_38_238_239_AB,830,36.0706283190409,0.0015822784810126582,0.0,38.50510010707902,1.7998864568029704,42.33975510630672,-1.3525696461777534,0.14806714803912507,false,0.0002342834620872232
SEG_38_238_239_AB,900,37.3106880400267,0.0005927682276229994,0.0,38.50510010707902,1.7998864568029704,42.33975510630672,-0.6636041193253313,0.11877884162657606,false,0.00007040832343009844
SEG_38_238_239_AB,930,37.10541072312271,0.0007867820613690008,0.0,38.50510010707902,1.7998864568029704,42.33975510630672,-0.7776542673933432,0.12362717663438558,false,0.00009726764487363145
SEG_38_238_239_AB,1000,37.69052118335369,0.0011750881316098707,0.0,38.50510010707902,1.7998864568029704,42.33975510630672,-0.4525723945788351,0.10980776604115274,false,0.00012903380263355198
SEG_38_238_239_AB,1030,37.51473894962734,0.0,0.0,38.50510010707902,1.7998864568029704,42.33975510630672,-0.5502353516292349,0.11395947247603859,false,0.0
SEG_38_238_239_AB,1100,37.5556776557524,0.0006009615384615385,0.0,38.50510010707902,1.7998864568029704,42.33975510630672,-0.5274901912496346,0.11299256310156855,false,0.0000679041845562311
SEG_38_238_239_AB,1130,37.59354345705278,0.002357100766057749,0.0,38.50510010707902,1.7998864568029704,42.33975510630672,-0.5064523079113472,0.11209823102040013,false,0.0002642268262119037
SEG_38_238_239_AB,1200,37.93103287318311,0.0011883541295306002,0.0,38.50510010707902,1.7998864568029704,42.33975510630672,-0.3189463600473949,0.10412724924965151,false,0.00012374004664248548
SEG_38_238_239_AB,1230,37.95668312454765,0.0011730205278592375,0.0,38.50510010707902,1.7998864568029704,42.33975510630672,-0.3046953214512716,0.10352142970014926,false,0.00012143276211161203
SEG_38_238_239_AB,1300,37.96110565653986,0.0,0.0,38.50510010707902,1.7998864568029704,42.33975510630672,-0.3022382042395224,0.10341697628559593,false,0.0
SEG_38_238_239_AB,1330,37.362834927913504,0.0,0.0,38.50510010707902,1.7998864568029704,42.33975510630672,-0.6346317984938097,0.11754721220982871,false,0.0
SEG_38_238_239_AB,1400,37.40587084829788,0.0,0.0,38.50510010707902,1.7998864568029704,42.33975510630672,-0.6107214455814274,0.11653076985497045,false,0.0
SEG_38_238_239_AB,1430,36.6056840983993,0.0011607661056297156,0.0,38.50510010707902,1.7998864568029704,42.33975510630672,-1.0552976836403003,0.13542995214569153,false,0.0001572024981377731
SEG_38_238_239_AB,1500,36.848102267013054,0.001171875,0.000390625,38.50510010707902,1.7998864568029704,42.33975510630672,-0.9206124274134461,0.129704407252834,false,0.00015199735224941485
SEG_38_238_239_AB,1530,36.952248478984764,0.0007874015748031496,0.0,38.50510010707902,1.7998864568029704,42.33975510630672,-0.8627497708119302,0.12724463364974584,false,0.00010019262492105972
SEG_38_238_239_AB,1600,36.96926539792726,0.0,0.0,38.50510010707902,1.7998864568029704,42.33975510630672,-0.8532953305731156,0.12684272015497552,false,0.0
SEG_38_238_239_AB,1630,36.683056955412724,0.003167062549485352,0.000791765637371338,38.50510010707902,1.7998864568029704,42.33975510630672,-1.012310051436625,0.13360252407438702,false,0.0004231275505127063
SEG_38_238_239_AB,1700,36.45982676260445,0.000591715976331361,0.0,38.50510010707902,1.7998864568029704,42.33975510630672,-1.1363346486352637,0.13887487844317795,false,0.0000821744842859041
SEG_38_238_239_AB,1730,36.033662157738256,0.007905138339920948,0.0,38.50510010707902,1.7998864568029704,42.33975510630672,-1.3731076979881462,0.14894023200500606,false,0.0011773931383794944
SEG_38_238_239_AB,1800,36.07690358562257,0.004191616766467066,0.0,38.50510010707902,1.7998864568029704,42.33975510630672,-1.3490831670401673,0.14791893587857027,false,0.0006200194917065819
SEG_38_238_239_AB,1830,35.8390309292759,0.01019607843137255,0.0,38.50510010707902,1.7998864568029704,42.33975510630672,-1.4812429793703217,0.15353712275162648,false,0.0015654765457028582
SEG_38_238_239_AB,1900,36.55903148667557,0.005868544600938967,0.0,38.50510010707902,1.7998864568029704,42.33975510630672,-1.0812174362710278,0.13653181519630658,false,0.0008012430469266818
SEG_38_238_239_AB,1930,37.47273502165943,0.003977724741447892,0.0,38.50510010707902,1.7998864568029704,42.33975510630672,-0.5735723392537324,0.1149515407547154,false,0.00045724558772758714
SEG_38_238_239_AB,2000,37.89547216132566,0.001195457262402869,0.0,38.50510010707902,1.7998864568029704,42.33975510630672,-0.33870355735450786,0.10496713865780162,false,0.00012548372822211788
SEG_38_238_239_AB,2030,38.19952324015064,0.0,0.0,38.50510010707902,1.7998864568029704,42.33975510630672,-0.16977563544267193,0.09778591906733466,false,0.0
SEG_38_238_239_AB,2100,38.47176557015314,0.000594883997620464,0.0,38.50510010707902,1.7998864568029704,42.33975510630672,-0.018520355436806378,0.09135597327952952,false,0.00005434620659103481
SEG_38_238_239_AB,2130,39.6927253630892,0.0005952380952380953,0.0,38.50510010707902,1.7998864568029704,42.33975510630672,0.6598334308930164,0.0625187778382598,false,0.00003721355823705941
SEG_38_238_239_AB,2200,40.294751685283664,0.0,0.0,38.50510010707902,1.7998864568029704,42.33975510630672,0.994313597638537,0.04829984056092097,false,0.0
SEG_38_238_239_AB,2230,40.839850011798845,0.0,0.0,38.50510010707902,1.7998864568029704,42.33975510630672,1.2971651049960653,0.03542545512466734,false,0.0
SEG_38_238_239_AB,2300,41.606919011815094,0.0,0.0,38.50510010707902,1.7998864568029704,42.33975510630672,1.7233414324621588,0.0173084632315803,false,0.0
SEG_38_238_239_AB,2330,42.33975510630672,0.0,0.0,38.50510010707902,1.7998864568029704,42.33975510630672,2.1304982793408875,0.0,false,0.0
SEG_38_238_239_BA,0,35.49267995259099,0.00039872408293460925,0.0,30.931549753459535,3.8150918113666976,36.66994770740118,1.1955492618924681,0.032104429605515294,false,0.000012800809252597804
SEG_38_238_239_BA,30,35.35631956033488,0.00234192037470726,0.0,30.931549753459535,3.8150918113666976,36.66994770740118,1.1598068999787037,0.03582301664425783,false,0.0000838946525626647
SEG_38_238_239_BA,100,35.42851537013111,0.0,0.0,30.931549753459535,3.8150918113666976,36.66994770740118,1.1787306411010343,0.03385421618748336,false,0.0
SEG_38_238_239_BA,130,35.6254597859758,0.0006002400960384153,0.0,30.931549753459535,3.8150918113666976,36.66994770740118,1.2303530988510454,0.028483485434983795,false,0.000017096930033003478
SEG_38_238_239_BA,200,35.71850862589912,0.0,0.0,30.931549753459535,3.8150918113666976,36.66994770740118,1.254742771373759,0.02594601686083201,false,0.0
SEG_38_238_239_BA,230,36.434329919962764,0.0006075334143377885,0.0,30.931549753459535,3.8150918113666976,36.66994770740118,1.4423716226456795,0.006425364696957535,false,3.903623752708102e-6
SEG_38_238_239_BA,300,36.614301748625955,0.001800720288115246,0.0,30.931549753459535,3.8150918113666976,36.66994770740118,1.489545278631358,0.0015174812688372552,false,2.7325593076301114e-6
SEG_38_238_239_BA,330,36.25860319814355,0.0006035003017501509,0.0,30.931549753459535,3.8150918113666976,36.66994770740118,1.396310680862927,0.011217482842895048,false,6.769754280564302e-6
SEG_38_238_239_BA,400,35.85732715270746,0.0005998800239952009,0.0,30.931549753459535,3.8150918113666976,36.66994770740118,1.2911294518711316,0.0221603957872485,false,0.000013293578756597778
SEG_38_238_239_BA,430,35.77723695867468,0.0005927682276229994,0.0,30.931549753459535,3.8150918113666976,36.66994770740118,1.270136459305615,0.024344478368217654,false,0.000014430633294734827
SEG_38_238_239_BA,500,35.63408486150999,0.0024067388688327317,0.0,30.931549753459535,3.8150918113666976,36.66994770740118,1.2326138768245907,0.02824827714935949,false,0.00006798622659292296
SEG_38_238_239_BA,530,36.66994770740118,0.0007861635220125787,0.0,30.931549753459535,3.8150918113666976,36.66994770740118,1.5041310242769625,0.0,false,0.0
SEG_38_238_239_BA,600,35.66616100793251,0.0,0.0,30.931549753459535,3.8150918113666976,36.66994770740118,1.2410215765624975,0.027373551429037708,false,0.0
SEG_38_238_239_BA,630,34.300835001021014,0.0,0.0,30.931549753459535,3.8150918113666976,36.66994770740118,0.8831465700309016,0.06460638355101885,false,0.0
SEG_38_238_239_BA,700,32.61219479151723,0.001177856301531213,0.0,30.931549753459535,3.8150918113666976,36.66994770740118,0.4405254502789102,0.11065608678424595,false,0.00013033696912160888
SEG_38_238_239_BA,730,30.324762060100884,0.01021209740769835,0.0,30.931549753459535,3.8150918113666976,36.66994770740118,-0.1590493029684858,0.17303503397196368,false,0.0017670506218660864
SEG_38_238_239_BA,800,29.19185636667648,0.04478491455509723,0.0,30.931549753459535,3.8150918113666976,36.66994770740118,-0.45600301979622293,0.20392969742946698,false,0.00913297407462551
SEG_38_238_239_BA,830,28.39967059313523,0.07515822784810126,0.0015822784810126582,30.931549753459535,3.8150918113666976,36.66994770740118,-0.6636482909220731,0.22553283086893355,false,0.016950647889674594
SEG_38_238_239_BA,900,29.259974264090705,0.03734439834024896,0.0023710729104919974,30.931549753459535,3.8150918113666976,36.66994770740118,-0.4381481683844496,0.20207210281390453,false,0.007546261100934194
SEG_38_238_239_BA,930,28.58406053499131,0.03933910306845004,0.0,30.931549753459535,3.8150918113666976,36.66994770740118,-0.6153165728473713,0.2205044642258346,false,0.008674447845233461
SEG_38_238_239_BA,1000,28.659141315952258,0.03055229142185664,0.0,30.931549753459535,3.8150918113666976,36.66994770740118,-0.595636632056103,0.21845698977727424,false,0.006674361614816839
SEG_38_238_239_BA,1030,28.550021512201337,0.017615971814445096,0.0,30.931549753459535,3.8150918113666976,36.66994770740118,-0.6242387756338301,0.22143271814813575,false,0.0039007525216935247
SEG_38_238_239_BA,1100,28.43546779192726,0.033052884615384616,0.0,30.931549753459535,3.8150918113666976,36.66994770740118,-0.6542652405101868,0.22455663098237622,false,0.0074222444134799835
SEG_38_238_239_BA,1130,28.443708070346553,0.03948143783146729,0.0,30.931549753459535,3.8150918113666976,36.66994770740118,-0.6521053243596127,0.22433191622453022,false,0.008856946604032719
SEG_38_238_239_BA,1200,28.73180750522849,0.0255496137849079,0.0,30.931549753459535,3.8150918113666976,36.66994770740118,-0.5765895965274355,0.2164753619370588,false,0.005530861891440005
SEG_38_238_239_BA,1230,28.467650883525565,0.02287390029325513,0.0,30.931549753459535,3.8150918113666976,36.66994770740118,-0.6458295086354204,0.22367898883641238,false,0.005116410888340224
SEG_38_238_239_BA,1300,28.676424799223085,0.01871345029239766,0.0,30.931549753459535,3.8150918113666976,36.66994770740118,-0.5911063391757764,0.217985664227297,false,0.0040792638919728095
SEG_38_238_239_BA,1330,27.823655296017368,0.050647820965842166,0.0,30.931549753459535,3.8150918113666976,36.66994770740118,-0.8146316290953985,0.24124093336512567,false,0.012218327602709545
SEG_38_238_239_BA,1400,27.6820939696075,0.0681551116333725,0.0,30.931549753459535,3.8150918113666976,36.66994770740118,-0.8517372436937416,0.24510135137115668,false,0.01670490996419164
SEG_38_238_239_BA,1430,26.941659525413094,0.09808473592571097,0.0,30.931549753459535,3.8150918113666976,36.66994770740118,-1.0458176173267832,0.2652932112042418,true,0.026021214563851928
SEG_38_238_239_BA,1500,27.09682861800578,0.092578125,0.0,30.931549753459535,3.8150918113666976,36.66994770740118,-1.0051451773791062,0.2610617055083292,true,0.024168603205263286
SEG_38_238_239_BA,1530,26.960574198096158,0.10196850393700788,0.0015748031496062992,30.931549753459535,3.8150918113666976,36.66994770740118,-1.0408597621510023,0.26477740265076394,true,0.02699895562462514
SEG_38_238_239_BA,1600,26.632700283210795,0.15079834417504434,0.0017740981667652277,30.931549753459535,3.8150918113666976,36.66994770740118,-1.1268010529761652,0.2737186184250964,true,0.04127631442838532
SEG_38_238_239_BA,1630,26.15262605460535,0.20269200316706254,0.004750593824228029,30.931549753459535,3.8150918113666976,36.66994770740118,-1.2526366166643341,0.2868103804433049,true,0.058134170541160775
SEG_38_238_239_BA,1700,26.169520645249328,0.18461538461538463,0.002366863905325444,30.931549753459535,3.8150918113666976,36.66994770740118,-1.2482082591098336,0.2863496601068925,true,0.05286455263511862
SEG_38_238_239_BA,1730,25.38530389965555,0.25691699604743085,0.0047430830039525695,30.931549753459535,3.8150918113666976,36.66994770740118,-1.453764713415148,0.3077354758667415,true,0.07906247403690987
SEG_38_238_239_BA,1800,25.281270207675036,0.21736526946107784,0.004191616766467066,30.931549753459535,3.8150918113666976,36.66994770740118,-1.4810337011943036,0.310572504509668,true,0.06750767612994579
SEG_38_238_239_BA,1830,25.610418193426092,0.1984313725490196,0.002352941176470588,30.931549753459535,3.8150918113666976,36.66994770740118,-1.3947584548764056,0.3015965444571091,true,0.059846216272665564
SEG_38_238_239_BA,1900,26.865996352546215,0.0892018779342723,0.0005868544600938967,30.931549753459535,3.8150918113666976,36.66994770740118,-1.0656502128730942,0.2673565676472511,true,0.023848707912196104
SEG_38_238_239_BA,1930,28.696744810149205,0.015910898965791568,0.0,30.931549753459535,3.8150918113666976,36.66994770740118,-0.5857801211105705,0.21743153169653207,false,0.0034595311328008286
SEG_38_238_239_BA,2000,29.932697987456276,0.001195457262402869,0.0,30.931549753459535,3.8150918113666976,36.66994770740118,-0.26181591830300827,0.1837267337740192,false,0.00021963745818770974
SEG_38_238_239_BA,2030,30.413375589850084,0.0017985611510791368,0.0,30.931549753459535,3.8150918113666976,36.66994770740118,-0.1358222001540308,0.17061851757940513,false,0.00030686783737303083
SEG_38_238_239_BA,2100,29.9681758518248,0.007733491969066032,0.0,30.931549753459535,3.8150918113666976,36.66994770740118,-0.2525165708370257,0.182759242228855,false,0.0014133671320494439
SEG_38_238_239_BA,2130,31.686688464164646,0.0,0.0,30.931549753459535,3.8150918113666976,36.66994770740118,0.19793461023801537,0.13589490999548792,false,0.0
SEG_38_238_239_BA,2200,32.53272034779366,0.0005952380952380953,0.0,30.931549753459535,3.8150918113666976,36.66994770740118,0.41969385626935507,0.11282337767753317,false,0.00006715677242710308
SEG_38_238_239_BA,2230,33.36363808318124,0.0,0.0,30.931549753459535,3.8150918113666976,36.66994770740118,0.6374914287712646,0.09016401252060186,false,0.0
SEG_38_238_239_BA,2300,34.68481198764184,0.0005899705014749262,0.0,30.931549753459535,3.8150918113666976,36.66994770740118,0.9837934235291059,0.05413522090621027,false,0.00003193818342549278
SEG_38_238_239_BA,2330,35.66183646066031,0.0,0.0,30.931549753459535,3.8150918113666976,36.66994770740118,1.239888039681599,0.0274914830745013,false,0.0
SEG_39_239_240_AB,0,38.62476094954632,0.00039872408293460925,0.0,30.088989468942597,6.474631262158098,40.213646134349396,1.3183409425170283,0.039511094803360625,false,0.00001575402504121237
SEG_39_239_240_AB,30,39.388867614847435,0.00039032006245121,0.0,30.088989468942597,6.474631262158098,40.213646134349396,1.4363564146516414,0.020509916378795068,false,8.005431841840386e-6
SEG_39_239_240_AB,100,38.59955146574937,0.0,0.0,30.088989468942597,6.474631262158098,40.213646134349396,1.3144473642148493,0.040137983589140634,false,0.0
SEG_39_239_240_AB,130,39.36602476977615,0.0,0.0,30.088989468942597,6.474631262158098,40.213646134349396,1.4328283612156427,0.02107795353202822,false,0.0
SEG_39_239_240_AB,200,38.83371784688141,0.0012307692307692308,0.0006153846153846154,30.088989468942597,6.474631262158098,40.213646134349396,1.3506141159031901,0.034314925904947634,false,0.00004223375495993555
SEG_39_239_240_AB,230,38.482477242361426,0.001215066828675577,0.0,30.088989468942597,6.474631262158098,40.213646134349396,1.296365373341917,0.04304928944280068,false,0.00005230776360000082
SEG_39_239_240_AB,300,38.38765829107308,0.001800720288115246,0.0,30.088989468942597,6.474631262158098,40.213646134349396,1.2817206858764656,0.04540716942641535,false,0.00008176561121203244
SEG_39_239_240_AB,330,38.26578786411474,0.0024140012070006035,0.0006035003017501509,30.088989468942597,6.474631262158098,40.213646134349396,1.2628979263981572,0.04843774334033459,false,0.00011692877088795315
SEG_39_239_240_AB,400,38.913759795469275,0.001799640071985603,0.0005998800239952009,30.088989468942597,6.474631262158098,40.213646134349396,1.3629765108175815,0.032324508315842417,false,0.00005817248047242187
SEG_39_239_240_AB,430,38.70989248835792,0.0,0.0,30.088989468942597,6.474631262158098,40.213646134349396,1.3314894192973457,0.037394113455109165,false,0.0
SEG_39_239_240_AB,500,39.522341880928145,0.001604492579221821,0.0,30.088989468942597,6.474631262158098,40.213646134349396,1.4569713748982303,0.01719078770205713,false,0.000027582491298928408
SEG_39_239_240_AB,530,40.213646134349396,0.0,0.0,30.088989468942597,6.474631262158098,40.213646134349396,1.5637425909614024,0.0,false,0.0
SEG_39_239_240_AB,600,38.78173337647444,0.000591715976331361,0.0,30.088989468942597,6.474631262158098,40.213646134349396,1.3425851690331496,0.035607633117650916,false,0.000021069605395059713
SEG_39_239_240_AB,630,35.602905618906846,0.0,0.0,30.088989468942597,6.474631262158098,40.213646134349396,0.8516185596840263,0.1146561169817472,false,0.0
SEG_39_239_240_AB,700,32.15695978908489,0.001177856301531213,0.0,30.088989468942597,6.474631262158098,40.213646134349396,0.3193958445523896,0.20034707418342523,false,0.00023598006382028884
SEG_39_239_240_AB,730,26.773393290906803,0.056559308719560095,0.0015710919088766694,30.088989468942597,6.474631262158098,40.213646134349396,-0.5120903482819579,0.33422119443087,false,0.018903319716435697
SEG_39_239_240_AB,800,25.2312711274721,0.11314083677077195,0.008249852681202121,30.088989468942597,6.474631262158098,40.213646134349396,-0.7502694971777187,0.37256942473763305,false,0.04215281647002095
SEG_39_239_240_AB,830,22.55445162687944,0.36075949367088606,0.023734177215189875,30.088989468942597,6.474631262158098,40.213646134349396,-1.1637014583517415,0.43913437862541777,true,0.15842189608638488
SEG_39_239_240_AB,900,26.30221026557529,0.0995850622406639,0.002963841138114997,30.088989468942597,6.474631262158098,40.213646134349396,-0.584864071796594,0.3459381878056399,false,0.03445027596404712
SEG_39_239_240_AB,930,25.027174315311576,0.0904799370574351,0.0023603461841070024,30.088989468942597,6.474631262158098,40.213646134349396,-0.7817920355118163,0.3776447370204004,false,0.03416927203567746
SEG_39_239_240_AB,1000,23.968405147449683,0.1445358401880141,0.008225616921269096,30.088989468942597,6.474631262158098,40.213646134349396,-0.9453178217677873,0.4039733411048115,false,0.05838862627014314
SEG_39_239_240_AB,1030,24.6138431567056,0.07809747504403992,0.002348796241926013,30.088989468942597,6.474631262158098,40.213646134349396,-0.8456305989558459,0.3879231175787085,false,0.030295815994109354
SEG_39_239_240_AB,1100,24.06902138801106,0.09555288461538461,0.0030048076923076925,30.088989468942597,6.474631262158098,40.213646134349396,-0.9297777490613397,0.4014712988819992,false,0.03836174069846025
SEG_39_239_240_AB,1130,24.283815658004556,0.09251620506776664,0.005303476723629935,30.088989468942597,6.474631262158098,40.213646134349396,-0.8966029995973983,0.39612997098360636,false,0.03664844162900777
SEG_39_239_240_AB,1200,25.68893694667098,0.047534165181224004,0.0023767082590612004,30.088989468942597,6.474631262158098,40.213646134349396,-0.6795834919570396,0.36118856616863215,false,0.017168796965829215
SEG_39_239_240_AB,1230,25.813190271815607,0.03343108504398827,0.0011730205278592375,30.088989468942597,6.474631262158098,40.213646134349396,-0.6603926963559307,0.35809873629522276,false,0.011971629307230322
SEG_39_239_240_AB,1300,25.338357093856224,0.04152046783625731,0.0,30.088989468942597,6.474631262158098,40.213646134349396,-0.7337301821112374,0.369906498674516,false,0.0153586908806378
SEG_39_239_240_AB,1330,23.806254784507882,0.12073027090694935,0.0076560659599528855,30.088989468942597,6.474631262158098,40.213646134349396,-0.9703617750643267,0.4080055634603789,false,0.04925862220811406
SEG_39_239_240_AB,1400,23.883606619230868,0.11809635722679201,0.004700352526439483,30.088989468942597,6.474631262158098,40.213646134349396,-0.9584148654117138,0.4060820414185188,false,0.04795680982674635
SEG_39_239_240_AB,1430,23.759784577396893,0.12478235635519443,0.011607661056297156,30.088989468942597,6.474631262158098,40.213646134349396,-0.9775390497583454,0.4091611464919632,false,0.05105609198826006
SEG_39_239_240_AB,1500,23.97819164538035,0.09765625,0.003125,30.088989468942597,6.474631262158098,40.213646134349396,-0.9438063074383359,0.4037299784935733,false,0.03942675571226301
SEG_39_239_240_AB,1530,23.587200750258628,0.13385826771653545,0.003937007874015748,30.088989468942597,6.474631262158098,40.213646134349396,-1.0041944406447663,0.4134528196857264,true,0.05534407822564842
SEG_39_239_240_AB,1600,23.54906718491366,0.15671200473092844,0.006505026611472502,30.088989468942597,6.474631262158098,40.213646134349396,-1.0100841297715966,0.41440109394112634,true,0.06494162619420371
SEG_39_239_240_AB,1630,23.0243011850354,0.17814726840855108,0.014251781472684086,30.088989468942597,6.474631262158098,40.213646134349396,-1.0911336874422128,0.4274505448196931,true,0.07614914693937526
SEG_39_239_240_AB,1700,22.730669086620445,0.20946745562130178,0.016568047337278107,30.088989468942597,6.474631262158098,40.213646134349396,-1.1364848567251853,0.43475234723357925,true,0.09106646800040655
SEG_39_239_240_AB,1730,22.638135970579693,0.2758893280632411,0.043478260869565216,30.088989468942597,6.474631262158098,40.213646134349396,-1.1507764993368,0.43705338493932744,true,0.12057836469867611
SEG_39_239_240_AB,1800,22.88093151809017,0.24550898203592814,0.0281437125748503,30.088989468942597,6.474631262158098,40.213646134349396,-1.1132769819620378,0.4310157442165906,true,0.10581823660407313
SEG_39_239_240_AB,1830,23.918911632095806,0.18666666666666668,0.01647058823529412,30.088989468942597,6.474631262158098,40.213646134349396,-0.9529620432454101,0.4052041052884054,false,0.07563809965383568
SEG_39_239_240_AB,1900,25.899206824081784,0.06572769953051644,0.0017605633802816902,30.088989468942597,6.474631262158098,40.213646134349396,-0.6471075301768291,0.35595974715758516,false,0.02339641530613236
SEG_39_239_240_AB,1930,28.328243441895985,0.012728719172633254,0.0,30.088989468942597,6.474631262158098,40.213646134349396,-0.27194537507294686,0.295556454959234,false,0.0037620551148351187
SEG_39_239_240_AB,2000,29.46550913431361,0.0035863717872086074,0.0,30.088989468942597,6.474631262158098,40.213646134349396,-0.09629588302163335,0.26727586362418954,false,0.0009585506167036086
SEG_39_239_240_AB,2030,30.18156730484154,0.002997601918465228,0.0,30.088989468942597,6.474631262158098,40.213646134349396,0.014298549546756061,0.24946951579550328,false,0.0007478102991471921
SEG_39_239_240_AB,2100,30.76522442163717,0.0,0.0,30.088989468942597,6.474631262158098,40.213646134349396,0.10444377838888308,0.23495560887829173,false,0.0
SEG_39_239_240_AB,2130,31.497791703977068,0.0035714285714285713,0.0,30.088989468942597,6.474631262158098,40.213646134349396,0.2175880259418658,0.21673872598504526,false,0.0007740668785180188
SEG_39_239_240_AB,2200,32.794641698770285,0.0,0.0,30.088989468942597,6.474631262158098,40.213646134349396,0.4178851459296619,0.18448972298589958,false,0.0
SEG_39_239_240_AB,2230,33.755334851842555,0.0,0.0,30.088989468942597,6.474631262158098,40.213646134349396,0.5662631946823651,0.1605999928713335,false,0.0
SEG_39_239_240_AB,2300,34.34741299257763,0.0,0.0,30.088989468942597,6.474631262158098,40.213646134349396,0.6577090418297634,0.14587667883119382,false,0.0
SEG_39_239_240_AB,2330,35.965351764617466,0.0005963029218843172,0.0,30.088989468942597,6.474631262158098,40.213646134349396,0.9075979863162407,0.10564310322766662,false,0.00006299529113158415
SEG_39_239_240_BA,0,40.038536129690925,0.001993620414673046,0.0,30.80748754556885,7.113721290453706,40.92308512557392,1.2976399000210659,0.02161491473990108,false,0.000043091935286884126
SEG_39_239_240_BA,30,40.896960425238994,0.00078064012490242,0.00039032006245121,30.80748754556885,7.113721290453706,40.92308512557392,1.4183115232824433,0.0006383854065440292,false,4.983492635004131e-7
SEG_39_239_240_BA,100,40.92308512557392,0.0018028846153846155,0.0,30.80748754556885,7.113721290453706,40.92308512557392,1.421983961274916,0.0,false,0.0
SEG_39_239_240_BA,130,40.268190807485716,0.0024009603841536613,0.0,30.80748754556885,7.113721290453706,40.92308512557392,1.3299232392774094,0.01600305343740916,false,0.00003842269732871347
SEG_39_239_240_BA,200,40.612161931603666,0.0,0.0,30.80748754556885,7.113721290453706,40.92308512557392,1.3782764302549,0.007597745698208608,false,0.0
SEG_39_239_240_BA,230,40.81788366427187,0.002430133657351154,0.0006075334143377885,30.80748754556885,7.113721290453706,40.92308512557392,1.4071954340039323,0.00257071188497244,false,6.247173475024155e-6
SEG_39_239_240_BA,300,40.580176575289016,0.0012004801920768306,0.0,30.80748754556885,7.113721290453706,40.92308512557392,1.3737801399156127,0.00837934259434929,false,0.000010059234807142003
SEG_39_239_240_BA,330,40.57720543306952,0.0012070006035003018,0.0,30.80748754556885,7.113721290453706,40.92308512557392,1.3733624763471115,0.008451945679145477,false,0.000010201503535480359
SEG_39_239_240_BA,400,40.653563180618,0.001799640071985603,0.0,30.80748754556885,7.113721290453706,40.92308512557392,1.3840963446603032,0.006586061244622233,false,0.000011852539732373545
SEG_39_239_240_BA,430,40.32506265138251,0.0011855364552459987,0.0,30.80748754556885,7.113721290453706,40.92308512557392,1.3379179078305776,0.014613328207205225,false,0.00001732463332211645
SEG_39_239_240_BA,500,39.92294365105829,0.0,0.0,30.80748754556885,7.113721290453706,40.92308512557392,1.281390672097594,0.02443954241100495,false,0.0
SEG_39_239_240_BA,530,39.51013362687423,0.00039308176100628933,0.0,30.80748754556885,7.113721290453706,40.92308512557392,1.2233605627737956,0.034527003386083915,false,0.00001357193529327198
SEG_39_239_240_BA,600,37.00495071909681,0.0,0.0,30.80748754556885,7.113721290453706,40.92308512557392,0.8711984797386816,0.09574386668195166,false,0.0
SEG_39_239_240_BA,630,35.38647208554778,0.0,0.0,30.80748754556885,7.113721290453706,40.92308512557392,0.6436834327658746,0.13529314867236547,false,0.0
SEG_39_239_240_BA,700,32.09733488130559,0.0017667844522968198,0.0,30.80748754556885,7.113721290453706,40.92308512557392,0.18131822755941515,0.21566678604963932,false,0.0003810367244693274
SEG_39_239_240_BA,730,28.576178548492788,0.003142183817753339,0.0,30.80748754556885,7.113721290453706,40.92308512557392,-0.3136626957919168,0.30171006265031625,false,0.0009480284765131697
SEG_39_239_240_BA,800,26.200009585274,0.046552740129640544,0.0005892751915144372,30.80748754556885,7.113721290453706,40.92308512557392,-0.6476888497835696,0.35977433018849014,false,0.016748480898580272
SEG_39_239_240_BA,830,23.771546916558236,0.17484177215189872,0.007120253164556962,30.80748754556885,7.113721290453706,40.92308512557392,-0.9890661078404253,0.4191164511762881,false,0.07327906306167695
SEG_39_239_240_BA,900,26.13994479602242,0.03734439834024896,0.0005927682276229994,30.80748754556885,7.113721290453706,40.92308512557392,-0.6561323615264578,0.3612420785038302,false,0.013490368076906522
SEG_39_239_240_BA,930,27.759560964766578,0.007081038552321007,0.0,30.80748754556885,7.113721290453706,40.92308512557392,-0.4284574073618055,0.32166499960632505,false,0.0022777222631447094
SEG_39_239_240_BA,1000,28.047363753614974,0.006462984723854289,0.0,30.80748754556885,7.113721290453706,40.92308512557392,-0.38799999033668053,0.31463222610048447,false,0.0020334632709196995
SEG_39_239_240_BA,1030,27.94393148168932,0.009395184967704051,0.0011743981209630064,30.80748754556885,7.113721290453706,40.92308512557392,-0.40253981663890814,0.31715970592289444,false,0.0029797741014482154
SEG_39_239_240_BA,1100,27.481009298212257,0.015024038461538462,0.0,30.80748754556885,7.113721290453706,40.92308512557392,-0.4676143626572182,0.32847171189841096,false,0.004934971633089107
SEG_39_239_240_BA,1130,27.185275771629172,0.0076605774896876845,0.0005892751915144372,30.80748754556885,7.113721290453706,40.92308512557392,-0.5091866304630916,0.33569828158824777,false,0.0025716426992617686
SEG_39_239_240_BA,1200,27.225847124752082,0.016042780748663103,0.0011883541295306002,30.80748754556885,7.113721290453706,40.92308512557392,-0.5034833773461392,0.33470687654147735,false,0.005369629035424771
SEG_39_239_240_BA,1230,27.22535274952346,0.0093841642228739,0.0005865102639296188,30.80748754556885,7.113721290453706,40.92308512557392,-0.5035528733537051,0.3347189571367479,false,0.0031410576622803318
SEG_39_239_240_BA,1300,26.799551338327035,0.011695906432748537,0.0,30.80748754556885,7.113721290453706,40.92308512557392,-0.5634092261416378,0.3451238767533857,false,0.004036536570215037
SEG_39_239_240_BA,1330,26.12260733393887,0.019434628975265017,0.0,30.80748754556885,7.113721290453706,40.92308512557392,-0.6585695475470594,0.3616657382066691,false,0.007028839435111943
SEG_39_239_240_BA,1400,25.364223141364647,0.04230317273795535,0.0017626321974148062,30.80748754556885,7.113721290453706,40.92308512557392,-0.7651781932346463,0.3801976790475684,false,0.016083568091318994
SEG_39_239_240_BA,1430,24.632884289276326,0.06964596633778293,0.0017411491584445734,30.80748754556885,7.113721290453706,40.92308512557392,-0.8679849834120664,0.3980687376406383,false,0.02772388190184364
SEG_39_239_240_BA,1500,25.236523149229072,0.045703125,0.002734375,30.80748754556885,7.113721290453706,40.92308512557392,-0.7831294155164277,0.383318166951736,false,0.017518838098966056
SEG_39_239_240_BA,1530,24.37625320643986,0.07559055118110236,0.0031496062992125984,30.80748754556885,7.113721290453706,40.92308512557392,-0.9040604876886895,0.4043397966785624,false,0.030564268095387395
SEG_39_239_240_BA,1600,23.88098571315003,0.11058545239503252,0.0035481963335304554,30.80748754556885,7.113721290453706,40.92308512557392,-0.9736819239339437,0.41644219540461364,false,0.04605244857519973
SEG_39_239_240_BA,1630,22.98557496212701,0.18131433095803642,0.00791765637371338,30.80748754556885,7.113721290453706,40.92308512557392,-1.0995528590554278,0.43832252891992457,true,0.07947415607495069
SEG_39_239_240_BA,1700,21.693027266158726,0.3,0.03017751479289941,30.80748754556885,7.113721290453706,40.92308512557392,-1.2812506854381995,0.46990733470868795,true,0.14097220041260639
SEG_39_239_240_BA,1730,18.433433002892325,0.6387351778656126,0.2,30.80748754556885,7.113721290453706,40.92308512557392,-1.7394629389377327,0.5495590582594472,true,0.3510227028250066
SEG_39_239_240_BA,1800,19.488169379562656,0.555688622754491,0.13832335329341316,30.80748754556885,7.113721290453706,40.92308512557392,-1.5911950586532269,0.5237854301609342,true,0.29106160430499817
SEG_39_239_240_BA,1830,18.87621678243996,0.6101960784313726,0.20705882352941177,30.80748754556885,7.113721290453706,40.92308512557392,-1.6772193168630485,0.5387391560407132,true,0.3287365203134705
SEG_39_239_240_BA,1900,22.082542999261108,0.2992957746478873,0.07687793427230047,30.80748754556885,7.113721290453706,40.92308512557392,-1.2264951338501588,0.46038909501812847,true,0.13779251083289057
SEG_39_239_240_BA,1930,26.364276569254574,0.05489260143198091,0.0031821797931583136,30.80748754556885,7.113721290453706,40.92308512557392,-0.6245972810710008,0.3557602881514219,false,0.019528607702822682
SEG_39_239_240_BA,2000,28.674047901276076,0.01315002988643156,0.0005977286312014345,30.80748754556885,7.113721290453706,40.92308512557392,-0.2999048679564878,0.29931851879474003,false,0.0039360474677132586
SEG_39_239_240_BA,2030,29.18105786724198,0.0077937649880095924,0.0,30.80748754556885,7.113721290453706,40.92308512557392,-0.22863275238368802,0.2869291800044185,false,0.002236258597156739
SEG_39_239_240_BA,2100,30.197339083388776,0.004164187983343248,0.0,30.80748754556885,7.113721290453706,40.92308512557392,-0.08577064482394975,0.26209524548974783,false,0.0010914138717598065
SEG_39_239_240_BA,2130,31.956473992488394,0.0035714285714285713,0.0,30.80748754556885,7.113721290453706,40.92308512557392,0.16151693326268377,0.2191088747481077,false,0.000782531695528956
SEG_39_239_240_BA,2200,33.81279385462159,0.002976190476190476,0.0,30.80748754556885,7.113721290453706,40.92308512557392,0.42246613078385903,0.1737476842015736,false,0.0005171062029808738
SEG_39_239_240_BA,2230,35.710864194521164,0.0,0.0,30.80748754556885,7.113721290453706,40.92308512557392,0.6892843349840574,0.1273662754178692,false,0.0
SEG_39_239_240_BA,2300,37.09961217470526,0.0017699115044247787,0.0,30.80748754556885,7.113721290453706,40.92308512557392,0.8845053625561848,0.09343071127546229,false,0.0001653640907530306
SEG_39_239_240_BA,2330,38.62026210699734,0.0,0.0,30.80748754556885,7.113721290453706,40.92308512557392,1.098268296216901,0.056271979776458425,false,0.0
SEG_40_240_201_AB,0,46.01798848467588,0.0,0.0,38.38525895510586,5.623507146909138,46.73795121688154,1.3572899136022645,0.015404242450953032,false,0.0
SEG_40_240_201_AB,30,45.45482338722196,0.0,0.0,38.38525895510586,5.623507146909138,46.73795121688154,1.257145096010371,0.02745366016805897,false,0.0
SEG_40_240_201_AB,100,45.438890807763805,0.0,0.0,38.38525895510586,5.623507146909138,46.73795121688154,1.254311885517003,0.02779455186406462,false,0.0
SEG_40_240_201_AB,130,45.514352048558536,0.0,0.0,38.38525895510586,5.623507146909138,46.73795121688154,1.2677307785357852,0.02617999155857407,false,0.0
SEG_40_240_201_AB,200,45.8644466553169,0.0,0.0,38.38525895510586,5.623507146909138,46.73795121688154,1.3299863421213645,0.018689406335148432,false,0.0
SEG_40_240_201_AB,230,45.841898983933376,0.0,0.0,38.38525895510586,5.623507146909138,46.73795121688154,1.3259768030926973,0.019171833801403658,false,0.0
SEG_40_240_201_AB,300,45.35847639042107,0.0,0.0,38.38525895510586,5.623507146909138,46.73795121688154,1.2400121940180893,0.029515089783443766,false,0.0
SEG_40_240_201_AB,330,45.284970265542526,0.0,0.0,38.38525895510586,5.623507146909138,46.73795121688154,1.226940969432033,0.031087818646492245,false,0.0
SEG_40_240_201_AB,400,45.365221598424036,0.0,0.0,38.38525895510586,5.623507146909138,46.73795121688154,1.2412116604412227,0.029370770064086196,false,0.0
SEG_40_240_201_AB,430,45.02994353150247,0.0,0.0,38.38525895510586,5.623507146909138,46.73795121688154,1.1815908476347792,0.03654434225097458,false,0.0
SEG_40_240_201_AB,500,45.596989107265316,0.0,0.0,38.38525895510586,5.623507146909138,46.73795121688154,1.282425711172654,0.024411898252059347,false,0.0
SEG_40_240_201_AB,530,46.73795121688154,0.00039308176100628933,0.0,38.38525895510586,5.623507146909138,46.73795121688154,1.485317266177316,0.0,false,0.0
SEG_40_240_201_AB,600,46.704295575026904,0.0,0.0,38.38525895510586,5.623507146909138,46.73795121688154,1.4793324526125045,0.000720092365590905,false,0.0
SEG_40_240_201_AB,630,44.79985596870303,0.0,0.0,38.38525895510586,5.623507146909138,46.73795121688154,1.1406755332609184,0.04146727012455098,false,0.0
SEG_40_240_201_AB,700,40.89500350503772,0.0,0.0,38.38525895510586,5.623507146909138,46.73795121688154,0.44629525389885855,0.125015058634692,false,0.0
SEG_40_240_201_AB,730,36.03647217106974,0.0384917517674784,0.02513747054202671,38.38525895510586,5.623507146909138,46.73795121688154,-0.41767294371219765,0.2289676540623902,false,0.00881336610295139
SEG_40_240_201_AB,800,35.32846862425931,0.02592810842663524,0.015321154979375369,38.38525895510586,5.623507146909138,46.73795121688154,-0.5435736544812011,0.2441160191142734,false,0.006329466612273442
SEG_40_240_201_AB,830,32.50862338255572,0.10047468354430379,0.061708860759493674,38.38525895510586,5.623507146909138,46.73795121688154,-1.0450125551596625,0.30444911391807544,true,0.030589428376262325
SEG_40_240_201_AB,900,36.27072670463401,0.01896858328393598,0.01007705986959099,38.38525895510586,5.623507146909138,46.73795121688154,-0.3760166378794538,0.22395557014631864,false,0.004248119884221812
SEG_40_240_201_AB,930,35.32668828925226,0.0,0.0,38.38525895510586,5.623507146909138,46.73795121688154,-0.5438902425036822,0.24415411096384523,false,0.0
SEG_40_240_201_AB,1000,34.43400999985519,0.0035252643948296123,0.0017626321974148062,38.38525895510586,5.623507146909138,46.73795121688154,-0.702630734171362,0.26325375624471575,false,0.0009280390936946502
SEG_40_240_201_AB,1030,34.762161884929576,0.0011743981209630064,0.0,38.38525895510586,5.623507146909138,46.73795121688154,-0.6442771344511685,0.25623265505113463,false,0.00030091914862141473
SEG_40_240_201_AB,1100,34.53688883495402,0.0030048076923076925,0.0,38.38525895510586,5.623507146909138,46.73795121688154,-0.684336308217734,0.2610525721444236,false,0.0007844127768762729
SEG_40_240_201_AB,1130,35.05003240928975,0.0029463759575721863,0.0005892751915144372,38.38525895510586,5.623507146909138,46.73795121688154,-0.5930865665653615,0.25007340936609496,false,0.0007368102809843693
SEG_40_240_201_AB,1200,35.79360921731273,0.0023767082590612004,0.0005941770647653001,38.38525895510586,5.623507146909138,46.73795121688154,-0.46086004162324007,0.23416392277836443,false,0.0005565393292415079
SEG_40_240_201_AB,1230,36.166863660244886,0.0011730205278592375,0.0,38.38525895510586,5.623507146909138,46.73795121688154,-0.39448608082240594,0.22617781227899492,false,0.00026531121674955413
SEG_40_240_201_AB,1300,35.58153222793572,0.0005847953216374269,0.0,38.38525895510586,5.623507146909138,46.73795121688154,-0.4985726262855668,0.23870149842845859,false,0.00013959151954880618
SEG_40_240_201_AB,1330,34.22484832281853,0.001177856301531213,0.0005889281507656066,38.38525895510586,5.623507146909138,46.73795121688154,-0.7398249034988827,0.2677289561965937,false,0.000315346238158532
SEG_40_240_201_AB,1400,33.87699116868363,0.0011750881316098707,0.0,38.38525895510586,5.623507146909138,46.73795121688154,-0.801682592134718,0.2751716691328264,false,0.00032335096255326255
SEG_40_240_201_AB,1430,33.537424831226915,0.0017411491584445734,0.0005803830528148578,38.38525895510586,5.623507146909138,46.73795121688154,-0.8620659665282854,0.2824369926785891,false,0.0004917649321159416
SEG_40_240_201_AB,1500,33.82947200919661,0.003125,0.00078125,38.38525895510586,5.623507146909138,46.73795121688154,-0.8101326853320108,0.27618838377798743,false,0.0008630886993062107
SEG_40_240_201_AB,1530,34.10153967128119,0.0007874015748031496,0.0003937007874015748,38.38525895510586,5.623507146909138,46.73795121688154,-0.7617522609852367,0.2703672543745593,false,0.00021288760186973172
SEG_40_240_201_AB,1600,34.43412141690636,0.0,0.0,38.38525895510586,5.623507146909138,46.73795121688154,-0.7026109214373768,0.2632513723778952,false,0.0
SEG_40_240_201_AB,1630,34.059387142037444,0.001583531274742676,0.0,38.38525895510586,5.623507146909138,46.73795121688154,-0.7692480333106817,0.27126914519660533,false,0.00042956317529153654
SEG_40_240_201_AB,1700,32.23158672446302,0.0,0.0,38.38525895510586,5.623507146909138,46.73795121688154,-1.0942765910816168,0.31037655940679926,true,0.0
SEG_40_240_201_AB,1730,30.992880107185574,0.0,0.0,38.38525895510586,5.623507146909138,46.73795121688154,-1.314549560407935,0.3368797882609993,true,0.0
SEG_40_240_201_AB,1800,30.66043661012427,0.0,0.0,38.38525895510586,5.623507146909138,46.73795121688154,-1.3736663159088196,0.34399271230678474,true,0.0
SEG_40_240_201_AB,1830,30.509132908908022,0.000784313725490196,0.000784313725490196,38.38525895510586,5.623507146909138,46.73795121688154,-1.400571892315779,0.347229989450452,true,0.0002723372466278055
SEG_40_240_201_AB,1900,31.276117518456296,0.0,0.0,38.38525895510586,5.623507146909138,46.73795121688154,-1.264182875726757,0.3308196721477278,true,0.0
SEG_40_240_201_AB,1930,32.2598133905139,0.0007955449482895784,0.0,38.38525895510586,5.623507146909138,46.73795121688154,-1.089257184986189,0.30977262480299317,true,0.0002464380467804242
SEG_40_240_201_AB,2000,32.76565288696002,0.0005977286312014345,0.0,38.38525895510586,5.623507146909138,46.73795121688154,-0.9993062907787997,0.2989497392618868,false,0.00017869081844703333
SEG_40_240_201_AB,2030,33.53569697443687,0.0,0.0,38.38525895510586,5.623507146909138,46.73795121688154,-0.8623732226133065,0.2824739617100734,false,0.0
SEG_40_240_201_AB,2100,35.738543565247866,0.0,0.0,38.38525895510586,5.623507146909138,46.73795121688154,-0.47065208965062233,0.23534210133842445,false,0.0
SEG_40_240_201_AB,2130,39.948284936037126,0.0,0.0,38.38525895510586,5.623507146909138,46.73795121688154,0.2779450510328514,0.1452709437206143,false,0.0
SEG_40_240_201_AB,2200,41.12280004406127,0.0005952380952380953,0.0,38.38525895510586,5.623507146909138,46.73795121688154,0.4868031670343038,0.12014114925072072,false,0.00007151258883971473
SEG_40_240_201_AB,2230,43.11172411578014,0.0,0.0,38.38525895510586,5.623507146909138,46.73795121688154,0.8404835340650538,0.07758635127745228,false,0.0
SEG_40_240_201_AB,2300,44.020856111255526,0.0,0.0,38.38525895510586,5.623507146909138,46.73795121688154,1.0021499055526535,0.05813466433343814,false,0.0
SEG_40_240_201_AB,2330,44.55393445693287,0.0,0.0,38.38525895510586,5.623507146909138,46.73795121688154,1.0969445473573398,0.04672897940720628,false,0.0
SEG_40_240_201_BA,0,40.38441302412407,0.0007974481658692185,0.00039872408293460925,34.929524247427516,3.9090754691465732,40.451017918475785,1.3954421754582969,0.0016465566944680308,false,1.3130436160032143e-6
SEG_40_240_201_BA,30,40.451017918475785,0.0,0.0,34.929524247427516,3.9090754691465732,40.451017918475785,1.4124807041020668,0.0,false,0.0
SEG_40_240_201_BA,100,40.34337200525502,0.0,0.0,34.929524247427516,3.9090754691465732,40.451017918475785,1.3849432686981231,0.002661142259453448,false,0.0
SEG_40_240_201_BA,130,40.13880176160204,0.0012004801920768306,0.0,34.929524247427516,3.9090754691465732,40.451017918475785,1.3326111392041786,0.007718375777415043,false,9.265757235792369e-6
SEG_40_240_201_BA,200,40.012989826011236,0.0,0.0,34.929524247427516,3.9090754691465732,40.451017918475785,1.3004265634435395,0.010828604940111581,false,0.0
SEG_40_240_201_BA,230,40.07607590262049,0.0006075334143377885,0.0006075334143377885,34.929524247427516,3.9090754691465732,40.451017918475785,1.3165649258535712,0.00926903784253211,false,5.631250208099702e-6
SEG_40_240_201_BA,300,40.37837522783637,0.0006002400960384153,0.0006002400960384153,34.929524247427516,3.9090754691465732,40.451017918475785,1.3938976168189574,0.001795818606736056,false,1.0779223329748233e-6
SEG_40_240_201_BA,330,39.99584826878616,0.0018105009052504525,0.0,34.929524247427516,3.9090754691465732,40.451017918475785,1.2960414966009144,0.011252365777468517,false,0.000020372418426315962
SEG_40_240_201_BA,400,40.13775202754417,0.0011997600479904018,0.0,34.929524247427516,3.9090754691465732,40.451017918475785,1.3323426015240651,0.007744326522585114,false,9.291333560390058e-6
SEG_40_240_201_BA,430,39.89099759424489,0.0,0.0,34.929524247427516,3.9090754691465732,40.451017918475785,1.2692191250788403,0.013844406223832297,false,0.0
SEG_40_240_201_BA,500,39.40125158927112,0.0,0.0,34.929524247427516,3.9090754691465732,40.451017918475785,1.1439347684990764,0.025951542957963245,false,0.0
SEG_40_240_201_BA,530,38.54908565649882,0.0,0.0,34.929524247427516,3.9090754691465732,40.451017918475785,0.9259379711749394,0.04701815578065514,false,0.0
SEG_40_240_201_BA,600,37.33008882438173,0.0,0.0,34.929524247427516,3.9090754691465732,40.451017918475785,0.6141003405795864,0.07715328945204576,false,0.0
SEG_40_240_201_BA,630,36.6209362135799,0.0,0.0,34.929524247427516,3.9090754691465732,40.451017918475785,0.4326884910517358,0.09468443322279198,false,0.0
SEG_40_240_201_BA,700,35.78128204822222,0.0017667844522968198,0.0,34.929524247427516,3.9090754691465732,40.451017918475785,0.21789239105702302,0.1154417394307571,false,0.00020396067037236235
SEG_40_240_201_BA,730,34.077497847049415,0.09190887666928516,0.02199528672427337,34.929524247427516,3.9090754691465732,40.451017918475785,-0.21796110284975254,0.15756142612458954,false,0.014481293681521583
SEG_40_240_201_BA,800,33.138764360562135,0.1278727165586329,0.05657041838538598,34.929524247427516,3.9090754691465732,40.451017918475785,-0.4581031758019085,0.18076809766939925,false,0.023115307716122357
SEG_40_240_201_BA,830,31.452479244323065,0.14794303797468356,0.09968354430379747,34.929524247427516,3.9090754691465732,40.451017918475785,-0.8894801419281774,0.22245518499159164,false,0.0329106958808763
SEG_40_240_201_BA,900,32.30438783749296,0.13396561944279786,0.05690574985180794,34.929524247427516,3.9090754691465732,40.451017918475785,-0.6715491759251384,0.2013949339272843,false,0.02697999707620999
SEG_40_240_201_BA,930,32.640530256063705,0.07946498819826908,0.015735641227380016,34.929524247427516,3.9090754691465732,40.451017918475785,-0.5855589152551055,0.19308507089124896,false,0.015343502879635047
SEG_40_240_201_BA,1000,33.17345417225027,0.06933019976498238,0.005875440658049354,34.929524247427516,3.9090754691465732,40.451017918475785,-0.4492290028774074,0.17991052192784324,false,0.012473232425079615
SEG_40_240_201_BA,1030,33.07707745785068,0.05284791544333529,0.007633587786259542,34.929524247427516,3.9090754691465732,40.451017918475785,-0.473883608591794,0.1822930754298052,false,0.009633809036219887
SEG_40_240_201_BA,1100,32.54443004865637,0.05108173076923077,0.006610576923076923,34.929524247427516,3.9090754691465732,40.451017918475785,-0.6101427863432513,0.1954607887928605,false,0.009984475389058379
SEG_40_240_201_BA,1130,32.479312920434495,0.038892162639952856,0.00648202710665881,34.929524247427516,3.9090754691465732,40.451017918475785,-0.6268007221482345,0.19707056603884018,false,0.007664500505930142
SEG_40_240_201_BA,1200,32.66027819004336,0.030303030303030304,0.0059417706476530005,34.929524247427516,3.9090754691465732,40.451017918475785,-0.5805070982371131,0.1925968771449395,false,0.005836269004392106
SEG_40_240_201_BA,1230,33.572464351212915,0.0187683284457478,0.0005865102639296188,34.929524247427516,3.9090754691465732,40.451017918475785,-0.3471562283526015,0.1700464888454915,false,0.003191488353698374
SEG_40_240_201_BA,1300,33.0901537165713,0.01929824561403509,0.0005847953216374269,34.929524247427516,3.9090754691465732,40.451017918475785,-0.4705385059393046,0.18196981388056613,false,0.003511698162607417
SEG_40_240_201_BA,1330,31.521461611297877,0.05005889281507656,0.0076560659599528855,34.929524247427516,3.9090754691465732,40.451017918475785,-0.8718334202111695,0.22074985418597787,false,0.011050493289639647
SEG_40_240_201_BA,1400,31.297327993528533,0.05581668625146886,0.008225616921269096,34.929524247427516,3.9090754691465732,40.451017918475785,-0.929170153548343,0.22629071889848174,false,0.01263079805837589
SEG_40_240_201_BA,1430,30.8172748055949,0.05861868833430064,0.008705745792222866,34.929524247427516,3.9090754691465732,40.451017918475785,-1.051974942486951,0.23815823701387562,true,0.013960523469762877
SEG_40_240_201_BA,1500,30.73680428605861,0.047265625,0.00703125,34.929524247427516,3.9090754691465732,40.451017918475785,-1.0725605055366856,0.24014756938861256,true,0.01135072495938364
SEG_40_240_201_BA,1530,29.99299502566141,0.0515748031496063,0.01141732283464567,34.929524247427516,3.9090754691465732,40.451017918475785,-1.2628380446294745,0.258535469092305,true,0.013333915925626756
SEG_40_240_201_BA,1600,29.305095773866988,0.06268480189237138,0.014192785334121822,34.929524247427516,3.9090754691465732,40.451017918475785,-1.4388129668902119,0.27554120311810393,true,0.01727224573064401
SEG_40_240_201_BA,1630,28.18940126755659,0.07996832937450514,0.021377672209026127,34.929524247427516,3.9090754691465732,40.451017918475785,-1.7242243167391251,0.30312257346974614,true,0.024240205796076292
SEG_40_240_201_BA,1700,28.52107512790627,0.08994082840236686,0.021893491124260357,34.929524247427516,3.9090754691465732,40.451017918475785,-1.6393771801290742,0.29492317880882246,true,0.02652563501712486
SEG_40_240_201_BA,1730,29.922335013872637,0.09249011857707509,0.015019762845849802,34.929524247427516,3.9090754691465732,40.451017918475785,-1.2809139329939938,0.26028227338611,true,0.02407353832899199
SEG_40_240_201_BA,1800,30.141580726816883,0.081437125748503,0.017964071856287425,34.929524247427516,3.9090754691465732,40.451017918475785,-1.2248275988531716,0.25486224382378575,true,0.02075524859882327
SEG_40_240_201_BA,1830,28.541997537418947,0.12549019607843137,0.03058823529411765,34.929524247427516,3.9090754691465732,40.451017918475785,-1.6340249146950057,0.2944059505513075,true,0.03694506046134055
SEG_40_240_201_BA,1900,32.68498680812118,0.0528169014084507,0.0029342723004694834,34.929524247427516,3.9090754691465732,40.451017918475785,-0.5741862639956554,0.19198604905335426,false,0.010140108224648992
SEG_40_240_201_BA,1930,35.65093922033598,0.02784407319013524,0.0,34.929524247427516,3.9090754691465732,40.451017918475785,0.18454874524741813,0.11866397794522239,false,0.003304088486939366
SEG_40_240_201_BA,2000,36.173675309294346,0.023909145248057383,0.0,34.929524247427516,3.9090754691465732,40.451017918475785,0.3182724589705741,0.10574128487450955,false,0.0025281837387808623
SEG_40_240_201_BA,2030,36.50021982978445,0.011390887290167866,0.0,34.929524247427516,3.9090754691465732,40.451017918475785,0.4018074336896459,0.09766869394124271,false,0.0011125330844625968
SEG_40_240_201_BA,2100,36.05810083209552,0.003569303985722784,0.0,34.929524247427516,3.9090754691465732,40.451017918475785,0.28870677825884844,0.10859843119977024,false,0.00038762081332458144
SEG_40_240_201_BA,2130,35.32799672445845,0.0,0.0,34.929524247427516,3.9090754691465732,40.451017918475785,0.10193522232455897,0.1266475223032007,false,0.0
SEG_40_240_201_BA,2200,36.11258635946669,0.0005952380952380953,0.0,34.929524247427516,3.9090754691465732,40.451017918475785,0.3026449914760687,0.10725148048814712,false,0.00006384016695723043
SEG_40_240_201_BA,2230,37.37663688459878,0.0,0.0,34.929524247427516,3.9090754691465732,40.451017918475785,0.6260080309233624,0.07600256290393119,false,0.0
SEG_40_240_201_BA,2300,38.55377237500437,0.0,0.0,34.929524247427516,3.9090754691465732,40.451017918475785,0.9271369039002204,0.04690229420913675,false,0.0
SEG_40_240_201_BA,2330,39.487782072816465,0.0,0.0,34.929524247427516,3.9090754691465732,40.451017918475785,1.1660705610229891,0.023812400657026896,false,0.0
SEG_41_212_241_AB,0,37.55446533255253,0.0,0.0,31.07463231498708,5.117416600641031,38.59654152561752,1.2662312888018064,0.02699921163592684,false,0.0
SEG_41_212_241_AB,30,37.80379554085935,0.0,0.0,31.07463231498708,5.117416600641031,38.59654152561752,1.3149531787248552,0.020539301020844166,false,0.0
SEG_41_212_241_AB,100,38.05988271192981,0.0,0.0,31.07463231498708,5.117416600641031,38.59654152561752,1.3649954541648464,0.013904323871389205,false,0.0
SEG_41_212_241_AB,130,38.14782876848564,0.0,0.0,31.07463231498708,5.117416600641031,38.59654152561752,1.3821810896952451,0.011625724466376273,false,0.0
SEG_41_212_241_AB,200,38.377155880500936,0.0006153846153846154,0.0,31.07463231498708,5.117416600641031,38.59654152561752,1.4269941525962746,0.005684075216194424,false,3.49789244073503e-6
SEG_41_212_241_AB,230,38.258543372656284,0.0,0.0,31.07463231498708,5.117416600641031,38.59654152561752,1.4038159521289149,0.008757213460094492,false,0.0
SEG_41_212_241_AB,300,38.393920504049255,0.0,0.0,31.07463231498708,5.117416600641031,38.59654152561752,1.4302701461017122,0.005249719626660789,false,0.0
SEG_41_212_241_AB,330,38.59654152561752,0.0,0.0,31.07463231498708,5.117416600641031,38.59654152561752,1.4698645425287846,0.0,false,0.0
SEG_41_212_241_AB,400,38.30939924553232,0.0,0.0,31.07463231498708,5.117416600641031,38.59654152561752,1.4137537541186267,0.007439585743572778,false,0.0
SEG_41_212_241_AB,430,38.01092699844761,0.0,0.0,31.07463231498708,5.117416600641031,38.59654152561752,1.3554289644098265,0.015172720249590802,false,0.0
SEG_41_212_241_AB,500,37.27351785485699,0.0,0.0,31.07463231498708,5.117416600641031,38.59654152561752,1.2113310335323118,0.034278295890381845,false,0.0
SEG_41_212_241_AB,530,36.33986382283698,0.00039308176100628933,0.0,31.07463231498708,5.117416600641031,38.59654152561752,1.0288846734093047,0.058468391559972306,false,0.00002298285831759918
SEG_41_212_241_AB,600,35.31446840796247,0.0,0.0,31.07463231498708,5.117416600641031,38.59654152561752,0.8285110288742743,0.08503541996053322,false,0.0
SEG_41_212_241_AB,630,33.44371120559685,0.006299212598425197,0.0,31.07463231498708,5.117416600641031,38.59654152561752,0.4629443087187793,0.1335049752216945,false,0.0008409762218689417
SEG_41_212_241_AB,700,30.758313484435618,0.023557126030624265,0.002355712603062426,31.07463231498708,5.117416600641031,38.59654152561752,-0.06181221019055582,0.20308109823724663,false,0.004784007025612406
SEG_41_212_241_AB,730,27.564520796121244,0.041633935585231735,0.003142183817753339,31.07463231498708,5.117416600641031,38.59654152561752,-0.6859147481614347,0.2858292555091766,false,0.011900196812243802
SEG_41_212_241_AB,800,25.3140554731517,0.14319387153800825,0.019446081319976428,31.07463231498708,5.117416600641031,38.59654152561752,-1.1256806493170373,0.34413669016561726,true,0.049278265003090745
SEG_41_212_241_AB,830,26.497244083283817,0.1550632911392405,0.014240506329113924,31.07463231498708,5.117416600641031,38.59654152561752,-0.8944724631428052,0.31348138885198007,false,0.048609455866288044
SEG_41_212_241_AB,900,28.548821463708688,0.06283343212803794,0.0035566093657379964,31.07463231498708,5.117416600641031,38.59654152561752,-0.4935714733410602,0.2603269532644499,false,0.016357235949040715
SEG_41_212_241_AB,930,28.13540836202523,0.0983477576711251,0.0007867820613690008,31.07463231498708,5.117416600641031,38.59654152561752,-0.5743569817227054,0.2710380969406019,false,0.026655989077557226
SEG_41_212_241_AB,1000,28.39299814949596,0.07050528789659224,0.0017626321974148062,31.07463231498708,5.117416600641031,38.59654152561752,-0.5240210783611419,0.2643641884169649,false,0.018639073213887067
SEG_41_212_241_AB,1030,28.496551443807757,0.048150322959483266,0.0011743981209630064,31.07463231498708,5.117416600641031,38.59654152561752,-0.5037856153545096,0.26168122019705153,false,0.012600035264919686
SEG_41_212_241_AB,1100,27.90731757586801,0.07632211538461539,0.0006009615384615385,31.07463231498708,5.117416600641031,38.59654152561752,-0.6189284528295622,0.2769477141534765,false,0.021137235395127116
SEG_41_212_241_AB,1130,27.754375746571014,0.10312315851502651,0.0035356511490866236,31.07463231498708,5.117416600641031,38.59654152561752,-0.6488149837166192,0.2809102927486464,false,0.028968356647621162
SEG_41_212_241_AB,1200,28.04950428245243,0.0778371954842543,0.0023767082590612004,31.07463231498708,5.117416600641031,38.59654152561752,-0.5911435922875053,0.2732637906472721,false,0.02127008709138006
SEG_41_212_241_AB,1230,28.217732232187057,0.06627565982404691,0.0,31.07463231498708,5.117416600641031,38.59654152561752,-0.5582699838121751,0.26890516308415296,false,0.01782186711349518
SEG_41_212_241_AB,1300,28.00470768784411,0.07192982456140351,0.0011695906432748538,31.07463231498708,5.117416600641031,38.59654152561752,-0.5998973440541109,0.274424428176896,false,0.019739300974127606
SEG_41_212_241_AB,1330,27.472646479737598,0.11130742049469965,0.004122497055359246,31.07463231498708,5.117416600641031,38.59654152561752,-0.7038680092604307,0.2882096324225502,false,0.03207987074667962
SEG_41_212_241_AB,1400,27.17709699010291,0.1445358401880141,0.004112808460634548,31.07463231498708,5.117416600641031,38.59654152561752,-0.7616216597249378,0.2958670410387736,false,0.04276339136048079
SEG_41_212_241_AB,1430,27.15528116100825,0.142774230992455,0.0023215322112594312,31.07463231498708,5.117416600641031,38.59654152561752,-0.7658847148555141,0.29643226860146027,false,0.04232288919092236
SEG_41_212_241_AB,1500,26.803552334634638,0.171875,0.00390625,31.07463231498708,5.117416600641031,38.59654152561752,-0.8346164312316157,0.30554523086364016,false,0.05251558655468815
SEG_41_212_241_AB,1530,26.364890174167,0.21968503937007874,0.016929133858267716,31.07463231498708,5.117416600641031,38.59654152561752,-0.9203358859292629,0.31691055384669775,false,0.06962050749860525
SEG_41_212_241_AB,1600,26.314053777057968,0.2117090479006505,0.01596688350088705,31.07463231498708,5.117416600641031,38.59654152561752,-0.9302698821379487,0.3182276769644593,false,0.06737167850578145
SEG_41_212_241_AB,1630,25.791164545140965,0.2454473475851148,0.01979414093428345,31.07463231498708,5.117416600641031,38.59654152561752,-1.032448241400609,0.3317752439548837,true,0.0814333536231306
SEG_41_212_241_AB,1700,24.668394361223392,0.27692307692307694,0.034911242603550295,31.07463231498708,5.117416600641031,38.59654152561752,-1.2518499965316905,0.36086516081109643,true,0.09993189068614979
SEG_41_212_241_AB,1730,23.67880456275565,0.3391304347826087,0.07272727272727272,31.07463231498708,5.117416600641031,38.59654152561752,-1.4452268262281,0.38650449945004994,true,0.13107543894392998
SEG_41_212_241_AB,1800,22.57893476915526,0.3778443113772455,0.11137724550898204,31.07463231498708,5.117416600641031,38.59654152561752,-1.660153590928597,0.415001088784884,true,0.1568058006127316
SEG_41_212_241_AB,1830,22.470214405402736,0.3796078431372549,0.12470588235294118,31.07463231498708,5.117416600641031,38.59654152561752,-1.6813987566512598,0.4178179309022111,true,0.15860696357385895
SEG_41_212_241_AB,1900,25.300879859543706,0.22711267605633803,0.04460093896713615,31.07463231498708,5.117416600641031,38.59654152561752,-1.1282553104470974,0.34447805789151187,true,0.07823533357043139
SEG_41_212_241_AB,1930,29.496516505092785,0.026252983293556086,0.003977724741447892,31.07463231498708,5.117416600641031,38.59654152561752,-0.3083813441525582,0.23577306828086686,false,0.006189746422648056
SEG_41_212_241_AB,2000,31.114427888215054,0.00657501494321578,0.0,31.07463231498708,5.117416600641031,38.59654152561752,0.007776496684477156,0.19385450979944388,false,0.0012745962987411135
SEG_41_212_241_AB,2030,31.82506497351261,0.0005995203836930455,0.0,31.07463231498708,5.117416600641031,38.59654152561752,0.14664287023876982,0.17544257294686635,false,0.00010518139864920045
SEG_41_212_241_AB,2100,31.521741237016958,0.00594883997620464,0.0,31.07463231498708,5.117416600641031,38.59654152561752,0.08737004565426032,0.18330140496927252,false,0.0010904307255756843
SEG_41_212_241_AB,2130,32.894308994256576,0.0,0.0,31.07463231498708,5.117416600641031,38.59654152561752,0.35558501901947054,0.14773946851108985,false,0.0
SEG_41_212_241_AB,2200,33.57818979722433,0.0005952380952380953,0.0,31.07463231498708,5.117416600641031,38.59654152561752,0.4892229180488539,0.13002076170639215,false,0.00007739331053951914
SEG_41_212_241_AB,2230,34.92113700559184,0.0011792452830188679,0.0,31.07463231498708,5.117416600641031,38.59654152561752,0.7516497074173962,0.09522626574161364,false,0.0001122951246952991
SEG_41_212_241_AB,2300,35.87215407167594,0.0,0.0,31.07463231498708,5.117416600641031,38.59654152561752,0.9374889971021517,0.07058631023023988,false,0.0
SEG_41_212_241_AB,2330,37.05732527402652,0.0,0.0,31.07463231498708,5.117416600641031,38.59654152561752,1.1690846037998972,0.039879641821518715,false,0.0
SEG_41_212_241_BA,0,38.63792276397009,0.005980861244019139,0.0,31.96660799384748,5.047925535332531,39.772030320757736,1.321595321370591,0.028515203967239666,false,0.0001705454782729645
SEG_41_212_241_BA,30,38.49685375649133,0.00195160031225605,0.0,31.96660799384748,5.047925535332531,39.772030320757736,1.2936493846701873,0.03206214402388367,false,0.00006257249028860981
SEG_41_212_241_BA,100,38.84534709536435,0.001201923076923077,0.0006009615384615385,31.96660799384748,5.047925535332531,39.772030320757736,1.36268632597088,0.023299872244885878,false,0.000028004654140487835
SEG_41_212_241_BA,130,39.56772138755898,0.0006002400960384153,0.0,31.96660799384748,5.047925535332531,39.772030320757736,1.505789524926259,0.005137000337951583,false,3.0834335762014298e-6
SEG_41_212_241_BA,200,39.15247691644584,0.0024615384615384616,0.0,31.96660799384748,5.047925535332531,39.772030320757736,1.423529105629922,0.015577615709212058,false,0.00003834490020729122
SEG_41_212_241_BA,230,38.78259238434739,0.0018226002430133657,0.0,31.96660799384748,5.047925535332531,39.772030320757736,1.3502545437312812,0.024877732628448234,false,0.00004534216153423129
SEG_41_212_241_BA,300,38.282943790605266,0.0,0.0,31.96660799384748,5.047925535332531,39.772030320757736,1.251273568230578,0.03744054598528476,false,0.0
SEG_41_212_241_BA,330,39.65599707763645,0.0006035003017501509,0.0,31.96660799384748,5.047925535332531,39.772030320757736,1.5232770432067066,0.0029174583793054854,false,1.7606870122543666e-6
SEG_41_212_241_BA,400,39.772030320757736,0.0,0.0,31.96660799384748,5.047925535332531,39.772030320757736,1.5462633654709956,0.0,false,0.0
SEG_41_212_241_BA,430,38.86959450898746,0.0005927682276229994,0.0,31.96660799384748,5.047925535332531,39.772030320757736,1.367489767197061,0.022690212304783373,false,0.000013450036932296012
SEG_41_212_241_BA,500,38.8855127595467,0.0,0.0,31.96660799384748,5.047925535332531,39.772030320757736,1.3706431914002946,0.022289974991504192,false,0.0
SEG_41_212_241_BA,530,37.4611775528603,0.0,0.0,31.96660799384748,5.047925535332531,39.772030320757736,1.0884807076796283,0.05810245917195134,false,0.0
SEG_41_212_241_BA,600,35.513975594431706,0.002366863905325444,0.0,31.96660799384748,5.047925535332531,39.772030320757736,0.7027377039844833,0.10706153776875894,false,0.0002534000893935123
SEG_41_212_241_BA,630,34.03760928724055,0.005511811023622047,0.0,31.96660799384748,5.047925535332531,39.772030320757736,0.4102677979097098,0.14418225540083351,false,0.0007947053447290036
SEG_41_212_241_BA,700,33.111234114448884,0.02061248527679623,0.0017667844522968198,31.96660799384748,5.047925535332531,39.772030320757736,0.22675178399318502,0.16747438218743546,false,0.0034520632370790586
SEG_41_212_241_BA,730,29.970251318831362,0.07384131971720345,0.003142183817753339,31.96660799384748,5.047925535332531,39.772030320757736,-0.3954806110040224,0.24644904780761592,false,0.018198122933162527
SEG_41_212_241_BA,800,28.562140348519282,0.136122569239835,0.011785503830288745,31.96660799384748,5.047925535332531,39.772030320757736,-0.6744290543707332,0.28185360118233166,false,0.03836663634243878
SEG_41_212_241_BA,830,27.721117460177418,0.20015822784810128,0.023734177215189875,31.96660799384748,5.047925535332531,39.772030320757736,-0.841036680108315,0.3029996900683929,false,0.06064788100261345
SEG_41_212_241_BA,900,29.075177345994188,0.10966212211025489,0.008298755186721992,31.96660799384748,5.047925535332531,39.772030320757736,-0.5727958203057799,0.26895415920420507,false,0.02949408384871247
SEG_41_212_241_BA,930,29.366757927661055,0.0975609756097561,0.010228166797797011,31.96660799384748,5.047925535332531,39.772030320757736,-0.5150333633071628,0.2616228618247327,false,0.025524181641437337
SEG_41_212_241_BA,1000,29.573583588058224,0.06227967097532315,0.0,31.96660799384748,5.047925535332531,39.772030320757736,-0.4740609561372254,0.256422582665506,false,0.015969914079050317
SEG_41_212_241_BA,1030,29.55155405214363,0.05989430416911333,0.0,31.96660799384748,5.047925535332531,39.772030320757736,-0.47842503317449553,0.2569764778460369,false,0.015391427328417947
SEG_41_212_241_BA,1100,29.12149820475004,0.0889423076923077,0.0018028846153846155,31.96660799384748,5.047925535332531,39.772030320757736,-0.5636196035744448,0.26778950006102636,false,0.023817816111197057
SEG_41_212_241_BA,1130,28.622493469677607,0.10312315851502651,0.004714201532115498,31.96660799384748,5.047925535332531,39.772030320757736,-0.6624730299135798,0.2803361246876297,false,0.028909146623650676
SEG_41_212_241_BA,1200,28.882981101331186,0.09566250742721331,0.006535947712418301,31.96660799384748,5.047925535332531,39.772030320757736,-0.6108701229708531,0.2737866066078945,false,0.026191113288099237
SEG_41_212_241_BA,1230,29.46722342264027,0.06451612903225806,0.0011730205278592375,31.96660799384748,5.047925535332531,39.772030320757736,-0.49513103030402805,0.2590968279720737,false,0.016715924385295074
SEG_41_212_241_BA,1300,28.96638976893073,0.08128654970760234,0.0029239766081871343,31.96660799384748,5.047925535332531,39.772030320757736,-0.59434676758145,0.2716894376445084,false,0.02208469697812086
SEG_41_212_241_BA,1330,28.205286184574362,0.1513545347467609,0.005889281507656066,31.96660799384748,5.047925535332531,39.772030320757736,-0.7451222849754934,0.29082609167544765,false,0.04401784779775621
SEG_41_212_241_BA,1400,27.855590160416174,0.15863689776733256,0.0035252643948296123,31.96660799384748,5.047925535332531,39.772030320757736,-0.8143974796491311,0.29961860292865555,false,0.04753056568198414
SEG_41_212_241_BA,1430,27.657027605621085,0.16540917005223446,0.005803830528148578,31.96660799384748,5.047925535332531,39.772030320757736,-0.8537329558571828,0.30461112036348853,false,0.05038547260800593
SEG_41_212_241_BA,1500,27.416653941547565,0.178515625,0.010546875,31.96660799384748,5.047925535332531,39.772030320757736,-0.9013512621081455,0.3106549069676656,false,0.05545675487664969
SEG_41_212_241_BA,1530,26.908128742169612,0.21181102362204723,0.026771653543307086,31.96660799384748,5.047925535332531,39.772030320757736,-1.0020907036507305,0.3234409074629067,true,0.06850834969096213
SEG_41_212_241_BA,1600,26.49435577508267,0.23654642223536368,0.036073329390892965,31.96660799384748,5.047925535332531,39.772030320757736,-1.08405961626459,0.3338445243703138,true,0.07896972782266441
SEG_41_212_241_BA,1630,25.48436442200611,0.3159144893111639,0.05146476642913698,31.96660799384748,5.047925535332531,39.772030320757736,-1.2841400940781413,0.35923903767353405,true,0.11348881712726848
SEG_41_212_241_BA,1700,24.91977088968481,0.33550295857988166,0.0485207100591716,31.96660799384748,5.047925535332531,39.772030320757736,-1.3959867384807727,0.37343478095764365,true,0.1252884738479195
SEG_41_212_241_BA,1730,24.344120690997535,0.3438735177865613,0.07430830039525692,31.96660799384748,5.047925535332531,39.772030320757736,-1.510023721526196,0.3879085252961828,true,0.13339146917299569
SEG_41_212_241_BA,1800,23.448996189222974,0.38922155688622756,0.10479041916167664,31.96660799384748,5.047925535332531,39.772030320757736,-1.6873489406700228,0.41041490715688905,true,0.15974232913292088
SEG_41_212_241_BA,1830,24.54077688225256,0.3137254901960784,0.06823529411764706,31.96660799384748,5.047925535332531,39.772030320757736,-1.4710658981830136,0.38296394012743457,true,0.12014554984390104
SEG_41_212_241_BA,1900,27.12620197592023,0.1637323943661972,0.022887323943661973,31.96660799384748,5.047925535332531,39.772030320757736,-0.9588901389387048,0.3179578272180241,false,0.05205999635788071
SEG_41_212_241_BA,1930,30.147265469796423,0.04295942720763723,0.0007955449482895784,31.96660799384748,5.047925535332531,39.772030320757736,-0.3604138990000388,0.24199832830606025,false,0.010396109569234091
SEG_41_212_241_BA,2000,31.219552654297704,0.020322773460848775,0.0005977286312014345,31.96660799384748,5.047925535332531,39.772030320757736,-0.14799254353512614,0.21503749236549133,false,0.0043701582429328785
SEG_41_212_241_BA,2030,32.40450957981845,0.006594724220623501,0.0,31.96660799384748,5.047925535332531,39.772030320757736,0.08674882046217158,0.18524376758040545,false,0.0012216315607820503
SEG_41_212_241_BA,2100,32.144828252903004,0.003569303985722784,0.000594883997620464,31.96660799384748,5.047925535332531,39.772030320757736,0.035305643438693246,0.19177301250004222,false,0.000684496177870466
SEG_41_212_241_BA,2130,33.03585941841759,0.005952380952380952,0.0,31.96660799384748,5.047925535332531,39.772030320757736,0.21181996784341858,0.1693695506116624,false,0.001008152086974181
SEG_41_212_241_BA,2200,33.6682978097379,0.002976190476190476,0.0,31.96660799384748,5.047925535332531,39.772030320757736,0.3371067588021231,0.15346796383774725,false,0.00045674989237424774
SEG_41_212_241_BA,2230,35.09720248113201,0.0005896226415094339,0.0,31.96660799384748,5.047925535332531,39.772030320757736,0.6201744588687365,0.11754058824565089,false,0.0000693045921259734
SEG_41_212_241_BA,2300,36.68188438933554,0.0017699115044247787,0.0,31.96660799384748,5.047925535332531,39.772030320757736,0.9341018132070061,0.0776964592076505,false,0.00013751585700469114
SEG_41_212_241_BA,2330,37.642352870336616,0.0005963029218843172,0.0,31.96660799384748,5.047925535332531,39.772030320757736,1.124371751675463,0.05354711422186569,false,0.00003193030066897179
SEG_42_241_242_AB,0,40.15101111719596,0.013556618819776715,0.0043859649122807015,31.238419721017237,6.692376642159756,41.354688939725115,1.331752809612111,0.02910619940301162,false,0.0003945816505990411
SEG_42_241_242_AB,30,40.647056568216094,0.00741608118657299,0.00273224043715847,31.238419721017237,6.692376642159756,41.354688939725115,1.4058737800152432,0.017111297162466937,false,0.00012689876896443083
SEG_42_241_242_AB,100,40.55788775284332,0.015625,0.007211538461538462,31.238419721017237,6.692376642159756,41.354688939725115,1.3925498414295039,0.019267493174550045,false,0.00030105458085234445
SEG_42_241_242_AB,130,40.437883404222184,0.012004801920768308,0.004801920768307323,31.238419721017237,6.692376642159756,41.354688939725115,1.3746183418983584,0.022169324906280506,false,0.0002661383542170529
SEG_42_241_242_AB,200,41.117784501805374,0.012307692307692308,0.008,31.238419721017237,6.692376642159756,41.354688939725115,1.4762117120772031,0.005728599198630925,false,0.00007050583629084215
SEG_42_241_242_AB,230,41.106911138835876,0.009113001215066828,0.0006075334143377885,31.238419721017237,6.692376642159756,41.354688939725115,1.4745869734303971,0.005991528584591153,false,0.000054600807271486806
SEG_42_241_242_AB,300,41.354688939725115,0.00900360144057623,0.004201680672268907,31.238419721017237,6.692376642159756,41.354688939725115,1.5116108610771744,0.0,false,0.0
SEG_42_241_242_AB,330,40.611986201768026,0.010259505129752565,0.006638503319251659,31.238419721017237,6.692376642159756,41.354688939725115,1.4006334344215514,0.017959335615837558,false,0.00018425389587763336
SEG_42_241_242_AB,400,39.09923180825002,0.023395320935812838,0.010797840431913617,31.238419721017237,6.692376642159756,41.354688939725115,1.1745920033418724,0.054539332523149894,false,0.0012759651880041066
SEG_42_241_242_AB,430,38.59489350589245,0.02133965619442798,0.013633669235328987,31.238419721017237,6.692376642159756,41.354688939725115,1.0992318840114086,0.06673476465643581,false,0.0014240969339844038
SEG_42_241_242_AB,500,39.77926552655412,0.01965503409546731,0.006016847172081829,31.238419721017237,6.692376642159756,41.354688939725115,1.2762051902058804,0.03809539990657869,false,0.0007487663840442663
SEG_42_241_242_AB,530,39.216169374219014,0.019261006289308175,0.0047169811320754715,31.238419721017237,6.692376642159756,41.354688939725115,1.1920652527152455,0.05171165883082848,false,0.0009960185859711462
SEG_42_241_242_AB,600,36.951183165566846,0.015976331360946745,0.0053254437869822485,31.238419721017237,6.692376642159756,41.354688939725115,0.8536225245544448,0.10648141449150843,false,0.0017011823616986553
SEG_42_241_242_AB,630,33.42296842066811,0.012598425196850394,0.002362204724409449,31.238419721017237,6.692376642159756,41.354688939725115,0.32642345409685136,0.19179736862771635,false,0.0024163448016090248
SEG_42_241_242_AB,700,27.59937442446058,0.07950530035335689,0.007067137809187279,31.238419721017237,6.692376642159756,41.354688939725115,-0.543759786864337,0.3326180142549989,false,0.02644489512628083
SEG_42_241_242_AB,730,22.665311189364846,0.26865671641791045,0.051846032992930086,31.238419721017237,6.692376642159756,41.354688939725115,-1.2810260076584223,0.451928867790548,true,0.1214137256750726
SEG_42_241_242_AB,800,21.98547413122474,0.38185032410135533,0.0648202710665881,31.238419721017237,6.692376642159756,41.354688939725115,-1.3826098088236702,0.46836804495691414,true,0.17884648976551584
SEG_42_241_242_AB,830,23.5375477990646,0.3299050632911392,0.03401898734177215,31.238419721017237,6.692376642159756,41.354688939725115,-1.1506931444114628,0.4308372665220425,true,0.14213539568013586
SEG_42_241_242_AB,900,26.74612678108048,0.11262596324836989,0.017190278601066984,31.238419721017237,6.692376642159756,41.354688939725115,-0.6712552475957195,0.35325044228809854,false,0.0397851713306098
SEG_42_241_242_AB,930,28.604010459370134,0.07631785995279308,0.011014948859166011,31.238419721017237,6.692376642159756,41.354688939725115,-0.3936433052872724,0.30832485522836905,false,0.02353069312128387
SEG_42_241_242_AB,1000,29.697897276154258,0.07226792009400705,0.008225616921269096,31.238419721017237,6.692376642159756,41.354688939725115,-0.23019063738257026,0.28187351815318334,false,0.0203704128865109
SEG_42_241_242_AB,1030,30.116229906548728,0.057545507927187316,0.0064591896652965355,31.238419721017237,6.692376642159756,41.354688939725115,-0.16768180789453557,0.2717577938878118,false,0.01563844028244601
SEG_42_241_242_AB,1100,30.001479725319786,0.0655048076923077,0.010216346153846154,31.238419721017237,6.692376642159756,41.354688939725115,-0.18482821004202588,0.2745325743098382,false,0.017983203485440122
SEG_42_241_242_AB,1130,30.181214586205623,0.07365939893930465,0.016499705362404242,31.238419721017237,6.692376642159756,41.354688939725115,-0.15797155350635406,0.2701863957870641,false,0.019901767515252217
SEG_42_241_242_AB,1200,29.783851560686212,0.0707070707070707,0.013666072489601902,31.238419721017237,6.692376642159756,41.354688939725115,-0.2173470260426957,0.2797950528875581,false,0.01978348858800916
SEG_42_241_242_AB,1230,28.989669057041468,0.06158357771260997,0.007624633431085044,31.238419721017237,6.692376642159756,41.354688939725115,-0.3360167522266134,0.2989992235392168,false,0.0184134419188374
SEG_42_241_242_AB,1300,27.055935507827826,0.07134502923976609,0.010526315789473684,31.238419721017237,6.692376642159756,41.354688939725115,-0.6249624665236482,0.34575894048527045,false,0.02466818171883216
SEG_42_241_242_AB,1330,25.096628032780206,0.09010600706713781,0.005889281507656066,31.238419721017237,6.692376642159756,41.354688939725115,-0.917729532666434,0.39313706193368303,false,0.035424010880950235
SEG_42_241_242_AB,1400,24.326393337730355,0.15276145710928318,0.010575793184488837,31.238419721017237,6.692376642159756,41.354688939725115,-1.0328208875369336,0.4117621493130725,true,0.06290138591151517
SEG_42_241_242_AB,1430,23.791733473059146,0.2008125362739408,0.005803830528148578,31.238419721017237,6.692376642159756,41.354688939725115,-1.1127117683494432,0.4246907888066612,true,0.08528323443244619
SEG_42_241_242_AB,1500,23.344475176401858,0.21484375,0.01015625,31.238419721017237,6.692376642159756,41.354688939725115,-1.179542779299979,0.43550596619341836,true,0.09356573492436722
SEG_42_241_242_AB,1530,23.159117044237373,0.24803149606299213,0.01141732283464567,31.238419721017237,6.692376642159756,41.354688939725115,-1.2072396861053716,0.4399881213472063,true,0.1091309119876929
SEG_42_241_242_AB,1600,23.22179397384212,0.20816085156712005,0.013010053222945003,31.238419721017237,6.692376642159756,41.354688939725115,-1.197874264379119,0.43847252707696277,true,0.09127281462512768
SEG_42_241_242_AB,1630,23.282605407774717,0.19873317498020585,0.00791765637371338,31.238419721017237,6.692376642159756,41.354688939725115,-1.1887875920078266,0.4370020424598199,true,0.08684680337087473
SEG_42_241_242_AB,1700,23.496281306975934,0.23964497041420119,0.010650887573964497,31.238419721017237,6.692376642159756,41.354688939725115,-1.1568593383206194,0.43183513382915284,true,0.10348711787029995
SEG_42_241_242_AB,1730,23.634522633274255,0.23478260869565218,0.028458498023715414,31.238419721017237,6.692376642159756,41.354688939725115,-1.136202801235207,0.4284923127405984,true,0.10060254299127093
SEG_42_241_242_AB,1800,23.988444400419503,0.22395209580838324,0.02874251497005988,31.238419721017237,6.692376642159756,41.354688939725115,-1.0833184843371324,0.41993411108996836,true,0.09404512428002884
SEG_42_241_242_AB,1830,25.101600708335408,0.16470588235294117,0.021176470588235293,31.238419721017237,6.692376642159756,41.354688939725115,-0.9169864968480559,0.39301681739351857,false,0.06473218168834423
SEG_42_241_242_AB,1900,26.02133151632982,0.13321596244131456,0.022887323943661973,31.238419721017237,6.692376642159756,41.354688939725115,-0.7795568724900345,0.37077675631278045,false,0.049393382443075805
SEG_42_241_242_AB,1930,27.706287821669985,0.07159904534606205,0.015910898965791568,31.238419721017237,6.692376642159756,41.354688939725115,-0.5277843863562597,0.33003273553690166,false,0.02363002879739153
SEG_42_241_242_AB,2000,29.108366783516,0.05080693365212194,0.010759115361625823,31.238419721017237,6.692376642159756,41.354688939725115,-0.3182804930736577,0.2961289873092324,false,0.015045405810690232
SEG_42_241_242_AB,2030,30.14377074007976,0.029376498800959234,0.0077937649880095924,31.238419721017237,6.692376642159756,41.354688939725115,-0.16356655332898515,0.27109182748261956,false,0.007963728744993022
SEG_42_241_242_AB,2100,31.734451794084016,0.02676977989292088,0.007138607971445568,31.238419721017237,6.692376642159756,41.354688939725115,0.07411897141920273,0.2326274817267443,false,0.006227386482869419
SEG_42_241_242_AB,2130,34.09975415214723,0.02976190476190476,0.009523809523809525,31.238419721017237,6.692376642159756,41.354688939725115,0.4275513145964515,0.17543197575859004,false,0.005221189754719941
SEG_42_241_242_AB,2200,35.22337359823462,0.016666666666666666,0.007142857142857143,31.238419721017237,6.692376642159756,41.354688939725115,0.5954467434055484,0.14826167234450602,false,0.0024710278724084335
SEG_42_241_242_AB,2230,36.4677475770971,0.018867924528301886,0.007075471698113208,31.238419721017237,6.692376642159756,41.354688939725115,0.7813857670736625,0.11817139695454565,false,0.0022296489991423707
SEG_42_241_242_AB,2300,37.371410079381285,0.018289085545722714,0.005309734513274336,31.238419721017237,6.692376642159756,41.354688939725115,0.9164144049706109,0.09631988445492844,false,0.0017616026065503136
SEG_42_241_242_AB,2330,39.111013221344855,0.01311866428145498,0.0041741204531902205,31.238419721017237,6.692376642159756,41.354688939725115,1.1763524262416563,0.05425444552733646,false,0.0007117458566496136
SEG_42_241_242_BA,0,40.55815512027374,0.003189792663476874,0.0007974481658692185,30.998920753039027,7.403807385727102,42.14914572140887,1.2911241296826272,0.03774668676919396,false,0.00012040410452693448
SEG_42_241_242_BA,30,41.235775993790355,0.00195160031225605,0.00039032006245121,30.998920753039027,7.403807385727102,42.14914572140887,1.3826474281983232,0.021669946376981653,false,0.00004229107411588925
SEG_42_241_242_BA,100,41.21629686989939,0.0018028846153846155,0.0006009615384615385,30.998920753039027,7.403807385727102,42.14914572140887,1.3800164678185975,0.022132093914199076,false,0.00003990161162415699
SEG_42_241_242_BA,130,41.81182186541627,0.0012004801920768306,0.0012004801920768306,30.998920753039027,7.403807385727102,42.14914572140887,1.4604514338422847,0.008003100661213722,false,9.607563818984059e-6
SEG_42_241_242_BA,200,41.869306423821776,0.0006153846153846154,0.0,30.998920753039027,7.403807385727102,42.14914572140887,1.4682156226455108,0.006639263804698091,false,4.0857008028911336e-6
SEG_42_241_242_BA,230,42.14914572140887,0.00425273390036452,0.0018226002430133657,30.998920753039027,7.403807385727102,42.14914572140887,1.5060122971141854,0.0,false,0.0
SEG_42_241_242_BA,300,41.56026962884417,0.0012004801920768306,0.0,30.998920753039027,7.403807385727102,42.14914572140887,1.4264753694383079,0.013971246213552432,false,0.000016772204337998116
SEG_42_241_242_BA,330,41.8227359381671,0.0006035003017501509,0.0,30.998920753039027,7.403807385727102,42.14914572140887,1.4619255500884567,0.007744161302799029,false,4.673603683041056e-6
SEG_42_241_242_BA,400,41.308823125203475,0.0011997600479904018,0.0,30.998920753039027,7.403807385727102,42.14914572140887,1.392513585920624,0.019936883223200665,false,0.000023919475972646268
SEG_42_241_242_BA,430,40.45857308455559,0.0017783046828689982,0.0,30.998920753039027,7.403807385727102,42.14914572140887,1.2776740180670654,0.040109297778592644,false,0.0000713265520662584
SEG_42_241_242_BA,500,39.67541420701948,0.003208985158443642,0.00040112314480545525,30.998920753039027,7.403807385727102,42.14914572140887,1.1718961612516834,0.05868995615569277,false,0.00018833519825332617
SEG_42_241_242_BA,530,38.98405104207755,0.00589622641509434,0.0007861635220125787,30.998920753039027,7.403807385727102,42.14914572140887,1.0785167513179887,0.0750927361672165,false,0.000442763774570852
SEG_42_241_242_BA,600,36.443212015941235,0.014792899408284023,0.000591715976331361,30.998920753039027,7.403807385727102,42.14914572140887,0.7353366962784031,0.1353748363770375,false,0.0020025863369384244
SEG_42_241_242_BA,630,33.7880722831397,0.026771653543307086,0.002362204724409449,30.998920753039027,7.403807385727102,42.14914572140887,0.3767185428780247,0.19836875208652976,false,0.00531065950467875
SEG_42_241_242_BA,700,31.84130069413968,0.06065959952885748,0.002355712603062426,30.998920753039027,7.403807385727102,42.14914572140887,0.11377658780326651,0.24455644001424007,false,0.014834695713466859
SEG_42_241_242_BA,730,28.57151444789351,0.11311861743912019,0.002356637863315004,30.998920753039027,7.403807385727102,42.14914572140887,-0.3278591917214132,0.32213301221473767,false,0.03643924097323034
SEG_42_241_242_BA,800,25.804635560698895,0.21096051856216852,0.004714201532115498,30.998920753039027,7.403807385727102,42.14914572140887,-0.7015694657796692,0.3877779698962698,false,0.08180584161630204
SEG_42_241_242_BA,830,22.87587356544457,0.3536392405063291,0.061708860759493674,30.998920753039027,7.403807385727102,42.14914572140887,-1.0971445858051208,0.4572636485530192,true,0.16170636938544272
SEG_42_241_242_BA,900,23.15504351078422,0.3206876111440427,0.06046235921754594,30.998920753039027,7.403807385727102,42.14914572140887,-1.0594383178276707,0.4506402653133003,true,0.14451475016863988
SEG_42_241_242_BA,930,23.819227476854557,0.3013375295043273,0.03068450039339103,30.998920753039027,7.403807385727102,42.14914572140887,-0.9697298838466982,0.4348823192220471,false,0.13104636369948391
SEG_42_241_242_BA,1000,24.296787786173333,0.24206815511163338,0.018213866039952998,30.998920753039027,7.403807385727102,42.14914572140887,-0.9052278939327782,0.42355207038437714,false,0.10252846827165886
SEG_42_241_242_BA,1030,24.93459811437381,0.22489724016441573,0.023487962419260128,30.998920753039027,7.403807385727102,42.14914572140887,-0.8190816322904193,0.40841984605849924,false,0.091852496206932
SEG_42_241_242_BA,1100,24.47482020849014,0.22175480769230768,0.028846153846153848,30.998920753039027,7.403807385727102,42.14914572140887,-0.8811818304627839,0.4193282025154163,false,0.09298804490876719
SEG_42_241_242_BA,1130,23.812514225617424,0.2610489098408957,0.019446081319976428,30.998920753039027,7.403807385727102,42.14914572140887,-0.970636613436946,0.4350415929421245,false,0.11356713357298831
SEG_42_241_242_BA,1200,24.35285611967526,0.23291740938799763,0.009506833036244802,30.998920753039027,7.403807385727102,42.14914572140887,-0.8976549884557917,0.42222183385069934,false,0.09834281572755445
SEG_42_241_242_BA,1230,26.01235514457815,0.09149560117302052,0.01407624633431085,30.998920753039027,7.403807385727102,42.14914572140887,-0.6735136867652537,0.3828497660068669,false,0.03502906949974852
SEG_42_241_242_BA,1300,27.604780395219827,0.052046783625730994,0.0029239766081871343,30.998920753039027,7.403807385727102,42.14914572140887,-0.4584317474766226,0.345069041786095,false,0.01795973375377921
SEG_42_241_242_BA,1330,28.411706309329873,0.028857479387514724,0.001177856301531213,30.998920753039027,7.403807385727102,42.14914572140887,-0.3494437806008743,0.32592450397165046,false,0.009405359655247863
SEG_42_241_242_BA,1400,27.933911100776186,0.046415981198589897,0.0005875440658049354,30.998920753039027,7.403807385727102,42.14914572140887,-0.4139774973308327,0.3372603258578577,false,0.015654268944048626
SEG_42_241_242_BA,1430,26.875718904766874,0.08763784097504353,0.002901915264074289,30.998920753039027,7.403807385727102,42.14914572140887,-0.556902905959003,0.3623662248718874,false,0.03175699359004933
SEG_42_241_242_BA,1500,26.130094578001984,0.121875,0.005078125,30.998920753039027,7.403807385727102,42.14914572140887,-0.6576111345661233,0.38005636577517415,false,0.04631936957884935
SEG_42_241_242_BA,1530,25.587226794243904,0.12086614173228347,0.007874015748031496,30.998920753039027,7.403807385727102,42.14914572140887,-0.7309339204620137,0.3929360522899673,false,0.047492664587803136
SEG_42_241_242_BA,1600,25.504188984961033,0.11117681845062094,0.011235955056179775,30.998920753039027,7.403807385727102,42.14914572140887,-0.7421494755077797,0.3949061470062807,false,0.04390440901075149
SEG_42_241_242_BA,1630,23.955048936680917,0.2367379255740301,0.010292953285827395,30.998920753039027,7.403807385727102,42.14914572140887,-0.9513850711374706,0.4316599179728239,false,0.10219027353434232
SEG_42_241_242_BA,1700,22.20389761237966,0.3467455621301775,0.07337278106508875,30.998920753039027,7.403807385727102,42.14914572140887,-1.1879054495142891,0.4732064616649726,true,0.1640822405536532
SEG_42_241_242_BA,1730,18.748497344259196,0.5905138339920949,0.2790513833992095,30.998920753039027,7.403807385727102,42.14914572140887,-1.6546113061228374,0.5551867772556954,true,0.3278454724189759
SEG_42_241_242_BA,1800,19.491099944119803,0.5167664670658683,0.23592814371257484,30.998920753039027,7.403807385727102,42.14914572140887,-1.5543112090008917,0.5375683276489359,true,0.27779728548564775
SEG_42_241_242_BA,1830,21.018255287521256,0.4329411764705882,0.13568627450980392,30.998920753039027,7.403807385727102,42.14914572140887,-1.3480449916563575,0.5013361498132233,true,0.21704906250737194
SEG_42_241_242_BA,1900,23.708724517643333,0.27992957746478875,0.04284037558685446,30.998920753039027,7.403807385727102,42.14914572140887,-0.9846550370083337,0.4375040321255923,false,0.12247031885205842
SEG_42_241_242_BA,1930,28.3973497255158,0.0883054892601432,0.008750994431185362,30.998920753039027,7.403807385727102,42.14914572140887,-0.3513828618149197,0.326265117845748,false,0.028811000859887057
SEG_42_241_242_BA,2000,30.83873017751503,0.02211595935445308,0.0017931858936043037,30.998920753039027,7.403807385727102,42.14914572140887,-0.021636242973150567,0.26834269948557765,false,0.005934656234887253
SEG_42_241_242_BA,2030,32.235321066518324,0.010191846522781775,0.0,30.998920753039027,7.403807385727102,42.14914572140887,0.16699520247687735,0.23520819900876438,false,0.0023972058651972393
SEG_42_241_242_BA,2100,31.951184372530054,0.021415823914336704,0.001189767995240928,30.998920753039027,7.403807385727102,42.14914572140887,0.12861809740307137,0.24194941971739542,false,0.005181546168843685
SEG_42_241_242_BA,2130,33.0228759713342,0.008928571428571428,0.0005952380952380953,30.998920753039027,7.403807385727102,42.14914572140887,0.27336681154035847,0.21652324368318457,false,0.0019332432471712907
SEG_42_241_242_BA,2200,34.30058136128147,0.0125,0.0005952380952380953,30.998920753039027,7.403807385727102,42.14914572140887,0.445940910700529,0.18620933415836388,false,0.0023276166769795486
SEG_42_241_242_BA,2230,35.77669315201216,0.008254716981132075,0.0005896226415094339,30.998920753039027,7.403807385727102,42.14914572140887,0.6453128978184408,0.15118817855802819,false,0.0012480156248893836
SEG_42_241_242_BA,2300,37.73892061460977,0.004129793510324484,0.0011799410029498525,30.998920753039027,7.403807385727102,42.14914572140887,0.9103424103879263,0.1046337958057122,false,0.0004321159708790474
SEG_42_241_242_BA,2330,39.680208820370304,0.0011926058437686344,0.0,30.998920753039027,7.403807385727102,42.14914572140887,1.1725437487834804,0.05857620264375885,false,0.00006985832157872253
SEG_43_242_243_AB,0,38.10048509182382,0.003987240829346092,0.0007974481658692185,29.54012732094675,6.37074549691694,40.05071439521697,1.3436979667481261,0.04869399542161614,false,0.00019415468668905955
SEG_43_242_243_AB,30,38.78814907989253,0.00273224043715847,0.00078064012490242,29.54012732094675,6.37074549691694,40.05071439521697,1.4516388644659042,0.03152416465947547,false,0.00008613159743026084
SEG_43_242_243_AB,100,39.2383898701182,0.004807692307692308,0.0,29.54012732094675,6.37074549691694,40.05071439521697,1.5223120361447227,0.02028239788890719,false,0.00009751152831205381
SEG_43_242_243_AB,130,39.56356933637181,0.006602641056422569,0.0,29.54012732094675,6.37074549691694,40.05071439521697,1.573354644330999,0.012163205231198947,false,0.00008030927823720794
SEG_43_242_243_AB,200,39.814419899649195,0.0012307692307692308,0.0,29.54012732094675,6.37074549691694,40.05071439521697,1.6127300303668684,0.005899882165297792,false,7.261393434212668e-6
SEG_43_242_243_AB,230,40.05071439521697,0.0036452004860267314,0.001215066828675577,29.54012732094675,6.37074549691694,40.05071439521697,1.6498205868303355,0.0,false,0.0
SEG_43_242_243_AB,300,39.907390095207624,0.001800720288115246,0.0,29.54012732094675,6.37074549691694,40.05071439521697,1.6273233296288498,0.0035785703744266625,false,6.444004275678264e-6
SEG_43_242_243_AB,330,39.367281530820215,0.0030175015087507543,0.0012070006035003018,29.54012732094675,6.37074549691694,40.05071439521697,1.5425438380216603,0.01706418661232108,false,0.000051491208848283284
SEG_43_242_243_AB,400,38.131614985756414,0.01199760047990402,0.004799040191961607,29.54012732094675,6.37074549691694,40.05071439521697,1.348584348404348,0.04791673353246713,false,0.0005748858252245607
SEG_43_242_243_AB,430,37.422566125886135,0.01007705986959099,0.004149377593360996,29.54012732094675,6.37074549691694,40.05071439521697,1.2372867208012024,0.06562050912242157,false,0.0006612617990996839
SEG_43_242_243_AB,500,36.852323330553446,0.004011231448054553,0.0,29.54012732094675,6.37074549691694,40.05071439521697,1.147777134268723,0.07985852719384928,false,0.00032033103567528795
SEG_43_242_243_AB,530,35.59703907509433,0.008254716981132075,0.0011792452830188679,29.54012732094675,6.37074549691694,40.05071439521697,0.950738301675803,0.11120089584855243,false,0.0009179319232781451
SEG_43_242_243_AB,600,31.27505418867911,0.015976331360946745,0.001183431952662722,29.54012732094675,6.37074549691694,40.05071439521697,0.2723271348026637,0.2191136996943527,false,0.0035006330720399543
SEG_43_242_243_AB,630,27.424583670891153,0.06850393700787402,0.015748031496062992,29.54012732094675,6.37074549691694,40.05071439521697,-0.3320715999531597,0.3152535707536264,false,0.02159611075241378
SEG_43_242_243_AB,700,23.197265012764625,0.26148409893992935,0.06890459363957598,29.54012732094675,6.37074549691694,40.05071439521697,-0.9956232455450763,0.42080271568052374,false,0.11003321894119703
SEG_43_242_243_AB,730,20.16341681956884,0.4579732914375491,0.14218381775333858,29.54012732094675,6.37074549691694,40.05071439521697,-1.4718388147691153,0.4965528799162483,true,0.22740795678803832
SEG_43_242_243_AB,800,19.983611790210738,0.5191514437242192,0.15380082498526812,29.54012732094675,6.37074549691694,40.05071439521697,-1.5000623608902275,0.5010423136772495,true,0.26011684051246714
SEG_43_242_243_AB,830,21.677899137215608,0.37658227848101267,0.10126582278481013,29.54012732094675,6.37074549691694,40.05071439521697,-1.2341143100969878,0.45873876497432775,true,0.1727528893415981
SEG_43_242_243_AB,900,24.3673279858397,0.19146413752222882,0.02845287492590397,29.54012732094675,6.37074549691694,40.05071439521697,-0.81196138467788,0.3915881812897262,false,0.07497509339453562
SEG_43_242_243_AB,930,24.581960548899477,0.16522423288749016,0.013375295043273014,29.54012732094675,6.37074549691694,40.05071439521697,-0.7782710476264869,0.38622916169916904,false,0.0638144169605236
SEG_43_242_243_AB,1000,26.667489721067213,0.06756756756756757,0.005875440658049354,29.54012732094675,6.37074549691694,40.05071439521697,-0.45091074526045977,0.3341569526597019,false,0.022578172477006886
SEG_43_242_243_AB,1030,27.684164743406665,0.03405754550792719,0.002348796241926013,29.54012732094675,6.37074549691694,40.05071439521697,-0.29132580769994,0.30877226133292573,false,0.010516025341931705
SEG_43_242_243_AB,1100,27.73660880561152,0.033052884615384616,0.002403846153846154,29.54012732094675,6.37074549691694,40.05071439521697,-0.28309379431465637,0.3074628199659793,false,0.010162533111856288
SEG_43_242_243_AB,1130,27.459720868328986,0.03182086034177961,0.0011785503830288745,29.54012732094675,6.37074549691694,40.05071439521697,-0.32655620188007106,0.31437625313349354,false,0.010003722845732853
SEG_43_242_243_AB,1200,27.782879161775117,0.03208556149732621,0.0023767082590612004,29.54012732094675,6.37074549691694,40.05071439521697,-0.2758308521384247,0.30630752581299603,false,0.009828048956566719
SEG_43_242_243_AB,1230,27.861873206822647,0.0375366568914956,0.0005865102639296188,29.54012732094675,6.37074549691694,40.05071439521697,-0.2634313542953923,0.3043351753508289,false,0.011423725057157214
SEG_43_242_243_AB,1300,27.252603085119585,0.04736842105263158,0.005847953216374269,29.54012732094675,6.37074549691694,40.05071439521697,-0.3590669627179721,0.31954764111837647,false,0.015136467210870464
SEG_43_242_243_AB,1330,26.40660023766857,0.06007067137809187,0.0035335689045936395,29.54012732094675,6.37074549691694,40.05071439521697,-0.49186191550025316,0.34067093093295336,false,0.020464331540142072
SEG_43_242_243_AB,1400,26.15519788720263,0.07931844888366628,0.007050528789659225,29.54012732094675,6.37074549691694,40.05071439521697,-0.531323914192181,0.34694803121099393,false,0.027519379678897875
SEG_43_242_243_AB,1430,25.691501463129473,0.0975043528728961,0.011607661056297156,29.54012732094675,6.37074549691694,40.05071439521697,-0.6041091830900763,0.35852576287134436,false,0.03495782249703183
SEG_43_242_243_AB,1500,25.86216688868809,0.090625,0.0109375,29.54012732094675,6.37074549691694,40.05071439521697,-0.5773202577372728,0.3542645298787314,false,0.03210522302026003
SEG_43_242_243_AB,1530,24.73999468531449,0.13622047244094487,0.01968503937007874,29.54012732094675,6.37074549691694,40.05071439521697,-0.7534648241646502,0.3822833110744949,false,0.052074813240856395
SEG_43_242_243_AB,1600,24.395073941842334,0.14725014784151388,0.021289178001182733,29.54012732094675,6.37074549691694,40.05071439521697,-0.8076061713019791,0.3908954107256649,false,0.05755940701992345
SEG_43_242_243_AB,1630,23.6262020901557,0.2082343626286619,0.03167062549485352,29.54012732094675,6.37074549691694,40.05071439521697,-0.9282940644313972,0.4100928673327924,false,0.08539542684760443
SEG_43_242_243_AB,1700,21.9960634752468,0.3390532544378698,0.07396449704142012,29.54012732094675,6.37074549691694,40.05071439521697,-1.1841728490568058,0.45079472844874735,true,0.15284341976398358
SEG_43_242_243_AB,1730,21.169978964004365,0.4324110671936759,0.10118577075098814,29.54012732094675,6.37074549691694,40.05071439521697,-1.3138412703808424,0.4714206904001549,true,0.20384752383311044
SEG_43_242_243_AB,1800,20.729476635814,0.4239520958083832,0.16167664670658682,29.54012732094675,6.37074549691694,40.05071439521697,-1.3829858200106373,0.4824193039041121,true,0.20452267494856968
SEG_43_242_243_AB,1830,21.6927068320949,0.3552941176470588,0.13647058823529412,29.54012732094675,6.37074549691694,40.05071439521697,-1.2317899832365822,0.45836904136008283,true,0.16285582410675883
SEG_43_242_243_AB,1900,24.56790359310755,0.17312206572769953,0.03697183098591549,29.54012732094675,6.37074549691694,40.05071439521697,-0.7804775328484648,0.38658014060189766,false,0.06692555251030505
SEG_43_242_243_AB,1930,26.693200483457634,0.06921241050119331,0.006364359586316627,29.54012732094675,6.37074549691694,40.05071439521697,-0.44687499113986845,0.33351499750912184,false,0.023083376915905805
SEG_43_242_243_AB,2000,28.456832889288744,0.02510460251046025,0.002988643156007173,29.54012732094675,6.37074549691694,40.05071439521697,-0.17004201975769614,0.28948001754777236,false,0.007267280775257883
SEG_43_242_243_AB,2030,29.17457028390471,0.02158273381294964,0.0017985611510791368,29.54012732094675,6.37074549691694,40.05071439521697,-0.0573805745683838,0.27155930363656977,false,0.005860992164818053
SEG_43_242_243_AB,2100,29.501269701077643,0.017251635930993457,0.0,29.54012732094675,6.37074549691694,40.05071439521697,-0.006099383484697401,0.2634021603219939,false,0.004544118173312209
SEG_43_242_243_AB,2130,31.95290282714468,0.010714285714285714,0.0005952380952380953,29.54012732094675,6.37074549691694,40.05071439521697,0.37872734162203947,0.20218894195403833,false,0.0021663100923646965
SEG_43_242_243_AB,2200,32.75571268955766,0.007738095238095238,0.0011904761904761906,29.54012732094675,6.37074549691694,40.05071439521697,0.5047423994832417,0.18214410943267745,false,0.0014094484658480992
SEG_43_242_243_AB,2230,33.63711192705302,0.01061320754716981,0.0,29.54012732094675,6.37074549691694,40.05071439521697,0.6430934351543265,0.16013703038789967,false,0.001699567539494218
SEG_43_242_243_AB,2300,34.43800415085845,0.007669616519174041,0.0005899705014749262,29.54012732094675,6.37074549691694,40.05071439521697,0.7688074860755273,0.1401400781262673,false,0.0010748206581955603
SEG_43_242_243_AB,2330,36.33323819624083,0.0017889087656529517,0.0005963029218843172,29.54012732094675,6.37074549691694,40.05071439521697,1.0662976379423004,0.09281922320516961,false,0.0001660451220128258
SEG_43_242_243_BA,0,32.136984946014564,0.006379585326953748,0.0,27.85302043936758,3.645315584573441,32.784941363295005,1.175197155707515,0.01976384249403819,false,0.000126085119579191
SEG_43_242_243_BA,30,31.388455640661626,0.00468384074941452,0.0,27.85302043936758,3.645315584573441,32.784941363295005,0.9698570999601801,0.04259533995070191,false,0.00019950978899626186
SEG_43_242_243_BA,100,31.637680445223246,0.009615384615384616,0.001201923076923077,27.85302043936758,3.645315584573441,32.784941363295005,1.0382256125839737,0.03499353271243595,false,0.00033647627608111494
SEG_43_242_243_BA,130,32.54331524509972,0.003601440576230492,0.0,27.85302043936758,3.645315584573441,32.784941363295005,1.2866635814964642,0.007370033562597792,false,0.00002654273792052026
SEG_43_242_243_BA,200,32.784941363295005,0.004923076923076923,0.0006153846153846154,27.85302043936758,3.645315584573441,32.784941363295005,1.3529475869795062,0.0,false,0.0
SEG_43_242_243_BA,230,32.760721842711824,0.007897934386391251,0.0,27.85302043936758,3.645315584573441,32.784941363295005,1.3463035749533117,0.000738739176465204,false,5.834513544378889e-6
SEG_43_242_243_BA,300,32.25860419779553,0.009603841536614645,0.0,27.85302043936758,3.645315584573441,32.784941363295005,1.208560316991998,0.01605423537797593,false,0.00015418233256159355
SEG_43_242_243_BA,330,32.32883716299533,0.004828002414001207,0.0,27.85302043936758,3.645315584573441,32.784941363295005,1.22782695209405,0.013912002929805973,false,0.0000671671837286951
SEG_43_242_243_BA,400,32.72697449778525,0.003599280143971206,0.0,27.85302043936758,3.645315584573441,32.784941363295005,1.3370458456446643,0.0017680942255596903,false,6.3638664387271394e-6
SEG_43_242_243_BA,430,32.71870007378518,0.0035566093657379964,0.0,27.85302043936758,3.645315584573441,32.784941363295005,1.3347759669995651,0.002020479121063408,false,7.186054965252192e-6
SEG_43_242_243_BA,500,31.8928809845504,0.003208985158443642,0.0,27.85302043936758,3.645315584573441,32.784941363295005,1.1082334166838799,0.02720945475727857,false,0.00008731473648545068
SEG_43_242_243_BA,530,30.84806942076736,0.007075471698113208,0.0,27.85302043936758,3.645315584573441,32.784941363295005,0.8216158277419067,0.05907809689408524,false,0.0004180054025524899
SEG_43_242_243_BA,600,29.968993531555558,0.013609467455621301,0.0,27.85302043936758,3.645315584573441,32.784941363295005,0.5804636232710646,0.08589150123941029,false,0.001168937590832211
SEG_43_242_243_BA,630,29.273189924694762,0.013385826771653543,0.0007874015748031496,27.85302043936758,3.645315584573441,32.784941363295005,0.38958752743855085,0.10711476954269894,false,0.001433819749784159
SEG_43_242_243_BA,700,27.92132007691825,0.04240282685512368,0.0076560659599528855,27.85302043936758,3.645315584573441,32.784941363295005,0.01873627562993612,0.14834924462673932,false,0.006290427333996014
SEG_43_242_243_BA,730,26.65009343224911,0.07855459544383346,0.00864100549882168,27.85302043936758,3.645315584573441,32.784941363295005,-0.3299925559831138,0.18712395618051272,false,0.014699446675609797
SEG_43_242_243_BA,800,26.081510268051414,0.10135533294048321,0.013553329404832056,27.85302043936758,3.645315584573441,32.784941363295005,-0.4859689456827811,0.2044667709166179,false,0.02072379764151932
SEG_43_242_243_BA,830,25.232143538239683,0.13449367088607594,0.00949367088607595,27.85302043936758,3.645315584573441,32.784941363295005,-0.7189711947627109,0.23037399217407775,false,0.030983843884171847
SEG_43_242_243_BA,900,25.30437930764548,0.08654416123295791,0.0023710729104919974,27.85302043936758,3.645315584573441,32.784941363295005,-0.6991551410549084,0.22817067057574575,false,0.019746839302939467
SEG_43_242_243_BA,930,25.855099873839045,0.04799370574350905,0.003147128245476003,27.85302043936758,3.645315584573441,32.784941363295005,-0.5480789026836267,0.21137269738156048,false,0.010144559040342399
SEG_43_242_243_BA,1000,26.319087049889042,0.03407755581668625,0.0035252643948296123,27.85302043936758,3.645315584573441,32.784941363295005,-0.42079577306556626,0.19722024943576477,false,0.006720784058328059
SEG_43_242_243_BA,1030,26.756831996798923,0.017615971814445096,0.0005871990604815032,27.85302043936758,3.645315584573441,32.784941363295005,-0.3007115343339823,0.18386823693529508,false,0.0032390176794238707
SEG_43_242_243_BA,1100,26.853125297732177,0.02283653846153846,0.0006009615384615385,27.85302043936758,3.645315584573441,32.784941363295005,-0.27429590619447175,0.18093111711963905,false,0.004131840414991757
SEG_43_242_243_BA,1130,26.230478665315225,0.024749558043606363,0.0017678255745433118,27.85302043936758,3.645315584573441,32.784941363295005,-0.44510323904980026,0.19992296540502438,false,0.004948005036541558
SEG_43_242_243_BA,1200,26.639606700888702,0.021984551396316103,0.0005941770647653001,27.85302043936758,3.645315584573441,32.784941363295005,-0.3328693251179419,0.18744382045125227,false,0.004120868304632403
SEG_43_242_243_BA,1230,27.364433563044667,0.010557184750733138,0.0011730205278592375,27.85302043936758,3.645315584573441,32.784941363295005,-0.13403143431272632,0.16533529037568964,false,0.0017454752063122661
SEG_43_242_243_BA,1300,27.208310393998154,0.023391812865497075,0.0011695906432748538,27.85302043936758,3.645315584573441,32.784941363295005,-0.17685987136415973,0.17009732936537358,false,0.003978884897435639
SEG_43_242_243_BA,1330,26.18734041231067,0.038869257950530034,0.002355712603062426,27.85302043936758,3.645315584573441,32.784941363295005,-0.45693712613137677,0.20123876013305306,false,0.007822001277256478
SEG_43_242_243_BA,1400,26.037514592511325,0.03936545240893067,0.004112808460634548,27.85302043936758,3.645315584573441,32.784941363295005,-0.4980380449196958,0.2058087185825468,false,0.008101753316704251
SEG_43_242_243_BA,1430,25.33269714840283,0.06500290191526407,0.00522344747533372,27.85302043936758,3.645315584573441,32.784941363295005,-0.6913868586935163,0.22730692522254975,false,0.014775609764901667
SEG_43_242_243_BA,1500,25.218767711557764,0.07890625,0.008203125,27.85302043936758,3.645315584573441,32.784941363295005,-0.7226405140223449,0.23078197907677495,false,0.018210140536526774
SEG_43_242_243_BA,1530,24.597083200817824,0.10551181102362205,0.008661417322834646,27.85302043936758,3.645315584573441,32.784941363295005,-0.8931839131647503,0.24974448091110665,false,0.026350992474085268
SEG_43_242_243_BA,1600,24.037697562430306,0.13719692489651095,0.012418687167356593,27.85302043936758,3.645315584573441,32.784941363295005,-1.046637194618563,0.2668067544771588,true,0.03660506625588459
SEG_43_242_243_BA,1630,22.544779725866245,0.25336500395882816,0.030087094220110848,27.85302043936758,3.645315584573441,32.784941363295005,-1.4561813896073093,0.3123434482909682,true,0.0791368990127552
SEG_43_242_243_BA,1700,22.875642609586027,0.20059171597633135,0.020710059171597635,27.85302043936758,3.645315584573441,32.784941363295005,-1.3654175377422044,0.3022515320037485,true,0.06062915346110694
SEG_43_242_243_BA,1730,21.873826482676197,0.27035573122529644,0.02450592885375494,27.85302043936758,3.645315584573441,32.784941363295005,-1.640240417590907,0.3328087355628017,true,0.08997674906124757
SEG_43_242_243_BA,1800,18.895538044571882,0.6245508982035928,0.14850299401197606,27.85302043936758,3.645315584573441,32.784941363295005,-2.457258414800282,0.42365191887374437,true,0.26459218645827265
SEG_43_242_243_BA,1830,19.21998190347039,0.5874509803921568,0.16156862745098038,27.85302043936758,3.645315584573441,32.784941363295005,-2.3682554598101797,0.4137557944517637,true,0.2430612470936243
SEG_43_242_243_BA,1900,23.181747221809754,0.2623239436619718,0.031103286384976527,27.85302043936758,3.645315584573441,32.784941363295005,-1.2814454905704515,0.29291478777011587,true,0.0768385622847663
SEG_43_242_243_BA,1930,26.958102298039634,0.0405727923627685,0.006364359586316627,27.85302043936758,3.645315584573441,32.784941363295005,-0.24549812507732852,0.17772912876943306,false,0.007210967038377953
SEG_43_242_243_BA,2000,28.195791276311486,0.011356843992827256,0.0,27.85302043936758,3.645315584573441,32.784941363295005,0.09403049722072707,0.1399773766904274,false,0.0015897012295983985
SEG_43_242_243_BA,2030,29.060496737558214,0.00539568345323741,0.001199040767386091,27.85302043936758,3.645315584573441,32.784941363295005,0.33124053876172926,0.11360229638557665,false,0.0006129620308574279
SEG_43_242_243_BA,2100,28.75959910172373,0.010707911957168352,0.000594883997620464,27.85302043936758,3.645315584573441,32.784941363295005,0.24869689367710368,0.12278021842302035,false,0.0013147197689556017
SEG_43_242_243_BA,2130,30.118390862356765,0.002380952380952381,0.0005952380952380953,27.85302043936758,3.645315584573441,32.784941363295005,0.6214469969557573,0.08133461247924104,false,0.0001936538392362882
SEG_43_242_243_BA,2200,30.732559158218674,0.005357142857142857,0.0,27.85302043936758,3.645315584573441,32.784941363295005,0.789928512921343,0.06260136879104239,false,0.0003353644756662985
SEG_43_242_243_BA,2230,30.897440298527442,0.001768867924528302,0.0,27.85302043936758,3.645315584573441,32.784941363295005,0.8351594775616958,0.05757219583990928,false,0.00010183761056587727
SEG_43_242_243_BA,2300,31.140281875990222,0.005309734513274336,0.0005899705014749262,27.85302043936758,3.645315584573441,32.784941363295005,0.9017769135089313,0.05016508857161146,false,0.00026636330215014934
SEG_43_242_243_BA,2330,31.39493342336123,0.0035778175313059034,0.0,27.85302043936758,3.645315584573441,32.784941363295005,0.9716341155708499,0.04239775586391573,false,0.00015169143421794537
SEG_44_243_244_AB,0,45.4065258490433,0.0,0.0,40.63860636523235,3.3038451010520244,46.384247534780066,1.443142562068884,0.02107874413622098,false,0.0
SEG_44_243_244_AB,30,45.5448208163918,0.0,0.0,40.63860636523235,3.3038451010520244,46.384247534780066,1.4850013548144834,0.018097236950084066,false,0.0
SEG_44_243_244_AB,100,45.9813195905558,0.0,0.0,40.63860636523235,3.3038451010520244,46.384247534780066,1.6171197686060406,0.008686740987274642,false,0.0
SEG_44_243_244_AB,130,46.183794128153764,0.0,0.0,40.63860636523235,3.3038451010520244,46.384247534780066,1.6784042814706093,0.00432158366859346,false,0.0
SEG_44_243_244_AB,200,46.384247534780066,0.0,0.0,40.63860636523235,3.3038451010520244,46.384247534780066,1.739077043205859,0.0,false,0.0
SEG_44_243_244_AB,230,46.09029733190375,0.0,0.0,40.63860636523235,3.3038451010520244,46.384247534780066,1.6501048929126396,0.006337285145261999,false,0.0
SEG_44_243_244_AB,300,45.88310219697432,0.0,0.0,40.63860636523235,3.3038451010520244,46.384247534780066,1.5873915608428486,0.010804214026108197,false,0.0
SEG_44_243_244_AB,330,45.89578495418906,0.0,0.0,40.63860636523235,3.3038451010520244,46.384247534780066,1.5912303477189955,0.010530785914436649,false,0.0
SEG_44_243_244_AB,400,45.342068586043645,0.0,0.0,40.63860636523235,3.3038451010520244,46.384247534780066,1.4236327905668458,0.02246838105878443,false,0.0
SEG_44_243_244_AB,430,44.867381847953766,0.0,0.0,40.63860636523235,3.3038451010520244,46.384247534780066,1.2799557344183214,0.032702172988554275,false,0.0
SEG_44_243_244_AB,500,44.7716760646391,0.0,0.0,40.63860636523235,3.3038451010520244,46.384247534780066,1.2509877348943157,0.03476549811294917,false,0.0
SEG_44_243_244_AB,530,44.13934482823685,0.0,0.0,40.63860636523235,3.3038451010520244,46.384247534780066,1.0595952158561497,0.04839795460430679,false,0.0
SEG_44_243_244_AB,600,41.996761787431474,0.0,0.0,40.63860636523235,3.3038451010520244,46.384247534780066,0.4110832622772344,0.0945899951068247,false,0.0
SEG_44_243_244_AB,630,39.82915737898505,0.0,0.0,40.63860636523235,3.3038451010520244,46.384247534780066,-0.24500209952020713,0.14132147235717996,false,0.0
SEG_44_243_244_AB,700,37.99940955080501,0.0005889281507656066,0.0,40.63860636523235,3.3038451010520244,46.384247534780066,-0.7988258328415433,0.18076908497195934,false,0.00010646000292812681
SEG_44_243_244_AB,730,36.5727947506023,0.003927729772191673,0.0,40.63860636523235,3.3038451010520244,46.384247534780066,-1.2306302172990486,0.21152553518995637,true,0.000830815142144369
SEG_44_243_244_AB,800,36.28879963479828,0.0058927519151443725,0.0,40.63860636523235,3.3038451010520244,46.384247534780066,-1.3165891854460683,0.21764819818219464,true,0.0012825468366658493
SEG_44_243_244_AB,830,36.56863711459594,0.0031645569620253164,0.0,40.63860636523235,3.3038451010520244,46.384247534780066,-1.231888640705472,0.2116151698445499,true,0.0006696682590017402
SEG_44_243_244_AB,900,37.72493416007708,0.0023710729104919974,0.0011855364552459987,40.63860636523235,3.3038451010520244,46.384247534780066,-0.8819033931788998,0.18668651179929163,false,0.00044264733088154504
SEG_44_243_244_AB,930,38.35641538807597,0.0,0.0,40.63860636523235,3.3038451010520244,46.384247534780066,-0.6907681526684378,0.17307238067588837,false,0.0
SEG_44_243_244_AB,1000,38.43463443187199,0.0,0.0,40.63860636523235,3.3038451010520244,46.384247534780066,-0.6670929979915097,0.1713860529255596,false,0.0
SEG_44_243_244_AB,1030,38.50701452107954,0.0,0.0,40.63860636523235,3.3038451010520244,46.384247534780066,-0.6451851642421305,0.16982560744989944,false,0.0
SEG_44_243_244_AB,1100,38.73005019264261,0.0,0.0,40.63860636523235,3.3038451010520244,46.384247534780066,-0.5776772561104666,0.16501717175422861,false,0.0
SEG_44_243_244_AB,1130,38.85001944984917,0.0,0.0,40.63860636523235,3.3038451010520244,46.384247534780066,-0.541365245850554,0.162430749346134,false,0.0
SEG_44_243_244_AB,1200,38.91330923734566,0.0,0.0,40.63860636523235,3.3038451010520244,46.384247534780066,-0.5222088430651045,0.16106628207846882,false,0.0
SEG_44_243_244_AB,1230,38.98866580793182,0.0,0.0,40.63860636523235,3.3038451010520244,46.384247534780066,-0.49940009499087923,0.1594416665119523,false,0.0
SEG_44_243_244_AB,1300,38.73509686473227,0.0,0.0,40.63860636523235,3.3038451010520244,46.384247534780066,-0.5761497413707304,0.16490837033223987,false,0.0
SEG_44_243_244_AB,1330,38.65660380274036,0.0,0.0,40.63860636523235,3.3038451010520244,46.384247534780066,-0.5999078352253483,0.16660060565271279,false,0.0
SEG_44_243_244_AB,1400,38.708235417605835,0.0,0.0,40.63860636523235,3.3038451010520244,46.384247534780066,-0.5842801004840805,0.16548747743333694,false,0.0
SEG_44_243_244_AB,1430,38.75789604294052,0.0,0.0,40.63860636523235,3.3038451010520244,46.384247534780066,-0.5692489401797203,0.16441684186255506,false,0.0
SEG_44_243_244_AB,1500,38.790379768914036,0.0,0.0,40.63860636523235,3.3038451010520244,46.384247534780066,-0.5594168430383714,0.16371652380847523,false,0.0
SEG_44_243_244_AB,1530,38.63759048833064,0.0,0.0,40.63860636523235,3.3038451010520244,46.384247534780066,-0.6056627401401291,0.16701051452092203,false,0.0
SEG_44_243_244_AB,1600,38.58462964058795,0.0,0.0,40.63860636523235,3.3038451010520244,46.384247534780066,-0.621692803936348,0.16815229972942364,false,0.0
SEG_44_243_244_AB,1630,38.31809161358769,0.0,0.0,40.63860636523235,3.3038451010520244,46.384247534780066,-0.7023679018443542,0.17389860458864123,false,0.0
SEG_44_243_244_AB,1700,37.855512197505576,0.0,0.0,40.63860636523235,3.3038451010520244,46.384247534780066,-0.8423803424805141,0.18387137423927016,false,0.0
SEG_44_243_244_AB,1730,37.01948759504267,0.0,0.0,40.63860636523235,3.3038451010520244,46.384247534780066,-1.0954262864918407,0.20189526482488404,true,0.0
SEG_44_243_244_AB,1800,36.78427351502817,0.0,0.0,40.63860636523235,3.3038451010520244,46.384247534780066,-1.1666203264120545,0.20696625535541127,true,0.0
SEG_44_243_244_AB,1830,36.73450134466874,0.0,0.0,40.63860636523235,3.3038451010520244,46.384247534780066,-1.1816852488999692,0.20803929573020888,true,0.0
SEG_44_243_244_AB,1900,37.417306405190054,0.0,0.0,40.63860636523235,3.3038451010520244,46.384247534780066,-0.9750154324779193,0.19331867188028384,false,0.0
SEG_44_243_244_AB,1930,38.53708669080082,0.0,0.0,40.63860636523235,3.3038451010520244,46.384247534780066,-0.6360829912281161,0.16917728024142786,false,0.0
SEG_44_243_244_AB,2000,39.21859043394797,0.0,0.0,40.63860636523235,3.3038451010520244,46.384247534780066,-0.4298070544627554,0.1544847115490901,false,0.0
SEG_44_243_244_AB,2030,40.05326196070044,0.0,0.0,40.63860636523235,3.3038451010520244,46.384247534780066,-0.17717065619859768,0.13648999198127545,false,0.0
SEG_44_243_244_AB,2100,40.52759630930389,0.0,0.0,40.63860636523235,3.3038451010520244,46.384247534780066,-0.03360026046412166,0.12626379723169412,false,0.0
SEG_44_243_244_AB,2130,41.547100181300685,0.0,0.0,40.63860636523235,3.3038451010520244,46.384247534780066,0.2749807537220949,0.10428426913366153,false,0.0
SEG_44_243_244_AB,2200,42.12619665104393,0.0,0.0,40.63860636523235,3.3038451010520244,46.384247534780066,0.45026029983605864,0.09179950328057702,false,0.0
SEG_44_243_244_AB,2230,42.627802609405066,0.0,0.0,40.63860636523235,3.3038451010520244,46.384247534780066,0.6020852017363977,0.08098535871598055,false,0.0
SEG_44_243_244_AB,2300,42.839862609050215,0.0,0.0,40.63860636523235,3.3038451010520244,46.384247534780066,0.6662710195211431,0.07641354800618859,false,0.0
SEG_44_243_244_AB,2330,43.92503625376815,0.0,0.0,40.63860636523235,3.3038451010520244,46.384247534780066,0.9947288047763864,0.05301824243603261,false,0.0
SEG_44_243_244_BA,0,42.012300466366284,0.0,0.0,37.96965537224962,3.6899431851823863,42.9274171297777,1.0955846448667867,0.021317766700121903,false,0.0
SEG_44_243_244_BA,30,42.297544286013185,0.0,0.0,37.96965537224962,3.6899431851823863,42.9274171297777,1.1728876832421058,0.014672973262292766,false,0.0
SEG_44_243_244_BA,100,42.613086366990565,0.0,0.0,37.96965537224962,3.6899431851823863,42.9274171297777,1.258401758972186,0.007322377720440417,false,0.0
SEG_44_243_244_BA,130,42.692595788074726,0.0,0.0,37.96965537224962,3.6899431851823863,42.9274171297777,1.279949359326426,0.005470194980356402,false,0.0
SEG_44_243_244_BA,200,42.68000903282404,0.0,0.0,37.96965537224962,3.6899431851823863,42.9274171297777,1.2765382620224806,0.005763405149806742,false,0.0
SEG_44_243_244_BA,230,42.75087796735761,0.0,0.0,37.96965537224962,3.6899431851823863,42.9274171297777,1.2957442310515317,0.0041125037149656665,false,0.0
SEG_44_243_244_BA,300,42.782594333162066,0.0,0.0,37.96965537224962,3.6899431851823863,42.9274171297777,1.3043395844791452,0.0033736666750251603,false,0.0
SEG_44_243_244_BA,330,42.9274171297777,0.0,0.0,37.96965537224962,3.6899431851823863,42.9274171297777,1.3435875591355564,0.0,false,0.0
SEG_44_243_244_BA,400,42.57998557613932,0.0,0.0,37.96965537224962,3.6899431851823863,42.9274171297777,1.2494312168282948,0.008093465129477243,false,0.0
SEG_44_243_244_BA,430,42.21732222837991,0.0,0.0,37.96965537224962,3.6899431851823863,42.9274171297777,1.151146953478185,0.016541756967372086,false,0.0
SEG_44_243_244_BA,500,41.79668441624474,0.0,0.0,37.96965537224962,3.6899431851823863,42.9274171297777,1.037151211260711,0.026340571810191737,false,0.0
SEG_44_243_244_BA,530,41.19373874419948,0.0,0.0,37.96965537224962,3.6899431851823863,42.9274171297777,0.8737487842351426,0.04038627295783916,false,0.0
SEG_44_243_244_BA,600,39.8638584256845,0.0,0.0,37.96965537224962,3.6899431851823863,42.9274171297777,0.5133420647345962,0.07136601521660356,false,0.0
SEG_44_243_244_BA,630,38.45825524844287,0.0,0.0,37.96965537224962,3.6899431851823863,42.9274171297777,0.1324139293405131,0.10410973173214015,false,0.0
SEG_44_243_244_BA,700,37.2440405792815,0.0,0.0,37.96965537224962,3.6899431851823863,42.9274171297777,-0.19664660309187135,0.1323950270130224,false,0.0
SEG_44_243_244_BA,730,36.43900734681363,0.0,0.0,37.96965537224962,3.6899431851823863,42.9274171297777,-0.41481614990240834,0.15114838526968394,false,0.0
SEG_44_243_244_BA,800,35.97408973203584,0.0,0.0,37.96965537224962,3.6899431851823863,42.9274171297777,-0.5408120234011515,0.16197870411631418,false,0.0
SEG_44_243_244_BA,830,35.346135014980895,0.0007911392405063291,0.0,37.96965537224962,3.6899431851823863,42.9274171297777,-0.7109920737543954,0.1766069943569434,false,0.00013972072338365777
SEG_44_243_244_BA,900,35.75441602759219,0.0,0.0,37.96965537224962,3.6899431851823863,42.9274171297777,-0.6003451092561827,0.16709603283375216,false,0.0
SEG_44_243_244_BA,930,35.65687820098468,0.0,0.0,37.96965537224962,3.6899431851823863,42.9274171297777,-0.626778531591571,0.16936818972389625,false,0.0
SEG_44_243_244_BA,1000,36.325592292914735,0.0,0.0,37.96965537224962,3.6899431851823863,42.9274171297777,-0.4455524101121416,0.15379040432142474,false,0.0
SEG_44_243_244_BA,1030,36.54489266478512,0.0,0.0,37.96965537224962,3.6899431851823863,42.9274171297777,-0.38612049995400655,0.14868177243687888,false,0.0
SEG_44_243_244_BA,1100,36.59390234987116,0.0,0.0,37.96965537224962,3.6899431851823863,42.9274171297777,-0.37283853797615063,0.14754008518050668,false,0.0
SEG_44_243_244_BA,1130,36.84098184435099,0.0,0.0,37.96965537224962,3.6899431851823863,42.9274171297777,-0.30587829439515857,0.14178433486986333,false,0.0
SEG_44_243_244_BA,1200,36.68937802511362,0.0,0.0,37.96965537224962,3.6899431851823863,42.9274171297777,-0.3469639728538851,0.1453159663858953,false,0.0
SEG_44_243_244_BA,1230,36.27875084876138,0.0,0.0,37.96965537224962,3.6899431851823863,42.9274171297777,-0.45824676387386104,0.1548815821114078,false,0.0
SEG_44_243_244_BA,1300,36.17298879766468,0.0,0.0,37.96965537224962,3.6899431851823863,42.9274171297777,-0.486909007650787,0.15734532342565843,false,0.0
SEG_44_243_244_BA,1330,36.689382292324304,0.0,0.0,37.96965537224962,3.6899431851823863,42.9274171297777,-0.34696281641041965,0.14531586698064405,false,0.0
SEG_44_243_244_BA,1400,36.83908008097047,0.0,0.0,37.96965537224962,3.6899431851823863,42.9274171297777,-0.3063936853605697,0.14182863670555904,false,0.0
SEG_44_243_244_BA,1430,36.583620907553104,0.0,0.0,37.96965537224962,3.6899431851823863,42.9274171297777,-0.3756248796085476,0.14777959277275177,false,0.0
SEG_44_243_244_BA,1500,36.4102070118133,0.00078125,0.0,37.96965537224962,3.6899431851823863,42.9274171297777,-0.4226212389119049,0.15181929297683214,false,0.00011860882263815012
SEG_44_243_244_BA,1530,36.34282960257059,0.0007874015748031496,0.0,37.96965537224962,3.6899431851823863,42.9274171297777,-0.4408809805559701,0.1533888588568154,false,0.0001207786290211145
SEG_44_243_244_BA,1600,35.9076483776864,0.0,0.0,37.96965537224962,3.6899431851823863,42.9274171297777,-0.5588180877265455,0.1635264644706951,false,0.0
SEG_44_243_244_BA,1630,34.33774060635754,0.003167062549485352,0.0,37.96965537224962,3.6899431851823863,42.9274171297777,-0.9842738989794388,0.2000976787737297,false,0.0006337218646832294
SEG_44_243_244_BA,1700,32.46684600209399,0.016568047337278107,0.000591715976331361,37.96965537224962,3.6899431851823863,42.9274171297777,-1.4912992135632677,0.24368042214278648,true,0.004037308769229598
SEG_44_243_244_BA,1730,30.14060607843691,0.0932806324110672,0.010276679841897233,37.96965537224962,3.6899431851823863,42.9274171297777,-2.121726243713353,0.29787049644016184,true,0.027785548284536835
SEG_44_243_244_BA,1800,28.034281326917636,0.1658682634730539,0.04311377245508982,37.96965537224962,3.6899431851823863,42.9274171297777,-2.6925547486013386,0.34693761699743775,true,0.05754594006484447
SEG_44_243_244_BA,1830,28.56637825486148,0.12862745098039216,0.050980392156862744,37.96965537224962,3.6899431851823863,42.9274171297777,-2.548352818858742,0.3345423469457779,true,0.04303132933263339
SEG_44_243_244_BA,1900,33.699214388907826,0.02992957746478873,0.00528169014084507,37.96965537224962,3.6899431851823863,42.9274171297777,-1.1573188987002556,0.2149722335488127,true,0.006434028116777845
SEG_44_243_244_BA,1930,37.849216393809414,0.003977724741447892,0.0007955449482895784,37.96965537224962,3.6899431851823863,42.9274171297777,-0.03263979210407607,0.1182973743939899,false,0.0004705543929752979
SEG_44_243_244_BA,2000,39.40014669408904,0.0,0.0,37.96965537224962,3.6899431851823863,42.9274171297777,0.38767299387801085,0.08216824285106783,false,0.0
SEG_44_243_244_BA,2030,40.09282071321858,0.0,0.0,37.96965537224962,3.6899431851823863,42.9274171297777,0.5753924205377748,0.06603230769719039,false,0.0
SEG_44_243_244_BA,2100,39.42946233245611,0.0,0.0,37.96965537224962,3.6899431851823863,42.9274171297777,0.39561773364657843,0.08148533108215225,false,0.0
SEG_44_243_244_BA,2130,39.28348249222466,0.0,0.0,37.96965537224962,3.6899431851823863,42.9274171297777,0.35605619220668244,0.0848859512450223,false,0.0
SEG_44_243_244_BA,2200,39.67615547258721,0.0,0.0,37.96965537224962,3.6899431851823863,42.9274171297777,0.4624732725398979,0.07573858094842537,false,0.0
SEG_44_243_244_BA,2230,40.163818483129795,0.0,0.0,37.96965537224962,3.6899431851823863,42.9274171297777,0.5946333048409045,0.064378405024766,false,0.0
SEG_44_243_244_BA,2300,40.650056426524365,0.0,0.0,37.96965537224962,3.6899431851823863,42.9274171297777,0.7264071341364731,0.05305142623345924,false,0.0
SEG_44_243_244_BA,2330,41.253140194641496,0.0,0.0,37.96965537224962,3.6899431851823863,42.9274171297777,0.8898469861479943,0.03900250811910136,false,0.0
SEG_45_233_245_AB,0,45.74985439995602,0.0,0.0,39.693463398021876,5.126866191545443,48.54959553393781,1.1813046753436929,0.05766765105230746,false,0.0
SEG_45_233_245_AB,30,46.590780071005746,0.0,0.0,39.693463398021876,5.126866191545443,48.54959553393781,1.3453280064843551,0.04034668963540154,false,0.0
SEG_45_233_245_AB,100,46.9702644786335,0.0,0.0,39.693463398021876,5.126866191545443,48.54959553393781,1.4193467917324574,0.03253026184739897,false,0.0
SEG_45_233_245_AB,130,47.730670964394484,0.0,0.0,39.693463398021876,5.126866191545443,48.54959553393781,1.5676647811925575,0.016867793861863815,false,0.0
SEG_45_233_245_AB,200,47.402919380643745,0.0,0.0,39.693463398021876,5.126866191545443,48.54959553393781,1.5037365311650408,0.023618655123347033,false,0.0
SEG_45_233_245_AB,230,47.61953385549972,0.0,0.0,39.693463398021876,5.126866191545443,48.54959553393781,1.5459873851493295,0.01915693978929132,false,0.0
SEG_45_233_245_AB,300,48.09180886447749,0.0,0.0,39.693463398021876,5.126866191545443,48.54959553393781,1.638105063148531,0.009429258151910048,false,0.0
SEG_45_233_245_AB,330,48.54959553393781,0.0,0.0,39.693463398021876,5.126866191545443,48.54959553393781,1.727396777103391,0.0,false,0.0
SEG_45_233_245_AB,400,47.82463567792714,0.0,0.0,39.693463398021876,5.126866191545443,48.54959553393781,1.5859926856125346,0.014932356243913484,false,0.0
SEG_45_233_245_AB,430,46.85923639378028,0.0,0.0,39.693463398021876,5.126866191545443,48.54959553393781,1.3976906609295279,0.03481716215279104,false,0.0
SEG_45_233_245_AB,500,46.04921638671264,0.0,0.0,39.693463398021876,5.126866191545443,48.54959553393781,1.239695508178434,0.05150154434298686,false,0.0
SEG_45_233_245_AB,530,45.10063850795596,0.0,0.0,39.693463398021876,5.126866191545443,48.54959553393781,1.0546745141995109,0.07103987145620833,false,0.0
SEG_45_233_245_AB,600,43.628656841162176,0.0,0.0,39.693463398021876,5.126866191545443,48.54959553393781,0.7675631265020542,0.10135900492385633,false,0.0
SEG_45_233_245_AB,630,40.3363939268149,0.0,0.0,39.693463398021876,5.126866191545443,48.54959553393781,0.12540419522812205,0.1691713703645915,false,0.0
SEG_45_233_245_AB,700,37.24886118606924,0.004711425206124852,0.0017667844522968198,39.693463398021876,5.126866191545443,48.54959553393781,-0.47682192603036,0.23276680729438773,false,0.0010966634030359845
SEG_45_233_245_AB,730,32.693464283909655,0.0816967792615868,0.04241948153967007,39.693463398021876,5.126866191545443,48.54959553393781,-1.3653563117476526,0.3265965673997054,true,0.026681887674445688
SEG_45_233_245_AB,800,30.87135767854488,0.14142604596346495,0.07012374779021803,39.693463398021876,5.126866191545443,48.54959553393781,-1.7207598930561636,0.36412739716925646,true,0.05149709800861612
SEG_45_233_245_AB,830,35.999283824086234,0.05775316455696203,0.0245253164556962,39.693463398021876,5.126866191545443,48.54959553393781,-0.7205531480473588,0.25850496944054835,false,0.01492948003889243
SEG_45_233_245_AB,900,38.706150654492724,0.00889152341434499,0.004149377593360996,39.693463398021876,5.126866191545443,48.54959553393781,-0.1925762652353399,0.20275029629369798,false,0.0018027590067608
SEG_45_233_245_AB,930,35.51273188201031,0.004720692368214005,0.0015735641227380016,39.693463398021876,5.126866191545443,48.54959553393781,-0.8154555550729771,0.2685267201209595,false,0.0012676320383365517
SEG_45_233_245_AB,1000,34.346400078035195,0.010575793184488837,0.0023501762632197414,39.693463398021876,5.126866191545443,48.54959553393781,-1.0429496538849323,0.2925502323901772,true,0.0030939507538326615
SEG_45_233_245_AB,1030,35.1244689135901,0.011743981209630064,0.007046388725778039,39.693463398021876,5.126866191545443,48.54959553393781,-0.8911866067357803,0.2765239642617227,false,0.0032474922403020866
SEG_45_233_245_AB,1100,35.17484284583914,0.0078125,0.004206730769230769,39.693463398021876,5.126866191545443,48.54959553393781,-0.8813611245860593,0.2754863874972814,false,0.002152237402322511
SEG_45_233_245_AB,1130,35.763780536996585,0.0041249263406010605,0.0011785503830288745,39.693463398021876,5.126866191545443,48.54959553393781,-0.7664882823557225,0.2633557469701989,false,0.0010863230576260415
SEG_45_233_245_AB,1200,36.53601571981509,0.0011883541295306002,0.0,39.693463398021876,5.126866191545443,48.54959553393781,-0.6158630945768852,0.24744963746865456,false,0.0002940577985367256
SEG_45_233_245_AB,1230,36.60129966646767,0.0005865102639296188,0.0,39.693463398021876,5.126866191545443,48.54959553393781,-0.6031294003056683,0.2461049517728295,false,0.00014434308021866833
SEG_45_233_245_AB,1300,36.34140617034074,0.0023391812865497076,0.0,39.693463398021876,5.126866191545443,48.54959553393781,-0.6538218674809401,0.2514581064854214,false,0.0005882060970419213
SEG_45_233_245_AB,1330,35.66250694747969,0.004711425206124852,0.0,39.693463398021876,5.126866191545443,48.54959553393781,-0.786241789807097,0.26544172911697295,false,0.0012506088533190715
SEG_45_233_245_AB,1400,35.36844933257412,0.002937720329024677,0.0005875440658049354,39.693463398021876,5.126866191545443,48.54959553393781,-0.8435979999985177,0.2714985790592142,false,0.000797586895003567
SEG_45_233_245_AB,1430,34.788621343857315,0.004062681369704005,0.0005803830528148578,39.693463398021876,5.126866191545443,48.54959553393781,-0.9566939863289167,0.2834415825454428,false,0.0011515328368067903
SEG_45_233_245_AB,1500,34.754273861900515,0.00390625,0.000390625,39.693463398021876,5.126866191545443,48.54959553393781,-0.9633934945028264,0.2841490545970439,false,0.0011099572445197028
SEG_45_233_245_AB,1530,34.55641743340745,0.004724409448818898,0.0,39.693463398021876,5.126866191545443,48.54959553393781,-1.0019855741672707,0.28822440118473613,true,0.001361690084337336
SEG_45_233_245_AB,1600,34.296404887728954,0.004139562389118865,0.0005913660555884093,39.693463398021876,5.126866191545443,48.54959553393781,-1.0527012620678582,0.2935800080197454,true,0.0012152927593957526
SEG_45_233_245_AB,1630,33.83157638454055,0.003167062549485352,0.0,39.693463398021876,5.126866191545443,48.54959553393781,-1.1433664922146762,0.30315431029922524,true,0.0009601086628637378
SEG_45_233_245_AB,1700,34.702963192385546,0.0017751479289940828,0.0,39.693463398021876,5.126866191545443,48.54959553393781,-0.9734016881240259,0.2852059258016475,false,0.0005062827085236346
SEG_45_233_245_AB,1730,36.389584640326305,0.0,0.0,39.693463398021876,5.126866191545443,48.54959553393781,-0.6444246122795043,0.2504657507416565,false,0.0
SEG_45_233_245_AB,1800,36.080232536904525,0.0011976047904191617,0.0,39.693463398021876,5.126866191545443,48.54959553393781,-0.7047640266242601,0.25683762881848893,false,0.00030758997463292085
SEG_45_233_245_AB,1830,37.4959269696192,0.0,0.0,39.693463398021876,5.126866191545443,48.54959553393781,-0.4286315160763446,0.227677871313917,false,0.0
SEG_45_233_245_AB,1900,38.171298654039305,0.0005868544600938967,0.0,39.693463398021876,5.126866191545443,48.54959553393781,-0.2968996433908742,0.2137669071340404,false,0.00012545006287208944
SEG_45_233_245_AB,1930,38.76800204053794,0.0,0.0,39.693463398021876,5.126866191545443,48.54959553393781,-0.18051209509038668,0.20147631274419597,false,0.0
SEG_45_233_245_AB,2000,39.55924645712991,0.0,0.0,39.693463398021876,5.126866191545443,48.54959553393781,-0.026179138654584034,0.18517866066512015,false,0.0
SEG_45_233_245_AB,2030,40.03571640192626,0.0,0.0,39.693463398021876,5.126866191545443,48.54959553393781,0.06675676546206354,0.17536457386261978,false,0.0
SEG_45_233_245_AB,2100,39.95783425509216,0.0,0.0,39.693463398021876,5.126866191545443,48.54959553393781,0.05156578057493456,0.1769687509103906,false,0.0
SEG_45_233_245_AB,2130,40.090269904374665,0.0,0.0,39.693463398021876,5.126866191545443,48.54959553393781,0.07739747665097056,0.17424090842630793,false,0.0
SEG_45_233_245_AB,2200,41.01010044969727,0.0,0.0,39.693463398021876,5.126866191545443,48.54959553393781,0.2568112766131128,0.15529470433940443,false,0.0
SEG_45_233_245_AB,2230,42.243773295244004,0.0,0.0,39.693463398021876,5.126866191545443,48.54959553393781,0.49744030796586136,0.12988413537422416,false,0.0
SEG_45_233_245_AB,2300,43.14104734932026,0.0,0.0,39.693463398021876,5.126866191545443,48.54959553393781,0.6724544434149048,0.11140253847916802,false,0.0
SEG_45_233_245_AB,2330,44.95772804386489,0.0,0.0,39.693463398021876,5.126866191545443,48.54959553393781,1.0267996957915833,0.07398346887487631,false,0.0
SEG_45_233_245_BA,0,39.72856144364303,0.0,0.0,35.81078072129987,3.934471449115017,42.08468877400377,0.9957578223688441,0.0559853808831337,false,0.0
SEG_45_233_245_BA,30,40.0966450847785,0.0,0.0,35.81078072129987,3.934471449115017,42.08468877400377,1.089311339250575,0.04723912061940472,false,0.0
SEG_45_233_245_BA,100,40.129720196611665,0.0,0.0,35.81078072129987,3.934471449115017,42.08468877400377,1.0977178335563358,0.04645320268115458,false,0.0
SEG_45_233_245_BA,130,40.89407825960581,0.0,0.0,35.81078072129987,3.934471449115017,42.08468877400377,1.2919899417364766,0.028290823790846586,false,0.0
SEG_45_233_245_BA,200,40.95188625126573,0.0,0.0,35.81078072129987,3.934471449115017,42.08468877400377,1.3066826374155665,0.026917212785420253,false,0.0
SEG_45_233_245_BA,230,41.50068645596466,0.0,0.0,35.81078072129987,3.934471449115017,42.08468877400377,1.4461677529632664,0.013876835852944617,false,0.0
SEG_45_233_245_BA,300,41.86974153364552,0.0,0.0,35.81078072129987,3.934471449115017,42.08468877400377,1.5399681737958708,0.005107492691998519,false,0.0
SEG_45_233_245_BA,330,42.02722306210032,0.0,0.0,35.81078072129987,3.934471449115017,42.08468877400377,1.5799942689122108,0.0013654778870302907,false,0.0
SEG_45_233_245_BA,400,42.08468877400377,0.0,0.0,35.81078072129987,3.934471449115017,42.08468877400377,1.594599969486396,0.0,false,0.0
SEG_45_233_245_BA,430,40.92868311432729,0.0,0.0,35.81078072129987,3.934471449115017,42.08468877400377,1.3007852412243566,0.027468556697288916,false,0.0
SEG_45_233_245_BA,500,40.599055569725564,0.0,0.0,35.81078072129987,3.934471449115017,42.08468877400377,1.217005869874268,0.03530103815798924,false,0.0
SEG_45_233_245_BA,530,40.45372082325836,0.0,0.0,35.81078072129987,3.934471449115017,42.08468877400377,1.1800670463634515,0.038754425855535464,false,0.0
SEG_45_233_245_BA,600,39.65521996337448,0.0,0.0,35.81078072129987,3.934471449115017,42.08468877400377,0.9771170770445771,0.057728092600984326,false,0.0
SEG_45_233_245_BA,630,38.655929893103,0.0,0.0,35.81078072129987,3.934471449115017,42.08468877400377,0.7231337699611698,0.08147283443898863,false,0.0
SEG_45_233_245_BA,700,37.2648707428863,0.0,0.0,35.81078072129987,3.934471449115017,42.08468877400377,0.36957696615475516,0.11452664072199892,false,0.0
SEG_45_233_245_BA,730,34.581810174824774,0.0007855459544383347,0.0007855459544383347,35.81078072129987,3.934471449115017,42.08468877400377,-0.312359757179463,0.17828048199357527,false,0.00014004751138536943
SEG_45_233_245_BA,800,34.045910848270815,0.0011785503830288745,0.0,35.81078072129987,3.934471449115017,42.08468877400377,-0.44856593721782617,0.19101431327914703,false,0.00022511999207913615
SEG_45_233_245_BA,830,32.216675804419545,0.0007911392405063291,0.0,35.81078072129987,3.934471449115017,42.08468877400377,-0.9134911673304301,0.23447988465771477,false,0.00018550623786211612
SEG_45_233_245_BA,900,32.90480485872634,0.0011855364552459987,0.0,35.81078072129987,3.934471449115017,42.08468877400377,-0.7385937095126658,0.21812882981204232,false,0.00025859967968232635
SEG_45_233_245_BA,930,33.255407871338996,0.0,0.0,35.81078072129987,3.934471449115017,42.08468877400377,-0.6494831346496762,0.20979793744176936,false,0.0
SEG_45_233_245_BA,1000,34.36874674093467,0.0,0.0,35.81078072129987,3.934471449115017,42.08468877400377,-0.36651275756227947,0.18334321240924412,false,0.0
SEG_45_233_245_BA,1030,34.46359135531359,0.0017615971814445098,0.0,35.81078072129987,3.934471449115017,42.08468877400377,-0.3424066951329144,0.18108955158527462,false,0.0003190068436616699
SEG_45_233_245_BA,1100,34.52704557960108,0.0006009615384615385,0.0,35.81078072129987,3.934471449115017,42.08468877400377,-0.32627893182133594,0.17958177699703323,false,0.00010792174098379402
SEG_45_233_245_BA,1130,34.499912726685174,0.0,0.0,35.81078072129987,3.934471449115017,42.08468877400377,-0.33317511934406097,0.18022649729095316,false,0.0
SEG_45_233_245_BA,1200,34.663731150859256,0.0,0.0,35.81078072129987,3.934471449115017,42.08468877400377,-0.2915384150769785,0.1763339076355136,false,0.0
SEG_45_233_245_BA,1230,35.029887723140774,0.0,0.0,35.81078072129987,3.934471449115017,42.08468877400377,-0.19847468923297007,0.16763343763209282,false,0.0
SEG_45_233_245_BA,1300,34.571886871230724,0.0,0.0,35.81078072129987,3.934471449115017,42.08468877400377,-0.3148819011884841,0.1785162756725386,false,0.0
SEG_45_233_245_BA,1330,33.41873134843335,0.0,0.0,35.81078072129987,3.934471449115017,42.08468877400377,-0.6079722279861933,0.20591710852626036,false,0.0
SEG_45_233_245_BA,1400,33.23140450287841,0.0011750881316098707,0.0,35.81078072129987,3.934471449115017,42.08468877400377,-0.6555839206818083,0.21036829614370683,false,0.00024720128806546044
SEG_45_233_245_BA,1430,32.835271130822775,0.0017411491584445734,0.0005803830528148578,35.81078072129987,3.934471449115017,42.08468877400377,-0.7562666622339778,0.2197810631997468,false,0.00038267161323229275
SEG_45_233_245_BA,1500,32.753516362641605,0.00078125,0.0,35.81078072129987,3.934471449115017,42.08468877400377,-0.7770457603259361,0.22172368819146757,false,0.00017322163139958405
SEG_45_233_245_BA,1530,32.55909269266448,0.0011811023622047244,0.0,35.81078072129987,3.934471449115017,42.08468877400377,-0.8264612084977251,0.22634350778954487,false,0.0002673348517199349
SEG_45_233_245_BA,1600,31.819960438446163,0.0005913660555884093,0.0,35.81078072129987,3.934471449115017,42.08468877400377,-1.0143218306365815,0.24390648082678132,true,0.00014423801349898365
SEG_45_233_245_BA,1630,30.262743496643893,0.0023752969121140144,0.0,35.81078072129987,3.934471449115017,42.08468877400377,-1.4101099210934422,0.2809084639034432,true,0.0006672410068965397
SEG_45_233_245_BA,1700,29.17653233843834,0.004733727810650888,0.0,35.81078072129987,3.934471449115017,42.08468877400377,-1.6861854174475652,0.30671859081298375,true,0.001451922323375071
SEG_45_233_245_BA,1730,28.7280057056734,0.013438735177865613,0.0,35.81078072129987,3.934471449115017,42.08468877400377,-1.8001846263796382,0.3173763061444085,true,0.004265136130003909
SEG_45_233_245_BA,1800,28.369357348507812,0.010778443113772455,0.0,35.81078072129987,3.934471449115017,42.08468877400377,-1.8913400361478954,0.325898368861601,true,0.003512677029645999
SEG_45_233_245_BA,1830,28.561756449369035,0.013333333333333334,0.0,35.81078072129987,3.934471449115017,42.08468877400377,-1.842439160045592,0.3213266562871202,true,0.004284355417161603
SEG_45_233_245_BA,1900,31.072400122008723,0.00528169014084507,0.0,35.81078072129987,3.934471449115017,42.08468877400377,-1.204324560636208,0.26166971819921064,true,0.0013820583707704788
SEG_45_233_245_BA,1930,34.24406779601318,0.0007955449482895784,0.0,35.81078072129987,3.934471449115017,42.08468877400377,-0.3982016251862994,0.18630578498738581,false,0.00014821462608383915
SEG_45_233_245_BA,2000,35.45727514191425,0.0,0.0,35.81078072129987,3.934471449115017,42.08468877400377,-0.08984830210551738,0.15747802407851844,false,0.0
SEG_45_233_245_BA,2030,36.22216867973985,0.0005995203836930455,0.0,35.81078072129987,3.934471449115017,42.08468877400377,0.10455990436339672,0.13930292144361234,false,0.00008351494091343664
SEG_45_233_245_BA,2100,36.050995890570626,0.0,0.0,35.81078072129987,3.934471449115017,42.08468877400377,0.06105398714350477,0.14337026265857128,false,0.0
SEG_45_233_245_BA,2130,36.42183216568673,0.0,0.0,35.81078072129987,3.934471449115017,42.08468877400377,0.15530712378769548,0.13455859537721135,false,0.0
SEG_45_233_245_BA,2200,36.75890859847673,0.0,0.0,35.81078072129987,3.934471449115017,42.08468877400377,0.2409797324593934,0.12654911633365443,false,0.0
SEG_45_233_245_BA,2230,37.746618786557896,0.0,0.0,35.81078072129987,3.934471449115017,42.08468877400377,0.4920198533130681,0.10307953115066294,false,0.0
SEG_45_233_245_BA,2300,37.99201799474509,0.0,0.0,35.81078072129987,3.934471449115017,42.08468877400377,0.5543914352043009,0.09724845064760881,false,0.0
SEG_45_233_245_BA,2330,39.264694758521934,0.0,0.0,35.81078072129987,3.934471449115017,42.08468877400377,0.8778597282740364,0.06700760057001501,false,0.0
